control,recording,seed,origin,primary_action,control_action,complete_return
conditional_factorized,S025/run0017,123003,12,False,True,-5.0
conditional_factorized,S026/run0005,123001,12,False,True,87.0
conditional_factorized,S026/run0005,123002,12,False,True,85.0
conditional_factorized,S026/run0005,123004,12,False,True,87.0
conditional_factorized,S026/run0005,123005,12,False,True,86.0
conditional_marginal,S026/run0005,123001,12,False,True,87.0
conditional_marginal,S026/run0005,123002,12,False,True,85.0
conditional_marginal,S026/run0005,123004,12,False,True,87.0
conditional_marginal,S026/run0005,123005,12,False,True,86.0
conditional_sandwich,S024/run0009,123005,68,True,False,15.0
conditional_sandwich,S026/run0005,123002,68,False,True,-10.0
legacy_factorized,S021/run0015,123003,12,True,False,2.0
legacy_factorized,S024/run0009,123001,68,True,False,17.0
legacy_factorized,S024/run0009,123002,68,True,False,13.0
legacy_factorized,S024/run0009,123003,68,True,False,16.0
legacy_factorized,S024/run0009,123005,68,True,False,15.0
legacy_factorized,S026/run0005,123001,12,False,True,87.0
legacy_factorized,S026/run0005,123002,12,False,True,85.0
legacy_factorized,S026/run0005,123003,68,True,False,-11.0
legacy_factorized,S026/run0005,123004,12,False,True,87.0
legacy_factorized,S026/run0005,123004,20,True,False,0.0
legacy_factorized,S026/run0005,123005,12,False,True,86.0
legacy_factorized,S029/run0008,123003,68,True,False,13.0
legacy_factorized,S029/run0008,123004,68,True,False,27.0
legacy_factorized,S029/run0008,123005,68,True,False,26.0
legacy_sandwich,S021/run0015,123004,12,False,True,-2.0
legacy_sandwich,S024/run0009,123004,68,False,True,9.0
legacy_sandwich,S025/run0017,123003,12,False,True,-5.0
legacy_sandwich,S026/run0005,123001,12,False,True,87.0
legacy_sandwich,S026/run0005,123001,20,False,True,-1.0
legacy_sandwich,S026/run0005,123002,12,False,True,85.0
legacy_sandwich,S026/run0005,123002,20,False,True,-1.0
legacy_sandwich,S026/run0005,123003,68,True,False,-11.0
legacy_sandwich,S026/run0005,123004,12,False,True,87.0
legacy_sandwich,S026/run0005,123005,12,False,True,86.0
legacy_sandwich,S029/run0008,123002,20,False,True,0.0
pdf_MLP,S020/run0001,123002,4,False,True,-13.0
pdf_MLP,S020/run0001,123003,4,False,True,-13.0
pdf_MLP,S020/run0001,123004,4,False,True,-13.0
pdf_MLP,S020/run0007,123001,4,False,True,10.0
pdf_MLP,S020/run0007,123002,4,False,True,13.0
pdf_MLP,S020/run0007,123003,4,False,True,13.0
pdf_MLP,S020/run0007,123004,4,False,True,13.0
pdf_MLP,S020/run0007,123005,4,False,True,10.0
pdf_MLP,S020/run0016,123001,4,False,True,16.0
pdf_MLP,S020/run0016,123002,4,False,True,17.0
pdf_MLP,S020/run0016,123003,4,False,True,17.0
pdf_MLP,S020/run0016,123004,4,False,True,17.0
pdf_MLP,S020/run0016,123005,4,False,True,16.0
pdf_MLP,S021/run0015,123004,12,False,True,-2.0
pdf_MLP,S021/run0021,123001,4,False,True,27.0
pdf_MLP,S021/run0021,123002,4,False,True,31.0
pdf_MLP,S021/run0021,123003,4,False,True,31.0
pdf_MLP,S021/run0021,123004,4,False,True,31.0
pdf_MLP,S021/run0021,123005,4,False,True,27.0
pdf_MLP,S022/run0037,123001,4,False,True,26.0
pdf_MLP,S022/run0037,123002,4,False,True,44.0
pdf_MLP,S022/run0037,123003,4,False,True,44.0
pdf_MLP,S022/run0037,123004,4,False,True,44.0
pdf_MLP,S022/run0037,123005,4,False,True,26.0
pdf_MLP,S022/run0039,123001,4,False,True,19.0
pdf_MLP,S022/run0039,123002,4,False,True,19.0
pdf_MLP,S022/run0039,123003,4,False,True,19.0
pdf_MLP,S022/run0039,123004,4,False,True,19.0
pdf_MLP,S022/run0039,123005,4,False,True,19.0
pdf_MLP,S023/run0002,123002,4,False,True,118.0
pdf_MLP,S023/run0002,123003,4,False,True,118.0
pdf_MLP,S023/run0002,123004,4,False,True,118.0
pdf_MLP,S023/run0004,123001,4,False,True,55.0
pdf_MLP,S023/run0004,123002,4,False,True,54.0
pdf_MLP,S023/run0004,123003,4,False,True,54.0
pdf_MLP,S023/run0004,123004,4,False,True,54.0
pdf_MLP,S023/run0004,123005,4,False,True,55.0
pdf_MLP,S023/run0005,123001,4,False,True,75.0
pdf_MLP,S023/run0005,123002,4,False,True,76.0
pdf_MLP,S023/run0005,123003,4,False,True,76.0
pdf_MLP,S023/run0005,123004,4,False,True,76.0
pdf_MLP,S023/run0005,123004,44,False,True,-12.0
pdf_MLP,S023/run0005,123005,4,False,True,75.0
pdf_MLP,S024/run0009,123001,28,False,True,5.0
pdf_MLP,S024/run0009,123001,68,True,False,17.0
pdf_MLP,S024/run0009,123002,28,False,True,6.0
pdf_MLP,S024/run0009,123002,68,True,False,13.0
pdf_MLP,S024/run0009,123003,28,False,True,6.0
pdf_MLP,S024/run0009,123003,68,True,False,16.0
pdf_MLP,S024/run0009,123005,28,False,True,4.0
pdf_MLP,S024/run0009,123005,68,True,False,15.0
pdf_MLP,S025/run0005,123001,4,False,True,92.0
pdf_MLP,S025/run0005,123002,4,False,True,92.0
pdf_MLP,S025/run0005,123003,4,False,True,92.0
pdf_MLP,S025/run0005,123004,4,False,True,92.0
pdf_MLP,S025/run0005,123005,4,False,True,92.0
pdf_MLP,S025/run0011,123001,4,False,True,73.0
pdf_MLP,S025/run0011,123002,4,False,True,73.0
pdf_MLP,S025/run0011,123003,4,False,True,73.0
pdf_MLP,S025/run0011,123004,4,False,True,73.0
pdf_MLP,S025/run0011,123005,4,False,True,73.0
pdf_MLP,S025/run0016,123001,4,False,True,49.0
pdf_MLP,S025/run0016,123002,4,False,True,49.0
pdf_MLP,S025/run0016,123002,20,False,True,-5.0
pdf_MLP,S025/run0016,123003,4,False,True,49.0
pdf_MLP,S025/run0016,123004,4,False,True,49.0
pdf_MLP,S025/run0016,123004,20,False,True,-1.0
pdf_MLP,S025/run0016,123005,4,False,True,49.0
pdf_MLP,S025/run0016,123005,20,False,True,1.0
pdf_MLP,S025/run0016,123005,28,False,True,3.0
pdf_MLP,S025/run0017,123003,12,False,True,-5.0
pdf_MLP,S025/run0019,123002,4,False,True,36.0
pdf_MLP,S025/run0019,123003,4,False,True,36.0
pdf_MLP,S025/run0019,123004,4,False,True,36.0
pdf_MLP,S026/run0001,123001,4,False,True,3.0
pdf_MLP,S026/run0001,123002,4,False,True,4.0
pdf_MLP,S026/run0001,123003,4,False,True,4.0
pdf_MLP,S026/run0001,123004,4,False,True,4.0
pdf_MLP,S026/run0001,123005,4,False,True,3.0
pdf_MLP,S026/run0004,123001,4,False,True,65.0
pdf_MLP,S026/run0004,123002,4,False,True,69.0
pdf_MLP,S026/run0004,123003,4,False,True,69.0
pdf_MLP,S026/run0004,123004,4,False,True,69.0
pdf_MLP,S026/run0004,123005,4,False,True,65.0
pdf_MLP,S026/run0005,123001,12,False,True,87.0
pdf_MLP,S026/run0005,123001,20,False,True,-1.0
pdf_MLP,S026/run0005,123002,12,False,True,85.0
pdf_MLP,S026/run0005,123002,20,False,True,-1.0
pdf_MLP,S026/run0005,123003,68,True,False,-11.0
pdf_MLP,S026/run0005,123004,12,False,True,87.0
pdf_MLP,S026/run0005,123004,44,False,True,8.0
pdf_MLP,S026/run0005,123005,12,False,True,86.0
pdf_MLP,S026/run0007,123001,4,False,True,22.0
pdf_MLP,S026/run0007,123005,4,False,True,22.0
pdf_MLP,S027/run0013,123002,4,False,True,50.0
pdf_MLP,S027/run0013,123003,4,False,True,50.0
pdf_MLP,S027/run0013,123004,4,False,True,50.0
pdf_MLP,S028/run0009,123001,4,False,True,63.0
pdf_MLP,S028/run0009,123002,4,False,True,66.0
pdf_MLP,S028/run0009,123003,4,False,True,66.0
pdf_MLP,S028/run0009,123004,4,False,True,66.0
pdf_MLP,S028/run0009,123005,4,False,True,63.0
pdf_MLP,S029/run0008,123001,4,False,True,65.0
pdf_MLP,S029/run0008,123001,20,False,True,-1.0
pdf_MLP,S029/run0008,123001,68,True,False,32.0
pdf_MLP,S029/run0008,123002,4,False,True,66.0
pdf_MLP,S029/run0008,123002,20,False,True,0.0
pdf_MLP,S029/run0008,123002,68,False,True,3.0
pdf_MLP,S029/run0008,123003,4,False,True,66.0
pdf_MLP,S029/run0008,123003,20,False,True,-3.0
pdf_MLP,S029/run0008,123003,68,True,False,13.0
pdf_MLP,S029/run0008,123004,4,False,True,66.0
pdf_MLP,S029/run0008,123005,4,False,True,65.0
pdf_MLP,S029/run0008,123005,20,False,True,-2.0
pdf_MLP,S029/run0008,123005,68,True,False,26.0
qmf_MLP,S020/run0001,123002,4,False,True,-13.0
qmf_MLP,S020/run0001,123003,4,False,True,-13.0
qmf_MLP,S020/run0001,123004,4,False,True,-13.0
qmf_MLP,S020/run0007,123001,4,False,True,10.0
qmf_MLP,S020/run0007,123002,4,False,True,13.0
qmf_MLP,S020/run0007,123003,4,False,True,13.0
qmf_MLP,S020/run0007,123004,4,False,True,13.0
qmf_MLP,S020/run0007,123005,4,False,True,10.0
qmf_MLP,S020/run0016,123001,4,False,True,16.0
qmf_MLP,S020/run0016,123002,4,False,True,17.0
qmf_MLP,S020/run0016,123003,4,False,True,17.0
qmf_MLP,S020/run0016,123004,4,False,True,17.0
qmf_MLP,S020/run0016,123005,4,False,True,16.0
qmf_MLP,S021/run0015,123004,12,False,True,-2.0
qmf_MLP,S021/run0021,123001,4,False,True,27.0
qmf_MLP,S021/run0021,123002,4,False,True,31.0
qmf_MLP,S021/run0021,123003,4,False,True,31.0
qmf_MLP,S021/run0021,123004,4,False,True,31.0
qmf_MLP,S021/run0021,123005,4,False,True,27.0
qmf_MLP,S022/run0037,123001,4,False,True,26.0
qmf_MLP,S022/run0037,123002,4,False,True,44.0
qmf_MLP,S022/run0037,123003,4,False,True,44.0
qmf_MLP,S022/run0037,123004,4,False,True,44.0
qmf_MLP,S022/run0037,123005,4,False,True,26.0
qmf_MLP,S022/run0039,123001,4,False,True,19.0
qmf_MLP,S022/run0039,123002,4,False,True,19.0
qmf_MLP,S022/run0039,123003,4,False,True,19.0
qmf_MLP,S022/run0039,123004,4,False,True,19.0
qmf_MLP,S022/run0039,123005,4,False,True,19.0
qmf_MLP,S023/run0002,123002,4,False,True,118.0
qmf_MLP,S023/run0002,123003,4,False,True,118.0
qmf_MLP,S023/run0002,123004,4,False,True,118.0
qmf_MLP,S023/run0004,123001,4,False,True,55.0
qmf_MLP,S023/run0004,123002,4,False,True,54.0
qmf_MLP,S023/run0004,123003,4,False,True,54.0
qmf_MLP,S023/run0004,123004,4,False,True,54.0
qmf_MLP,S023/run0004,123005,4,False,True,55.0
qmf_MLP,S023/run0005,123001,4,False,True,75.0
qmf_MLP,S023/run0005,123002,4,False,True,76.0
qmf_MLP,S023/run0005,123003,4,False,True,76.0
qmf_MLP,S023/run0005,123004,4,False,True,76.0
qmf_MLP,S023/run0005,123005,4,False,True,75.0
qmf_MLP,S024/run0009,123001,28,False,True,5.0
qmf_MLP,S024/run0009,123001,68,True,False,17.0
qmf_MLP,S024/run0009,123002,28,False,True,6.0
qmf_MLP,S024/run0009,123002,68,True,False,13.0
qmf_MLP,S024/run0009,123003,28,False,True,6.0
qmf_MLP,S024/run0009,123003,68,True,False,16.0
qmf_MLP,S024/run0009,123005,28,False,True,4.0
qmf_MLP,S024/run0009,123005,68,True,False,15.0
qmf_MLP,S025/run0005,123001,4,False,True,92.0
qmf_MLP,S025/run0005,123002,4,False,True,92.0
qmf_MLP,S025/run0005,123003,4,False,True,92.0
qmf_MLP,S025/run0005,123004,4,False,True,92.0
qmf_MLP,S025/run0005,123005,4,False,True,92.0
qmf_MLP,S025/run0011,123001,4,False,True,73.0
qmf_MLP,S025/run0011,123002,4,False,True,73.0
qmf_MLP,S025/run0011,123003,4,False,True,73.0
qmf_MLP,S025/run0011,123004,4,False,True,73.0
qmf_MLP,S025/run0011,123005,4,False,True,73.0
qmf_MLP,S025/run0016,123001,4,False,True,49.0
qmf_MLP,S025/run0016,123002,4,False,True,49.0
qmf_MLP,S025/run0016,123002,20,False,True,-5.0
qmf_MLP,S025/run0016,123003,4,False,True,49.0
qmf_MLP,S025/run0016,123004,4,False,True,49.0
qmf_MLP,S025/run0016,123004,20,False,True,-1.0
qmf_MLP,S025/run0016,123005,4,False,True,49.0
qmf_MLP,S025/run0016,123005,20,False,True,1.0
qmf_MLP,S025/run0016,123005,28,False,True,3.0
qmf_MLP,S025/run0017,123003,12,False,True,-5.0
qmf_MLP,S025/run0019,123002,4,False,True,36.0
qmf_MLP,S025/run0019,123003,4,False,True,36.0
qmf_MLP,S025/run0019,123004,4,False,True,36.0
qmf_MLP,S026/run0001,123001,4,False,True,3.0
qmf_MLP,S026/run0001,123002,4,False,True,4.0
qmf_MLP,S026/run0001,123003,4,False,True,4.0
qmf_MLP,S026/run0001,123004,4,False,True,4.0
qmf_MLP,S026/run0001,123005,4,False,True,3.0
qmf_MLP,S026/run0004,123001,4,False,True,65.0
qmf_MLP,S026/run0004,123002,4,False,True,69.0
qmf_MLP,S026/run0004,123003,4,False,True,69.0
qmf_MLP,S026/run0004,123004,4,False,True,69.0
qmf_MLP,S026/run0004,123005,4,False,True,65.0
qmf_MLP,S026/run0005,123001,12,False,True,87.0
qmf_MLP,S026/run0005,123001,20,False,True,-1.0
qmf_MLP,S026/run0005,123002,12,False,True,85.0
qmf_MLP,S026/run0005,123002,20,False,True,-1.0
qmf_MLP,S026/run0005,123003,68,True,False,-11.0
qmf_MLP,S026/run0005,123004,12,False,True,87.0
qmf_MLP,S026/run0005,123004,44,False,True,8.0
qmf_MLP,S026/run0005,123005,12,False,True,86.0
qmf_MLP,S026/run0007,123001,4,False,True,22.0
qmf_MLP,S026/run0007,123005,4,False,True,22.0
qmf_MLP,S027/run0013,123002,4,False,True,50.0
qmf_MLP,S027/run0013,123003,4,False,True,50.0
qmf_MLP,S027/run0013,123004,4,False,True,50.0
qmf_MLP,S028/run0009,123001,4,False,True,63.0
qmf_MLP,S028/run0009,123002,4,False,True,66.0
qmf_MLP,S028/run0009,123003,4,False,True,66.0
qmf_MLP,S028/run0009,123004,4,False,True,66.0
qmf_MLP,S028/run0009,123005,4,False,True,63.0
qmf_MLP,S029/run0008,123001,4,False,True,65.0
qmf_MLP,S029/run0008,123001,20,False,True,-1.0
qmf_MLP,S029/run0008,123001,68,True,False,32.0
qmf_MLP,S029/run0008,123002,4,False,True,66.0
qmf_MLP,S029/run0008,123002,20,False,True,0.0
qmf_MLP,S029/run0008,123003,4,False,True,66.0
qmf_MLP,S029/run0008,123003,20,False,True,-3.0
qmf_MLP,S029/run0008,123003,68,True,False,13.0
qmf_MLP,S029/run0008,123004,4,False,True,66.0
qmf_MLP,S029/run0008,123005,4,False,True,65.0
