task,chain,seed,control,k,D,category,new_action,old_action,new_score,old_score
rss348,rss348,88001,conditional_joint,28,-4.0,incurred_loss,True,False,2.401154430164544,-0.4000495647220772
rss348,rss348,88001,conditional_joint,76,6.0,missed_gain,False,True,11.209436665697893,5.276824644326689
rss348,rss348,88001,conditional_joint,84,6.0,missed_gain,False,True,3.3053732091906163,0.020811891009230088
rss348,rss348,88001,conditional_joint,124,3.0,missed_gain,False,True,13.854017709535796,14.776705594617383
rss348,rss348,88001,conditional_joint,164,22.0,missed_gain,False,True,-3.9064279989663433,0.5550022294222527
rss348,rss348,88002,conditional_joint,28,-4.0,incurred_loss,True,False,2.2954061110829125,-0.3286662701144536
rss348,rss348,88002,conditional_joint,76,13.0,missed_gain,False,True,12.418040433077898,8.290266374924489
rss348,rss348,88002,conditional_joint,84,25.0,missed_gain,False,True,11.764508540401646,9.6630429212926
rss348,rss348,88002,conditional_joint,124,0.0,zero,False,True,10.24371276998189,10.739499023939345
rss348,rss348,88002,conditional_joint,164,38.0,missed_gain,False,True,-6.284801041113193,0.6375681663827697
rss348,rss348,88003,conditional_joint,20,6.0,kept_gain,True,False,3.6262480732402125,-0.679811605768065
rss348,rss348,88003,conditional_joint,28,-4.0,incurred_loss,True,False,1.9592264981153082,-0.8287241746836598
rss348,rss348,88003,conditional_joint,76,9.0,missed_gain,False,True,14.299317575376918,9.276598397391197
rss348,rss348,88003,conditional_joint,84,6.0,missed_gain,False,True,4.403149584675868,1.0686084672929894
rss348,rss348,88004,conditional_joint,84,0.0,zero,True,False,1.4881611698428312,-2.337587597477495
rss348,rss348,88004,conditional_joint,164,28.0,missed_gain,False,True,-4.271843371990652,0.5372929714007828
rss348,rss348,88005,conditional_joint,20,5.0,kept_gain,True,False,1.54716760448715,-2.147267595606113
rss348,rss348,88005,conditional_joint,28,-2.0,incurred_loss,True,False,1.5640790455905407,-0.6320325988928852
rss348,rss348,88005,conditional_joint,76,10.0,missed_gain,False,True,13.88483276308412,9.243995925826297
rss348,rss348,88005,conditional_joint,124,-1.0,avoided_loss,False,True,4.965383435740527,7.410227871681416
rss348,rss348,88001,legacy_factorized,28,-4.0,incurred_loss,True,False,2.401154430164544,-5.375112212525296
rss348,rss348,88001,legacy_factorized,76,6.0,missed_gain,False,True,11.209436665697893,9.376360086140163
rss348,rss348,88001,legacy_factorized,124,3.0,missed_gain,False,True,13.854017709535796,3.2513417388458965
rss348,rss348,88001,legacy_factorized,164,22.0,missed_gain,False,True,-3.9064279989663433,2.3410370786012935
rss348,rss348,88002,legacy_factorized,28,-4.0,incurred_loss,True,False,2.2954061110829125,-4.967527191651305
rss348,rss348,88002,legacy_factorized,76,13.0,missed_gain,False,True,12.418040433077898,13.43761931834845
rss348,rss348,88002,legacy_factorized,84,25.0,missed_gain,False,True,11.764508540401646,8.94114366157693
rss348,rss348,88002,legacy_factorized,124,0.0,zero,False,True,10.24371276998189,0.07771253802161393
rss348,rss348,88002,legacy_factorized,164,38.0,missed_gain,False,True,-6.284801041113193,13.317467329234091
rss348,rss348,88003,legacy_factorized,20,6.0,kept_gain,True,False,3.6262480732402125,-9.780953598120925
rss348,rss348,88003,legacy_factorized,28,-4.0,incurred_loss,True,False,1.9592264981153082,-7.104640503084745
rss348,rss348,88003,legacy_factorized,76,9.0,missed_gain,False,True,14.299317575376918,12.477391457999946
rss348,rss348,88003,legacy_factorized,164,38.0,missed_gain,False,True,-13.213032587823546,10.748940819361385
rss348,rss348,88004,legacy_factorized,84,0.0,zero,True,False,1.4881611698428312,-10.334029027575184
rss348,rss348,88004,legacy_factorized,124,0.0,zero,True,False,9.306247635933476,-2.3632603287097638
rss348,rss348,88004,legacy_factorized,164,28.0,missed_gain,False,True,-4.271843371990652,3.9925828711651707
rss348,rss348,88005,legacy_factorized,20,5.0,kept_gain,True,False,1.54716760448715,-12.35661024697204
rss348,rss348,88005,legacy_factorized,28,-2.0,incurred_loss,True,False,1.5640790455905407,-4.4795274541605385
rss348,rss348,88005,legacy_factorized,76,10.0,missed_gain,False,True,13.88483276308412,12.17176563178614
rss348,rss348,88005,legacy_factorized,164,19.0,missed_gain,False,True,-1.334353773491972,1.145188619889617
rss348,rss348,88001,legacy_sandwich,28,-4.0,incurred_loss,True,False,2.401154430164544,-1.3348380883702742
rss348,rss348,88001,legacy_sandwich,76,6.0,missed_gain,False,True,11.209436665697893,10.429815596238948
rss348,rss348,88001,legacy_sandwich,84,6.0,missed_gain,False,True,3.3053732091906163,1.6422565457306595
rss348,rss348,88001,legacy_sandwich,124,3.0,missed_gain,False,True,13.854017709535796,12.696494373807717
rss348,rss348,88001,legacy_sandwich,164,22.0,missed_gain,False,True,-3.9064279989663433,5.527543752822519
rss348,rss348,88002,legacy_sandwich,28,-4.0,incurred_loss,True,False,2.2954061110829125,-1.3059085039087437
rss348,rss348,88002,legacy_sandwich,76,13.0,missed_gain,False,True,12.418040433077898,15.63344775307134
rss348,rss348,88002,legacy_sandwich,84,25.0,missed_gain,False,True,11.764508540401646,17.742574997163487
rss348,rss348,88002,legacy_sandwich,124,0.0,zero,False,True,10.24371276998189,8.9903295962474
rss348,rss348,88002,legacy_sandwich,164,38.0,missed_gain,False,True,-6.284801041113193,15.625110759088855
rss348,rss348,88003,legacy_sandwich,28,-4.0,incurred_loss,True,False,1.9592264981153082,-1.5370956835631726
rss348,rss348,88003,legacy_sandwich,76,9.0,missed_gain,False,True,14.299317575376918,13.810819533256328
rss348,rss348,88003,legacy_sandwich,84,6.0,missed_gain,False,True,4.403149584675868,3.91431658471968
rss348,rss348,88003,legacy_sandwich,164,38.0,missed_gain,False,True,-13.213032587823546,14.276828635226515
rss348,rss348,88004,legacy_sandwich,84,0.0,zero,True,False,1.4881611698428312,-2.180949397462059
rss348,rss348,88004,legacy_sandwich,164,28.0,missed_gain,False,True,-4.271843371990652,5.703561160694418
rss348,rss348,88005,legacy_sandwich,20,5.0,kept_gain,True,False,1.54716760448715,-1.784278579483987
rss348,rss348,88005,legacy_sandwich,28,-2.0,incurred_loss,True,False,1.5640790455905407,-1.365982120061863
rss348,rss348,88005,legacy_sandwich,76,10.0,missed_gain,False,True,13.88483276308412,13.502196305292426
rss348,rss348,88005,legacy_sandwich,124,-1.0,avoided_loss,False,True,4.965383435740527,3.7021808643077705
rss348,rss348,88002,r_gaussian,28,-4.0,incurred_loss,True,False,2.2954061110829125,-0.1197932958772725
rss348,rss348,88002,r_gaussian,76,13.0,missed_gain,False,True,12.418040433077898,13.546530456547124
rss348,rss348,88002,r_gaussian,84,25.0,missed_gain,False,True,11.764508540401646,10.606799421162401
rss348,rss348,88002,r_gaussian,124,0.0,zero,False,True,10.24371276998189,8.30359952289137
rss348,rss348,88005,r_gaussian,28,-2.0,incurred_loss,True,False,1.5640790455905407,-0.4996451209162922
rss348,rss348,88005,r_gaussian,76,10.0,missed_gain,False,True,13.88483276308412,14.688737259917037
rss348,rss348,88005,r_gaussian,124,-1.0,avoided_loss,False,True,4.965383435740527,3.1641078976453123
rss348,rss348,88001,r_copula,28,-4.0,incurred_loss,True,False,2.401154430164544,-2.400999528302604
rss348,rss348,88001,r_copula,116,12.0,missed_gain,False,True,-1.1142735868098823,0.9021429799419547
rss348,rss348,88001,r_copula,124,3.0,missed_gain,False,True,13.854017709535796,23.006543061851737
rss348,rss348,88002,r_copula,28,-4.0,incurred_loss,True,False,2.2954061110829125,-2.9051802915893106
rss348,rss348,88002,r_copula,116,15.0,missed_gain,False,True,-0.8290615124693534,3.8635926950791237
rss348,rss348,88002,r_copula,124,0.0,zero,False,True,10.24371276998189,18.44533289808807
rss348,rss348,88003,r_copula,28,-4.0,incurred_loss,True,False,1.9592264981153082,-2.1914246761977036
rss348,rss348,88004,r_copula,28,4.0,kept_gain,True,False,5.069443600118991,-3.323746405268185
rss348,rss348,88004,r_copula,76,9.0,kept_gain,True,False,3.7803019041299635,-6.70487145293095
rss348,rss348,88004,r_copula,84,0.0,zero,True,False,1.4881611698428312,-4.3979520189683035
rss348,rss348,88005,r_copula,28,-2.0,incurred_loss,True,False,1.5640790455905407,-4.459347863578998
rss348,rss348,88005,r_copula,68,1.0,missed_gain,False,True,-1.3076058428635156,1.3548608243714284
rss348,rss348,88005,r_copula,124,-1.0,avoided_loss,False,True,4.965383435740527,5.266142523611629
gashome362,gashome362,92002,r_copula,100,-13.0,avoided_loss,False,True,-42.60119967450914,12.822855638341714
gashome362,gashome362,92002,r_copula,204,51.0,kept_gain,True,False,33.780673755596965,33.810598651884916
