window,forecast,target_for_retrospective_scoring,label_arrival_window,coverage,uncertainty,all_missing,solver_fallback,w1,w2,w3
0,,0.2004473530162403,3,0.0,1.0,True,False,0.0,0.0,0.0
1,0.19226153793724046,0.17278923046671765,5,1.0,0.26846471110560466,False,False,0.34440511897272974,0.34440511897272974,0.31118976205454046
2,0.20701411428881594,0.19046339199684664,7,1.0,0.26997295925803955,False,False,0.4563575226070721,0.3057945495734606,0.23784792781946731
3,0.18747911995725577,0.18821209338864028,6,1.0,0.27137925914061733,False,False,0.5002973408152733,0.2865708645226275,0.21313179466209917
4,0.18933740440425523,0.19070484801674542,8,1.0,0.2698754317171954,False,False,0.4670812956917437,0.28280718531399424,0.250111518994262
5,0.20469056898346244,0.2308659192874774,10,1.0,0.10827781593810334,False,False,0.5552831842756649,0.2936108719092617,0.15110594381507328
6,0.21706897628793254,0.22090800658214688,9,1.0,0.07403123563511006,False,False,0.5638804890874161,0.35738385960048746,0.07873565131209631
7,0.21442880471345438,0.24437167291408876,11,1.0,0.10324748122166431,False,False,0.513375755724322,0.4003455638194672,0.08627868045621073
8,0.23186257037252359,0.24956205058535297,13,1.0,0.10156643525036771,False,False,0.4931139108005394,0.3491258348227715,0.15776025437668909
9,0.2226057542837861,0.2243378355536897,12,1.0,0.06963141366191185,False,False,0.5299053065870094,0.30115509051613376,0.16893960289685672
10,0.21362538901797257,0.21443723964316067,14,1.0,0.10067649680459045,False,False,0.531611723046549,0.3127839803217301,0.1556042966317207
11,0.20813650741161416,0.23870392977469795,16,1.0,0.10037724580216144,False,False,0.566768080277044,0.3176090728399513,0.11562284688300456
12,0.23093928338307604,0.2834458438094315,15,1.0,0.06911408393491089,False,False,0.6,0.30260477436236927,0.09739522563763073
13,0.2483298141899972,0.23206751912234916,17,1.0,0.1005833986975092,False,False,0.6,0.34003769304277054,0.05996230695722951
14,0.2328780244933257,0.26255016991178554,19,1.0,0.09995743275853938,False,False,0.6,0.31442935332998195,0.08557064667001807
15,0.24916876984279673,0.22986537067609328,18,1.0,0.06847380602836142,False,False,0.6,0.32687984228197375,0.07312015771802627
16,0.23047551204707614,0.21705187636531542,20,1.0,0.09953809756294611,False,False,0.6,0.2952102391912563,0.10478976080874375
17,0.2193258926322936,0.20009353434552254,22,1.0,0.09961162484985693,False,False,0.6,0.3358619913683612,0.0641380086316388
18,0.21924198527332628,0.21115362561902626,21,1.0,0.06797283496120825,False,False,0.6,0.33208829566305437,0.06791170433694566
19,0.22046805334684805,0.24445946741815233,23,1.0,0.0994105572230802,False,False,0.6,0.3354561861921258,0.06454381380787419
20,0.23820732060536928,0.19619041718810548,25,1.0,0.09876586298280979,False,False,0.5347686890753174,0.3795106750550403,0.08572063586964224
21,0.20886422572142188,0.2273537373193637,24,1.0,0.06727624217939053,False,False,0.5606701847634268,0.32293685457516047,0.11639296066141269
22,0.2160207726639866,0.21458227853669978,26,1.0,0.09938602186183594,False,False,0.6,0.2913847771440387,0.10861522285596131
23,0.20820848587739754,0.23834333764260587,28,1.0,0.09877068664723886,False,False,0.6,0.2948564959735837,0.10514350402641631
24,0.23550565757587827,0.22008087184457525,27,1.0,0.06728008444136034,False,False,0.5813881014480697,0.3045962906895875,0.11401560786234266
25,0.20648952373993365,0.25243452128341104,29,1.0,0.09826761884260381,False,False,0.5193086376282526,0.34676234769617237,0.1339290146755749
26,0.2365027953983621,0.2698517370670308,31,1.0,0.09839311970223094,False,False,0.5340825346637117,0.361759941927074,0.10415752340921425
27,0.24038550155697797,0.2357686573375513,30,1.0,0.067128371475593,False,False,0.49469906769823324,0.43628742319224934,0.06901350910951731
28,0.22736639126777689,0.2198878755974375,32,1.0,0.09898067943999027,False,False,0.4912392168068956,0.46541770678908834,0.04334307640401602
29,0.21748242586328753,0.19932977885199277,34,1.0,0.09887399126884142,False,False,0.5126354472798508,0.4392204948445182,0.04814405787563092
30,0.22024677949341806,0.15544056087561733,33,0.6666666666666666,0.15123748580278662,False,False,0.0,0.6,0.4
31,0.2081122954043932,0.14943790760954045,35,0.6666666666666666,0.18269202459648787,False,False,0.0,0.6,0.4
32,0.21334924971979666,0.133511555470876,37,0.6666666666666666,0.1828045508572057,False,False,0.0,0.6,0.4
33,0.20346313987924125,0.12538021939485555,36,0.6666666666666666,0.15128691188075333,False,False,0.0,0.6,0.4
34,0.2053789420060994,0.13890464037410466,38,0.6666666666666666,0.1829460281034322,False,False,0.0,0.6,0.4
35,0.18917255394097188,0.18556157892874026,40,0.3333333333333333,0.2712390806207162,False,False,0.0,1.0,0.0
36,0.2074080634685635,0.183674719349727,39,0.3333333333333333,0.2396589288642435,False,False,0.0,1.0,0.0
37,0.18452866768486784,0.16328647242609703,41,0.3333333333333333,0.27127653467571466,False,False,0.0,1.0,0.0
38,0.1756977941975652,0.1517635302827881,43,0.3333333333333333,0.2712563094938087,False,False,0.0,1.0,0.0
39,0.17282134656925277,0.30001004523529584,42,0.3333333333333333,0.23959710038007256,False,False,0.0,1.0,0.0
40,0.2369792514406516,0.3890056991024528,44,0.3333333333333333,0.2711347467147592,False,False,0.0,1.0,0.0
41,0.2823384804936826,0.473680509637766,46,0.6666666666666666,0.34504777896689887,False,False,0.4,0.6,0.0
42,0.3410523063366976,0.5248088872119234,45,0.6666666666666666,0.34752643653063287,False,False,0.5664777833670858,0.43352221663291424,0.0
43,0.3322636998589051,0.5915199048825104,47,0.6666666666666666,0.3469440195256337,False,False,0.5161745190496334,0.48382548095036665,0.0
44,0.38838548087232316,0.584885681614373,49,0.6666666666666666,0.34826242722835954,False,False,0.47099100731497084,0.5290089926850292,0.0
45,0.4241444096667788,0.5997309447781698,48,1.0,0.26969925937836603,False,False,0.4358838797956707,0.5556281465329562,0.008487973671373161
46,0.48410006405583045,0.6752314240001566,50,1.0,0.2663837997007986,False,False,0.44560061898330566,0.4755731252603709,0.0788262557563234
47,0.5433698164642742,0.6864542078635233,52,1.0,0.2736520633036086,False,False,0.4438140982933361,0.45974101729971834,0.09644488440694543
48,0.6029224887983899,0.6500601521412789,51,1.0,0.0790916341000805,False,False,0.4886627356806308,0.45697788776748094,0.05435937655188816
49,0.6018195615555858,0.6225670099447943,53,1.0,0.1079669352132454,False,False,0.5328534733265182,0.3644494443391972,0.10269708233428448
50,0.5580566422140866,0.6063359435363862,55,1.0,0.10517139536933935,False,False,0.6,0.29883846596444075,0.1011615340355593
51,0.5510859812874326,0.616346215835471,54,1.0,0.0801511950206445,False,False,0.6,0.27097059056925127,0.12902940943074875
52,0.496295263275642,0.5881900391378146,56,1.0,0.12896934883079902,False,False,0.6,0.24293265566174577,0.15706734433825426
53,0.5831430108611813,0.5742356622287765,58,1.0,0.10449020532181978,False,False,0.6,0.19995244016446784,0.20004755983553218
54,0.5701953876804893,0.5832235228302097,57,1.0,0.07052700401280887,False,False,0.6,0.15692366987412626,0.24307633012587376
55,0.5672166600555029,0.5612933657359369,59,1.0,0.10424629625904014,False,False,0.6,0.1423894990620938,0.2576105009379062
56,0.47625695750510244,0.599494306073121,61,1.0,0.13173723223359235,False,False,0.6,0.12434867761450846,0.2756513223854916
57,0.609877785354711,0.5529548190507642,60,1.0,0.07097860089627475,False,False,0.6,0.14967421833460243,0.2503257816653976
58,0.53320400884767,0.5879851924221128,62,1.0,0.09868270734753071,False,False,0.6,0.17893405011825225,0.22106594988174777
59,0.5740261895302385,0.577549199598793,64,1.0,0.10261540343538798,False,False,0.6,0.22879436326164274,0.1712056367383573
60,0.6252153000152892,0.5981763060389068,63,1.0,0.07361542752319059,False,False,0.5935648236696849,0.2533544613529858,0.15308071497732928
61,0.5579352230507991,0.6122135534164429,65,1.0,0.10059377458716164,False,False,0.578010231766453,0.24883738476530012,0.17315238346824666
62,0.5845258564320894,0.6570964081294837,67,1.0,0.09877808274269864,False,False,0.586302523265654,0.2568276701803871,0.15686980655395885
63,0.6294965515895692,0.6471227674619038,66,1.0,0.0683950451068663,False,False,0.5883994302448998,0.21543430849273237,0.1961662612623676
64,0.5664185331917078,0.6493751493365442,68,1.0,0.10360646077072017,False,False,0.6,0.1647433822233312,0.2352566177766688
65,0.5998424288927987,0.6332342501907776,70,0.6666666666666666,0.18698437483119196,False,False,0.6,0.0,0.4
66,0.6745177065271037,0.604298572874032,69,0.6666666666666666,0.1515398874732849,False,False,0.6,0.0,0.4
67,0.5902777129665857,0.5737701068918373,71,0.6666666666666666,0.1825676565476787,False,False,0.6,0.0,0.4
68,0.6457440411068398,0.575195766808466,73,0.6666666666666666,0.18463480614640415,False,False,0.6,0.0,0.4
69,0.6053388550866299,0.5951020850129227,72,0.6666666666666666,0.1533981807148547,False,False,0.6,0.0,0.4
70,0.5932040628346418,0.6122123522634286,74,0.6666666666666666,0.18321833942906346,False,False,0.6,0.0,0.4
71,0.6007653141247835,0.6253811785607638,76,0.6666666666666666,0.18343800395949533,False,False,0.6,0.0,0.4
72,0.6307365400497342,0.6152680153122116,75,0.6666666666666666,0.15130745383654198,False,False,0.6,0.0,0.4
73,0.6203465737845038,0.6155994827485625,77,1.0,0.258150582246768,False,False,0.6,0.00990857671335496,0.3900914232866451
74,0.6129000028593375,0.6278370061749285,79,1.0,0.25942260402278144,False,False,0.6,0.010731467191702827,0.38926853280829715
75,0.56133638501876,0.6576764918718537,78,1.0,0.2608953873702639,False,False,0.6,0.1360378695280472,0.2639621304719528
76,0.6249440581514355,0.6708606416750686,80,1.0,0.2598140476885272,False,False,0.6,0.12670263759603045,0.27329736240396957
77,0.6188983674854924,0.6815256309034947,82,1.0,0.11040922643499443,False,False,0.6,0.12574788731531306,0.27425211268468697
78,0.6389069699695131,0.6957030136508696,81,1.0,0.07113772332085427,False,False,0.6,0.204528882423821,0.19547111757617902
79,0.6449417646076323,0.5884608643066604,83,1.0,0.10088382287352657,False,False,0.6,0.25044398956954556,0.14955601043045447
80,0.5649454303457022,0.5489137535655325,85,1.0,0.10019708677352396,False,False,0.6,0.2760197919799993,0.12398020802000073
81,0.5469032575044095,0.5110450663655234,84,1.0,0.06829215505657846,False,False,0.6,0.2976892721651,0.1023107278349
82,0.5187102394374341,0.43277034265089787,86,1.0,0.10051749106820788,False,False,0.5216753402629879,0.3870553277227737,0.09126933201423837
83,0.4196050094914003,0.436744763105847,88,1.0,0.09995694243385904,False,False,0.5509071337692575,0.33860578691702603,0.11048707931371637
84,0.44921427608112996,0.43862984565338586,87,1.0,0.06939759892610005,False,False,0.5839220288926692,0.2840192355824136,0.1320587355249172
85,0.46305058476074734,0.4583926758787438,89,1.0,0.09924313098200614,False,False,0.6,0.23861651203023765,0.16138348796976237
86,0.46579200490855804,0.4261792834538956,91,1.0,0.09877942680338293,False,False,0.6,0.2571866503182468,0.14281334968175322
87,0.44687347254766396,0.38508133314748805,90,1.0,0.0676927414005529,False,False,0.5511688014386587,0.2648462918212223,0.18398490674011891
88,0.3906526450627641,0.3904750481941341,92,1.0,0.09940721560338513,False,False,0.5312921779658268,0.2766588402418331,0.19204898179234003
89,0.41793813639135835,0.3839436984430292,94,1.0,0.09817438193204919,False,False,0.5514934143548915,0.3205944143872839,0.12791217125782453
90,,0.36709336941026094,93,0.0,1.0,True,False,0.0,0.0,0.0
91,,0.36275426854687565,95,0.0,1.0,True,False,0.0,0.0,0.0
92,0.35137031786203515,0.346287360511409,97,1.0,0.09845672912116082,False,False,0.6,0.31091177665436953,0.08908822334563049
93,0.3783784160620145,0.3283932600745276,96,1.0,0.12991670204146136,False,False,0.566876751439032,0.3826756245531043,0.05044762400786368
94,0.33818560690878796,0.33490220146378424,98,1.0,0.13187775870367435,False,False,0.4887317944555283,0.3841681606302455,0.1271000449142262
95,0.3628763659943592,0.26724501400351475,100,1.0,0.16191200807307482,False,False,0.6,0.31793899800443937,0.08206100199556063
96,0.27560157559713405,0.26725443045027664,99,1.0,0.06797232557901028,False,False,0.6,0.2732923242433386,0.12670767575666142
97,0.3053802573097371,0.3049630476618899,101,1.0,0.10334639128273874,False,False,0.6,0.2170451618251597,0.18295483817484032
98,0.3111659345100202,0.3275973082456471,103,1.0,0.09891309630022523,False,False,0.6,0.1914124371285505,0.20858756287144953
99,0.33395718350189335,0.3653202403139021,102,1.0,0.06783199755432091,False,False,0.6,0.1621463789997894,0.23785362100021062
100,0.35370928527028045,0.31159167358951173,104,1.0,0.09857088531437941,False,False,0.5987137504444355,0.1537983014426651,0.24748794811289931
101,0.3452399866246887,0.32537593718287444,106,1.0,0.09840629545411725,False,False,0.6,0.14917932865725061,0.25082067134274943
102,0.2856059090777196,0.3033037955590039,105,1.0,0.0679993262447408,False,False,0.6,0.1577178008628135,0.24228219913718652
103,0.29170220538078506,0.27852719607562837,107,1.0,0.09840960002734005,False,False,0.5648852898474405,0.17484576064568447,0.26026894950687507
104,0.2932625928573329,0.28290774766578647,109,1.0,0.10108343909459,False,False,0.6,0.17679175252410181,0.2232082474758982
105,0.30679180070055856,0.3160469422057377,108,1.0,0.07042763563314615,False,False,0.6,0.2642540970268464,0.13574590297315361
106,0.3075082025904427,0.28716068536864536,110,1.0,0.099979804820731,False,False,0.6,0.31262334945982123,0.08737665054017879
107,0.30082909557575194,0.2677800412485896,112,1.0,0.0995328298772186,False,False,0.6,0.3135039594233839,0.08649604057661614
108,0.28824492418096737,0.26100532642854707,111,1.0,0.0685976061189777,False,False,0.6,0.33162620394710296,0.06837379605289706
109,0.27911450084530204,0.2889020269938954,113,1.0,0.09970589261384316,False,False,0.6,0.3195677402708475,0.0804322597291525
110,0.30225135559278876,0.2934201634894227,115,1.0,0.09883759784638027,False,False,0.6,0.31208550623301073,0.08791449376698929
111,0.3028245642210581,0.28776061341241027,114,1.0,0.06708644907301306,False,False,0.6,0.29588887208516357,0.10411112791483645
112,0.3061992576727481,0.2798429121252356,116,1.0,0.09871092352674661,False,False,0.6,0.29239685260995524,0.10760314739004478
113,0.32677446456628423,0.2720074356338067,118,1.0,0.10046762941036243,False,False,0.6,0.3117024661000653,0.08829753389993472
114,0.2421852169769818,0.269446282379805,117,1.0,0.06788226391791663,False,False,0.6,0.30400713004297153,0.09599286995702849
115,0.3111068236708782,0.26677701654324115,119,1.0,0.0992220928581019,False,False,0.6,0.349277452208477,0.05072254779152305
116,0.26644319447730613,0.25824683267866744,121,1.0,0.10005554678164301,False,False,0.6,0.36500021302152436,0.03499978697847567
117,0.2931230477942012,0.25159359354580646,120,1.0,0.06882924576399546,False,False,0.6,0.3657563663400105,0.0342436336599895
118,0.2575620047090752,0.24538846243528073,122,1.0,0.09852881823119525,False,False,0.6,0.36164857695210867,0.03835142304789135
119,0.2556526172465068,0.22977745072279376,124,1.0,0.10245531910744143,False,False,0.6,0.35452790408693197,0.045472095913068056
