task,arm,mean_total_increment,admissions,beneficial,harmful,zero,loss,optimistic_excess,refused,covered,coverage_denominator
rss348,conditional_joint,35.6,16,13,1,2,1.0,41.767938655415534,1,11,16
rss348,r_joint,2.0,10,4,4,2,14.0,36.083718490848604,10,3,10
rss348,r_product,2.0,10,4,4,2,14.0,39.62334347551441,11,2,10
rss348,r_factorized,3.4,12,6,4,2,14.0,65.78720653682748,21,3,12
rss348,r_gaussian,12.6,13,7,3,3,9.0,38.85756661892493,5,5,13
rss348,r_sandwich,12.6,13,7,3,3,9.0,37.58211470212361,5,5,13
rss348,r_joint_diagP,2.0,10,4,4,2,14.0,36.05311993867895,10,3,10
rss348,r_copula,8.2,9,6,1,2,1.0,60.68192309225784,0,4,9
rss348,legacy_factorized,44.8,14,13,0,1,0.0,9.79219077114221,0,8,14
rss348,legacy_sandwich,44.4,18,15,1,2,1.0,47.937026899991665,1,9,18
arem366,conditional_joint,-30.0,5,0,5,0,150.0,178.345102784609,0,0,5
arem366,r_joint,-30.0,5,0,5,0,150.0,201.55914573278582,0,0,5
arem366,r_product,-30.0,5,0,5,0,150.0,220.70897848727907,0,0,5
arem366,r_factorized,-30.0,5,0,5,0,150.0,230.10100137095114,0,0,5
arem366,r_gaussian,-30.0,5,0,5,0,150.0,197.3106698821209,0,0,5
arem366,r_sandwich,-30.0,5,0,5,0,150.0,200.82769566983876,0,0,5
arem366,r_joint_diagP,-30.0,5,0,5,0,150.0,203.44846101251483,0,0,5
arem366,r_copula,-30.0,5,0,5,0,150.0,202.8576529820935,0,0,5
arem366,legacy_factorized,-30.0,5,0,5,0,150.0,196.71994125421222,0,0,5
arem366,legacy_sandwich,-30.0,5,0,5,0,150.0,208.7134478110747,0,0,5
gashome362,conditional_joint,45.2,5,5,0,0,0.0,0.0,0,5,5
gashome362,r_joint,45.2,5,5,0,0,0.0,0.6397101471616877,0,4,5
gashome362,r_product,45.2,5,5,0,0,0.0,0.0,0,5,5
gashome362,r_factorized,45.2,5,5,0,0,0.0,0.0,0,5,5
gashome362,r_gaussian,45.2,5,5,0,0,0.0,0.0,0,5,5
gashome362,r_sandwich,45.2,5,5,0,0,0.0,0.0,0,5,5
gashome362,r_joint_diagP,45.2,5,5,0,0,0.0,0.0,0,5,5
gashome362,r_copula,32.4,5,4,1,0,13.0,25.822855638341714,1,4,5
gashome362,legacy_factorized,45.2,5,5,0,0,0.0,0.0,0,5,5
gashome362,legacy_sandwich,45.2,5,5,0,0,0.0,0.0,0,5,5
localization196,conditional_joint,0.0,0,0,0,0,0,0,0,0,0
localization196,r_joint,0.0,0,0,0,0,0,0,0,0,0
localization196,r_product,0.0,0,0,0,0,0,0,0,0,0
localization196,r_factorized,-2.6,1,0,1,0,13.0,15.449373581221305,0,0,1
localization196,r_gaussian,0.0,0,0,0,0,0,0,0,0,0
localization196,r_sandwich,0.0,0,0,0,0,0,0,0,0,0
localization196,r_joint_diagP,0.0,0,0,0,0,0,0,0,0,0
localization196,r_copula,0.0,0,0,0,0,0,0,0,0,0
localization196,legacy_factorized,0.0,0,0,0,0,0,0,0,0,0
localization196,legacy_sandwich,0.0,0,0,0,0,0,0,0,0,0
