rho,method,w1,w2,w3,population_mse,empirical_mse_mean,empirical_mse_seed_sd,population_decision_regret,empirical_regret_mean,empirical_regret_seed_sd,empirical_utility_mean,empirical_utility_seed_sd
0.0,diagonal,0.3333333333333333,0.3333333333333333,0.3333333333333333,0.007499999999999999,0.00749861,2.5643259091662175e-05,0.007499999999999999,0.0074819582711142295,7.946322268986638e-05,0.055067816170019115,0.0002332549962036549
0.0,full_regularized,0.3333333333333333,0.3333333333333333,0.3333333333333333,0.007499999999999999,0.00749861,2.5643259091662175e-05,0.007499999999999999,0.0074819582711142295,7.946322268986638e-05,0.055067816170019115,0.0002332549962036549
0.0,full_unregularized_oracle,0.3333333333333333,0.3333333333333333,0.3333333333333333,0.007499999999999999,0.00749861,2.5643259091662175e-05,0.007499999999999999,0.0074819582711142295,7.946322268986638e-05,0.055067816170019115,0.0002332549962036549
0.25,diagonal,0.3333333333333333,0.3333333333333333,0.3333333333333333,0.008749999999999999,0.00874511,2.3729481995810248e-05,0.008749999999999999,0.008726722821956162,9.151282179665159e-05,0.053823051619177185,0.0002423971836200167
0.25,full_regularized,0.31123898658187177,0.31123898658187177,0.37752202683625646,0.008655685822526208,0.008651008545315161,2.4753564001214992e-05,0.008655685822526208,0.00863020521950408,9.409620104700164e-05,0.05391956922162926,0.00024071094458017053
0.25,full_unregularized_oracle,0.3076923076923077,0.3076923076923077,0.38461538461538464,0.008653846153846154,0.008649204497041424,2.489641666328621e-05,0.008653846153846154,0.008625148072278047,9.395198842965641e-05,0.0539246263688553,0.00024046186886132441
0.5,diagonal,0.3333333333333333,0.3333333333333333,0.3333333333333333,0.009999999999999998,0.01000069,2.9956493013772645e-05,0.009999999999999998,0.009975080200670552,9.029205904207941e-05,0.052574694240462794,0.00024888111394868513
0.5,full_regularized,0.29181031006043656,0.29181031006043656,0.4163793798791269,0.00964871008112769,0.009649585666995003,3.1577048377623386e-05,0.00964871008112769,0.009619123396727644,9.263861611387375e-05,0.05293065104440568,0.0002485180486678931
0.5,full_unregularized_oracle,0.2857142857142857,0.2857142857142857,0.42857142857142855,0.00964285714285714,0.00964375346938775,3.172145606934622e-05,0.00964285714285714,0.00961579487428239,9.028825864291526e-05,0.052933979566850954,0.00024652185438609744
0.75,diagonal,0.3333333333333333,0.3333333333333333,0.3333333333333333,0.01125,0.01125257,3.552430005977368e-05,0.01125,0.01122588745899177,8.321659967750994e-05,0.05132388698214156,0.0002281854026594747
0.75,full_regularized,0.27462653956175703,0.27462653956175703,0.45074692087648593,0.010510691928535387,0.010513805424334607,3.828985865012569e-05,0.010510691928535387,0.010480867042458687,8.506493741767157e-05,0.05206890739867466,0.00022232201134485984
0.75,full_unregularized_oracle,0.26666666666666666,0.26666666666666666,0.4666666666666667,0.010499999999999999,0.0105031544,3.83969108494286e-05,0.010499999999999999,0.010471467187025721,8.552200342646728e-05,0.05207830725410763,0.00022517992391669954
0.9,diagonal,0.3333333333333333,0.3333333333333333,0.3333333333333333,0.011999999999999997,0.01200138,3.793833778230376e-05,0.011999999999999997,0.01197839466745428,8.478515878228137e-05,0.05057137977367907,0.0002419090151751363
0.9,full_regularized,0.26524552561828574,0.26524552561828574,0.4695089487634285,0.010975238339375661,0.010977462857200094,4.1150725240366016e-05,0.010975238339375661,0.010949764299617557,8.721806072604637e-05,0.05160001014151579,0.00024367387758695457
0.9,full_unregularized_oracle,0.25641025641025644,0.25641025641025644,0.48717948717948717,0.010961538461538464,0.01096383017751479,4.1166478158389265e-05,0.010961538461538464,0.010937046680058866,8.636873553555798e-05,0.051612727761074485,0.00024409407554446848
