rho,method,seeds,samples_per_seed,w1,w2,w3,population_forecast_mse,population_decision_weighted_risk,analytic_population_regret,analytic_population_utility,analytic_utility_gain_vs_pooled,population_regret_bound,same_diagonal_maxerror,same_trace_maxerror,paired_utility_gain_mean,paired_utility_gain_seed_sd,empirical_utility_mean,empirical_utility_seed_sd,empirical_regret_mean,empirical_regret_seed_sd,empirical_decision_risk_mean,empirical_decision_risk_seed_sd,empirical_forecast_mse_mean,empirical_forecast_mse_seed_sd,empirical_action_rate_mean,empirical_action_rate_seed_sd,empirical_action_changed_fraction_mean,empirical_action_changed_fraction_seed_sd,empirical_beneficial_action_change_fraction_mean,empirical_beneficial_action_change_fraction_seed_sd,empirical_harmful_action_change_fraction_mean,empirical_harmful_action_change_fraction_seed_sd,empirical_neutral_action_change_fraction_mean,empirical_neutral_action_change_fraction_seed_sd,empirical_beneficial_fraction_among_changed_mean,empirical_beneficial_fraction_among_changed_seed_sd,empirical_harmful_fraction_among_changed_mean,empirical_harmful_fraction_among_changed_seed_sd,empirical_neutral_fraction_among_changed_mean,empirical_neutral_fraction_among_changed_seed_sd,empirical_action_changed_fraction_B1_mean,empirical_action_changed_fraction_B1_seed_sd,empirical_beneficial_action_change_fraction_B1_mean,empirical_beneficial_action_change_fraction_B1_seed_sd,empirical_harmful_action_change_fraction_B1_mean,empirical_harmful_action_change_fraction_B1_seed_sd,empirical_neutral_action_change_fraction_B1_mean,empirical_neutral_action_change_fraction_B1_seed_sd,empirical_action_changed_fraction_B0_mean,empirical_action_changed_fraction_B0_seed_sd,empirical_beneficial_action_change_fraction_B0_mean,empirical_beneficial_action_change_fraction_B0_seed_sd,empirical_harmful_action_change_fraction_B0_mean,empirical_harmful_action_change_fraction_B0_seed_sd,empirical_neutral_action_change_fraction_B0_mean,empirical_neutral_action_change_fraction_B0_seed_sd
0.0,pooled_R,20,100000,0.3333333333333333,0.3333333333333333,0.3333333333333333,0.007499999999999999,0.0024999999999999996,0.0024999999999999996,0.018333333333333333,0.0,0.049999999999999996,0.0,0.0,0.0,0.0,0.01831544997899375,0.0001137498644327001,0.0025218954566390097,3.209031081545295e-05,0.00250837875,1.6407552567339267e-05,0.007512519999999999,2.918351373094422e-05,0.5004275,0.001217352066015238,0.0,0.0,0.0,0.0,0.0,0.0,0.0,0.0,0.0,0.0,0.0,0.0,0.0,0.0,0.0,0.0,0.0,0.0,0.0,0.0,0.0,0.0,0.0,0.0,0.0,0.0,0.0,0.0,0.0,0.0
0.0,trace_matched_R_over_3,20,100000,0.3333333333333333,0.3333333333333333,0.3333333333333333,0.007499999999999999,0.0024999999999999996,0.0024999999999999996,0.018333333333333333,0.0,0.049999999999999996,0.0,0.0,0.0,0.0,0.01831544997899375,0.0001137498644327001,0.0025218954566390097,3.209031081545295e-05,0.00250837875,1.6407552567339267e-05,0.007512519999999999,2.918351373094422e-05,0.5004275,0.001217352066015238,0.0,0.0,0.0,0.0,0.0,0.0,0.0,0.0,0.0,0.0,0.0,0.0,0.0,0.0,0.0,0.0,0.0,0.0,0.0,0.0,0.0,0.0,0.0,0.0,0.0,0.0,0.0,0.0,0.0,0.0
0.0,decision_weighted_regularized,20,100000,0.3333333333333333,0.3333333333333333,0.3333333333333333,0.007499999999999999,0.0024999999999999996,0.0024999999999999996,0.018333333333333333,0.0,0.049999999999999996,0.0,0.0,0.0,0.0,0.01831544997899375,0.0001137498644327001,0.0025218954566390097,3.209031081545295e-05,0.00250837875,1.6407552567339267e-05,0.007512519999999999,2.918351373094422e-05,0.5004275,0.001217352066015238,0.0,0.0,0.0,0.0,0.0,0.0,0.0,0.0,0.0,0.0,0.0,0.0,0.0,0.0,0.0,0.0,0.0,0.0,0.0,0.0,0.0,0.0,0.0,0.0,0.0,0.0,0.0,0.0,0.0,0.0
0.0,decision_weighted_unregularized_reference,20,100000,0.3333333333333333,0.3333333333333333,0.3333333333333333,0.007499999999999999,0.0024999999999999996,0.0024999999999999996,0.018333333333333333,0.0,0.049999999999999996,0.0,0.0,0.0,0.0,0.01831544997899375,0.0001137498644327001,0.0025218954566390097,3.209031081545295e-05,0.00250837875,1.6407552567339267e-05,0.007512519999999999,2.918351373094422e-05,0.5004275,0.001217352066015238,0.0,0.0,0.0,0.0,0.0,0.0,0.0,0.0,0.0,0.0,0.0,0.0,0.0,0.0,0.0,0.0,0.0,0.0,0.0,0.0,0.0,0.0,0.0,0.0,0.0,0.0,0.0,0.0,0.0,0.0
0.25,pooled_R,20,100000,0.3333333333333333,0.3333333333333333,0.3333333333333333,0.008749999999999999,0.002916666666666666,0.002916666666666666,0.017916666666666668,0.0,0.05400617248673216,0.0,0.0,0.0,0.0,0.017904710456462622,0.00011314452917673326,0.0029326349791701394,3.858710864224863e-05,0.0029236887500000003,2.155383632204176e-05,0.00875601,2.7798786418039854e-05,0.5004975,0.0010558352891880168,0.0,0.0,0.0,0.0,0.0,0.0,0.0,0.0,0.0,0.0,0.0,0.0,0.0,0.0,0.0,0.0,0.0,0.0,0.0,0.0,0.0,0.0,0.0,0.0,0.0,0.0,0.0,0.0,0.0,0.0
0.25,trace_matched_R_over_3,20,100000,0.3333333333333333,0.3333333333333333,0.3333333333333333,0.008749999999999999,0.002916666666666666,0.002916666666666666,0.017916666666666668,0.0,0.05400617248673216,0.0,0.0,0.0,0.0,0.017904710456462622,0.00011314452917673326,0.0029326349791701394,3.858710864224863e-05,0.0029236887500000003,2.155383632204176e-05,0.00875601,2.7798786418039854e-05,0.5004975,0.0010558352891880168,0.0,0.0,0.0,0.0,0.0,0.0,0.0,0.0,0.0,0.0,0.0,0.0,0.0,0.0,0.0,0.0,0.0,0.0,0.0,0.0,0.0,0.0,0.0,0.0,0.0,0.0,0.0,0.0,0.0,0.0
0.25,decision_weighted_regularized,20,100000,0.3160511669995869,0.3160511669995869,0.3678976660008262,0.008786960817556925,0.0028880215729001806,0.0028880215729001806,0.017945311760433152,2.8645093766485347e-05,0.053740316084855515,0.0,0.0,2.8731108617862168e-05,8.179873913175135e-06,0.017933441565080484,0.00011282129249820319,0.0029039038705522763,3.827057755704013e-05,0.0028954267445275997,2.188422718279142e-05,0.00879302102621296,2.7554075071391893e-05,0.500437,0.0009744909602345886,0.0094685,0.0003052570099199415,0.002136,0.0001373968512624729,0.0012765,9.137977433707494e-05,0.006056,0.0002888707596650683,0.22574235613209778,0.015279540335770867,0.13484800311604964,0.009204804139199373,0.6394096407518525,0.016535575471997795,0.010231047947197487,0.0004629435572956457,0.006403906854274275,0.00040988842421435534,0.003827141092923211,0.00027457770116161566,0.0,0.0,0.009087088608098712,0.000438143968473989,0.0,0.0,0.0,0.0,0.009087088608098712,0.000438143968473989
0.25,decision_weighted_unregularized_reference,20,100000,0.3076923076923077,0.3076923076923077,0.38461538461538464,0.008831360946745564,0.0028846153846153848,0.0028846153846153848,0.017948717948717947,3.205128205128116e-05,0.053708615552957466,0.0,0.0,3.026494929413287e-05,1.055534820103836e-05,0.01793497540575676,0.00011098634060781151,0.0029023700298760054,3.626480895995642e-05,0.002892186146449705,2.2033890224227272e-05,0.008837431242603555,2.7434835827805407e-05,0.5004405000000001,0.0009642148428425437,0.014018,0.00031617117282623305,0.0031390000000000003,0.000173748154098487,0.0019095000000000002,0.00012592708834459478,0.0089695,0.00029644339124110415,0.22398582250101023,0.012601789128337903,0.13620959230265822,0.00820048858181148,0.6398045851963314,0.013284696706066718,0.015135703569592396,0.0005888743595915778,0.009410921730499431,0.0005168217835616777,0.005724781839092963,0.0003754715831872987,0.0,0.0,0.013458766093183059,0.0004529841167095307,0.0,0.0,0.0,0.0,0.013458766093183059,0.0004529841167095307
0.5,pooled_R,20,100000,0.3333333333333333,0.3333333333333333,0.3333333333333333,0.009999999999999998,0.0033333333333333327,0.0033333333333333327,0.017499999999999998,0.0,0.05773502691896257,0.0,0.0,0.0,0.0,0.017491877257395833,0.00011561605237046702,0.0033454681782369307,5.059047630294914e-05,0.0033402087499999995,2.5094815299862515e-05,0.010009670000000002,2.830482755923286e-05,0.5004235,0.001104208575834919,0.0,0.0,0.0,0.0,0.0,0.0,0.0,0.0,0.0,0.0,0.0,0.0,0.0,0.0,0.0,0.0,0.0,0.0,0.0,0.0,0.0,0.0,0.0,0.0,0.0,0.0,0.0,0.0,0.0,0.0
0.5,trace_matched_R_over_3,20,100000,0.3333333333333333,0.3333333333333333,0.3333333333333333,0.009999999999999998,0.0033333333333333327,0.0033333333333333327,0.017499999999999998,0.0,0.05773502691896257,0.0,0.0,0.0,0.0,0.017491877257395833,0.00011561605237046702,0.0033454681782369307,5.059047630294914e-05,0.0033402087499999995,2.5094815299862515e-05,0.010009670000000002,2.830482755923286e-05,0.5004235,0.001104208575834919,0.0,0.0,0.0,0.0,0.0,0.0,0.0,0.0,0.0,0.0,0.0,0.0,0.0,0.0,0.0,0.0,0.0,0.0,0.0,0.0,0.0,0.0,0.0,0.0,0.0,0.0,0.0,0.0,0.0,0.0
0.5,decision_weighted_regularized,20,100000,0.30033741764289934,0.30033741764289934,0.3993251647142013,0.010122482175878151,0.0032255121036243004,0.0032255121036243004,0.017607821229709032,0.00010782122970903231,0.05679359210002745,0.0,0.0,0.00010638586761505461,1.0991475828578339e-05,0.017598263125010886,0.00011363608831914358,0.0032390823106218775,4.9222073837441536e-05,0.0032332246345115217,2.560188848422717e-05,0.010132669261393678,2.822375468526266e-05,0.5003610000000001,0.0009281725111887006,0.016431499999999998,0.0004632752393215301,0.0049035,0.0002509198865647844,0.0016374999999999996,0.00012078144681505038,0.009890499999999998,0.0003376306764561102,0.29836905460009433,0.011484003274311537,0.0996817680061497,0.007097024659859626,0.601949177393756,0.01313414969188843,0.01961045070841482,0.0008663292523216732,0.014701015207407214,0.0007459990188648732,0.004909435501007607,0.0003623844377601476,0.0,0.0,0.01484044307423118,0.0005064287336281522,0.0,0.0,0.0,0.0,0.01484044307423118,0.0005064287336281522
0.5,decision_weighted_unregularized_reference,20,100000,0.2857142857142857,0.2857142857142857,0.42857142857142855,0.010255102040816325,0.003214285714285714,0.003214285714285714,0.017619047619047618,0.00011904761904761888,0.05669467095138408,0.0,0.0,0.0001190836967264632,1.2282026221441285e-05,0.017610960954122297,0.00011094307932613862,0.0032263844815104683,4.747506636688244e-05,0.003222295484693876,2.5754059458098822e-05,0.010265414693877546,2.8123923747573993e-05,0.5002985,0.000999632958956229,0.023598,0.0005347070028972585,0.007047,0.0002706541782617188,0.002324,0.00012588215040057777,0.014227,0.00036310213149296807,0.29858601288214925,0.007840638750456857,0.09850698333727406,0.005316422813220427,0.6029070037805766,0.008513444482412844,0.028095050458164413,0.0008967527630920322,0.021127482258032106,0.0008029461084982983,0.006967568200132307,0.0003753256982755543,0.0,0.0,0.021347200675810814,0.0005424766864796162,0.0,0.0,0.0,0.0,0.021347200675810814,0.0005424766864796162
0.75,pooled_R,20,100000,0.3333333333333333,0.3333333333333333,0.3333333333333333,0.01125,0.0037499999999999994,0.0037499999999999994,0.017083333333333332,0.0,0.06123724356957945,0.0,0.0,0.0,0.0,0.017066887808114627,0.00011130512371650532,0.0037704576275181373,5.092956069605624e-05,0.00375863875,2.8563416834300547e-05,0.01126216,3.516928085402769e-05,0.5001935000000001,0.0010994557265924057,0.0,0.0,0.0,0.0,0.0,0.0,0.0,0.0,0.0,0.0,0.0,0.0,0.0,0.0,0.0,0.0,0.0,0.0,0.0,0.0,0.0,0.0,0.0,0.0,0.0,0.0,0.0,0.0,0.0,0.0
0.75,trace_matched_R_over_3,20,100000,0.3333333333333333,0.3333333333333333,0.3333333333333333,0.01125,0.0037499999999999994,0.0037499999999999994,0.017083333333333332,0.0,0.06123724356957945,0.0,0.0,0.0,0.0,0.017066887808114627,0.00011130512371650532,0.0037704576275181373,5.092956069605624e-05,0.00375863875,2.8563416834300547e-05,0.01126216,3.516928085402769e-05,0.5001935000000001,0.0010994557265924057,0.0,0.0,0.0,0.0,0.0,0.0,0.0,0.0,0.0,0.0,0.0,0.0,0.0,0.0,0.0,0.0,0.0,0.0,0.0,0.0,0.0,0.0,0.0,0.0,0.0,0.0,0.0,0.0,0.0,0.0
0.75,decision_weighted_regularized,20,100000,0.28603515459701606,0.28603515459701606,0.4279296908059679,0.011476508168316975,0.00352110153076483,0.00352110153076483,0.017312231802568502,0.00022889846923516933,0.05933887031925052,0.0,0.0,0.00022819614666143485,1.2847379361500346e-05,0.01729508395477606,0.0001080186881725819,0.003542261480856702,4.8878735463573115e-05,0.0035305461464565265,2.9127916199058733e-05,0.011489060145448279,3.475479935558902e-05,0.5001415,0.0009749292821857149,0.021117,0.00047728508528088206,0.0081685,0.00030056569471931634,0.0011335,0.00010574422965468685,0.011815,0.00030920100769223703,0.38680946326101984,0.010952298401807453,0.053657256127986344,0.00464043847357015,0.5595332806109938,0.009711413208434962,0.027888291862373644,0.0009296356762099349,0.024489756568853115,0.0008893396458925842,0.0033985352935205202,0.0003187305620842149,0.0,0.0,0.017728032260632513,0.00046043246298088094,0.0,0.0,0.0,0.0,0.017728032260632513,0.00046043246298088094
0.75,decision_weighted_unregularized_reference,20,100000,0.26666666666666666,0.26666666666666666,0.4666666666666667,0.0117,0.0035,0.0035,0.017333333333333333,0.00024999999999999935,0.05916079783099616,0.0,0.0,0.00024817420472890547,1.4557432661826256e-05,0.01731506201284353,0.00010913368702175151,0.0035222834227892305,4.789907290919536e-05,0.00350964475,2.9172299225328514e-05,0.011712510399999999,3.424655594885272e-05,0.5001105,0.0009624501354137194,0.029923000000000005,0.0006422173758897662,0.011616000000000001,0.00038268304873546947,0.0016464999999999997,0.0001301931763107988,0.0166605,0.0004283195437742098,0.38819233263125075,0.009661249396817798,0.05501030753187981,0.003980679442294783,0.5567973598368694,0.009158252230301941,0.039762711139173346,0.0012369854584073144,0.03482587176284787,0.001136166263859091,0.004936839376325474,0.0003957867768853935,0.0,0.0,0.024998588159351257,0.0006390245501605459,0.0,0.0,0.0,0.0,0.024998588159351257,0.0006390245501605459
0.9,pooled_R,20,100000,0.3333333333333333,0.3333333333333333,0.3333333333333333,0.012,0.004,0.004,0.016833333333333332,0.0,0.06324555320336758,0.0,0.0,0.0,0.0,0.016818955798345886,0.00010397609150120217,0.004018389637286878,5.01101176960642e-05,0.00400870875,2.7160362318091403e-05,0.01201128,3.223260199827089e-05,0.500234,0.001015129755771467,0.0,0.0,0.0,0.0,0.0,0.0,0.0,0.0,0.0,0.0,0.0,0.0,0.0,0.0,0.0,0.0,0.0,0.0,0.0,0.0,0.0,0.0,0.0,0.0,0.0,0.0,0.0,0.0,0.0,0.0
0.9,trace_matched_R_over_3,20,100000,0.3333333333333333,0.3333333333333333,0.3333333333333333,0.012,0.004,0.004,0.016833333333333332,0.0,0.06324555320336758,0.0,0.0,0.0,0.0,0.016818955798345886,0.00010397609150120217,0.004018389637286878,5.01101176960642e-05,0.00400870875,2.7160362318091403e-05,0.01201128,3.223260199827089e-05,0.500234,0.001015129755771467,0.0,0.0,0.0,0.0,0.0,0.0,0.0,0.0,0.0,0.0,0.0,0.0,0.0,0.0,0.0,0.0,0.0,0.0,0.0,0.0,0.0,0.0,0.0,0.0,0.0,0.0,0.0,0.0,0.0,0.0
0.9,decision_weighted_regularized,20,100000,0.2780669968584496,0.2780669968584496,0.4438660062831008,0.012288637771025054,0.0036812834966463174,0.0036812834966463174,0.017152049836687014,0.00031871650335368266,0.06067358153798338,0.0,0.0,0.0003138937203200333,1.284845833386701e-05,0.017132849518665914,0.00010087212251704891,0.003704495916966844,4.7691755575991254e-05,0.0036907604142196087,2.7842527319916257e-05,0.012300072412175973,3.0621878533304865e-05,0.5002000000000001,0.0008523095558230948,0.023115,0.0005310614990652909,0.010376,0.0003285278166545253,0.0005595000000000001,8.738752169142011e-05,0.0121795,0.0003106271245823774,0.44886776822784064,0.009109242039611285,0.02419000625869073,0.003628962485163494,0.5269422255134686,0.008456866869989485,0.03278599162942876,0.001025900214550639,0.031108285301451117,0.0009764893250298405,0.0016777063279776404,0.0002638004402423257,0.0,0.0,0.018274918534019267,0.00046112323662294836,0.0,0.0,0.0,0.0,0.018274918534019267,0.00046112323662294836
0.9,decision_weighted_unregularized_reference,20,100000,0.25641025641025644,0.25641025641025644,0.48717948717948717,0.012559171597633137,0.0036538461538461542,0.0036538461538461542,0.01717948717948718,0.00034615384615384586,0.06044705248269889,0.0,0.0,0.000341391686078559,1.4981445835448635e-05,0.017160347484424444,0.0001011957670262484,0.003676997951208319,4.688594097508534e-05,0.0036634692825443793,2.7897027076971437e-05,0.012570447337278107,2.9692229642446128e-05,0.5002275,0.0009531823429687262,0.032319499999999994,0.0006816271167697118,0.014562000000000002,0.00039722193186919407,0.000788,0.00010783027599451201,0.016969500000000002,0.0004514826452338655,0.4505710494653751,0.008350152659509526,0.024382559784186478,0.0032882300676493194,0.5250463907504386,0.008004094675392275,0.0460214168363976,0.0012114234834559548,0.043658504230038205,0.001183382816990264,0.002362912606359389,0.00032574444406833624,0.0,0.0,0.025462375419786243,0.0006796279026308688,0.0,0.0,0.0,0.0,0.025462375419786243,0.0006796279026308688
