rho,seed,utility_gain_full_minus_diagonal
0.0,0,0.0
0.0,1,0.0
0.0,2,0.0
0.0,3,0.0
0.0,4,0.0
0.0,5,0.0
0.0,6,0.0
0.0,7,0.0
0.0,8,0.0
0.0,9,0.0
0.0,10,0.0
0.0,11,0.0
0.0,12,0.0
0.0,13,0.0
0.0,14,0.0
0.0,15,0.0
0.0,16,0.0
0.0,17,0.0
0.0,18,0.0
0.0,19,0.0
0.25,0,6.462388078063569e-05
0.25,1,9.69996106041579e-05
0.25,2,8.891532978908684e-05
0.25,3,0.00013156443286567454
0.25,4,0.00011173944694921334
0.25,5,9.092146340795859e-05
0.25,6,8.905710889303003e-05
0.25,7,0.00011856133118855888
0.25,8,6.854056119896812e-05
0.25,9,0.00011229537314599858
0.25,10,6.699344161677917e-05
0.25,11,9.929207955168551e-05
0.25,12,7.985223811480396e-05
0.25,13,8.896715195065574e-05
0.25,14,8.43296850367159e-05
0.25,15,9.550230943921462e-05
0.25,16,0.00011317482709496257
0.25,17,9.271895397110208e-05
0.25,18,0.00010798371823972364
0.25,19,0.00012831910520268164
0.5,0,0.0003274889236543066
0.5,1,0.0003635058340752742
0.5,2,0.000322182530344349
0.5,3,0.0004182698309879232
0.5,4,0.00036692473847047685
0.5,5,0.00039406852895054745
0.5,6,0.0003700513316078624
0.5,7,0.00037304280759466873
0.5,8,0.0003248333548519361
0.5,9,0.00035897052954389497
0.5,10,0.0003169870344209985
0.5,11,0.0003329275187317071
0.5,12,0.00032808124584191023
0.5,13,0.00037264406638555514
0.5,14,0.00037044160927662134
0.5,15,0.0003302727337224226
0.5,16,0.0003643425391038485
0.5,17,0.00032681703522594724
0.5,18,0.00035172643584708424
0.5,19,0.0004055574502208198
0.75,0,0.0007207454854959994
0.75,1,0.000760743560328285
0.75,2,0.0007377600372041326
0.75,3,0.0007903043822720807
0.75,4,0.0007640261754149336
0.75,5,0.0007780345075617395
0.75,6,0.0007522761407961764
0.75,7,0.0007528676114847491
0.75,8,0.0007018133977797492
0.75,9,0.0007544135567166821
0.75,10,0.0007477532819932312
0.75,11,0.0007172775407851273
0.75,12,0.000686154491401865
0.75,13,0.0007817734358296358
0.75,14,0.0007737994895323577
0.75,15,0.0007328089537076421
0.75,16,0.000727259122015822
0.75,17,0.000690332666462859
0.75,18,0.0007406579945410177
0.75,19,0.0007896064993375834
0.9,0,0.0010323277511799095
0.9,1,0.001050575906811714
0.9,2,0.0010108599543637367
0.9,3,0.0010516967178738554
0.9,4,0.0010693933958777768
0.9,5,0.0010368273175302423
0.9,6,0.001038978130290781
0.9,7,0.0010136893915454262
0.9,8,0.0010130575426023775
0.9,9,0.0010330647077622726
0.9,10,0.001026321425084166
0.9,11,0.0010016665464382818
0.9,12,0.000995774051982215
0.9,13,0.001059960627910507
0.9,14,0.0010457014373559878
0.9,15,0.0010280104422854125
0.9,16,0.0009989806923063546
0.9,17,0.0009845717302211232
0.9,18,0.0010331383084919918
0.9,19,0.0010480112788203155
