variant,task,arm,calibration_net,mean_net,admissions,beneficial,harmful,negative_loss,admitted_covered,admitted_count,admitted_excess_sum,admitted_excess_max,service_error
core,rss,return_joint,0.0,5.0,1,1,0,0.0,1,1,0.0,0.0,0.0
core,rss,return_factorized,0.0,0.0,0,0,0,0,0,0,0,0.0,0.0
core,rss,return_gaussian,-4.0,0.0,0,0,0,0,0,0,0,0.0,0.0
core,gas,return_joint,0.0,105.8,6,6,0,0.0,6,6,0.0,0.0,0.0
core,gas,return_factorized,0.0,119.0,8,7,1,3.0,6,8,7.297641038104101,5.510325154684727,0.0
core,gas,return_gaussian,0.0,146.0,8,8,0,0.0,8,8,0.0,0.0,0.0
crossfit,rss,return_joint,85.0,18.8,9,5,3,12.0,4,9,20.894238860760176,5.186771921424762,0.0
crossfit,rss,return_factorized,81.66666666666667,15.4,7,6,1,4.0,6,7,9.017047109279774,9.017047109279774,0.0
crossfit,rss,return_gaussian,81.33333333333333,7.8,3,3,0,0.0,3,3,0.0,0.0,0.0
crossfit,gas,return_joint,0.0,-1.0,1,0,1,5.0,0,1,6.463517666280204,6.463517666280204,0.0
crossfit,gas,return_factorized,0.0,-1.0,1,0,1,5.0,0,1,6.164619260781695,6.164619260781695,0.0
crossfit,gas,return_gaussian,0.0,0.0,0,0,0,0,0,0,0,0.0,0.0
crossfit_sampling,rss,return_joint,85.0,-1.4,6,2,4,14.0,0,6,27.51241688572802,5.894063437410779,0.0
crossfit_sampling,rss,return_factorized,73.33333333333333,5.0,3,2,1,4.0,2,3,4.9101101137888365,4.9101101137888365,0.0
crossfit_sampling,rss,return_gaussian,81.33333333333333,2.8,2,2,0,0.0,2,2,0.0,0.0,0.0
crossfit_sampling,gas,return_joint,0.0,-1.0,1,0,1,5.0,0,1,6.302358043363336,6.302358043363336,0.0
crossfit_sampling,gas,return_factorized,0.0,-1.0,1,0,1,5.0,0,1,6.002798951266639,6.002798951266639,0.0
crossfit_sampling,gas,return_gaussian,0.0,0.0,0,0,0,0,0,0,0,0.0,0.0
mean_anchor,rss,return_joint,99.33333333333333,44.8,13,13,0,0.0,9,13,9.463136494274721,3.477391457999971,0.0
mean_anchor,rss,return_factorized,99.33333333333333,44.8,13,13,0,0.0,9,13,9.463136494274707,3.4773914579999428,0.0
mean_anchor,rss,return_gaussian,99.33333333333333,44.8,13,13,0,0.0,9,13,9.463136494274679,3.477391457999957,0.0
mean_anchor,gas,return_joint,0.0,677.0,39,35,4,20.0,26,39,153.87288810575416,27.324854441688366,0.0
mean_anchor,gas,return_factorized,0.0,677.0,39,35,4,20.0,26,39,154.46159366937215,27.325018421374168,0.0
mean_anchor,gas,return_gaussian,0.0,677.0,39,35,4,20.0,26,39,153.79586659591965,27.326069722412868,0.0
