arm,mean_paid_increment,mean_service_net,admissions,beneficial,harmful,zero,negative_loss,max_excess,total_excess,mean_excess,refused,binding_chains,max_chain_loss,minimum_chain_prefix,empty_stratum_issues,empty_stratum_missed_beneficial,empty_stratum_missed_beneficial_value,empty_stratum_harmful_potential,empty_stratum_harmful_potential_loss,admitted_covered,admitted_total
paired,659.0000000000003,99226.84,135,105,26,4,183.0,65.84221376326727,859.836753278706,6.369161135397823,39,19,35.0,-41.0,0,0,0,0,0,69,135
pair_factorized,558.8,99126.64,78,67,10,1,102.0,60.820173053030004,371.78231870378374,4.766439983381843,4,4,35.0,-41.0,0,0,0,0,0,56,78
full_gaussian,511.0,99078.84,73,62,10,1,71.0,62.63837801980921,269.82194631518854,3.6961910454135416,8,7,35.0,-41.0,0,0,0,0,0,48,73
joint_diagonal_kernel,578.6,99146.44,85,72,12,1,91.0,50.78847222541749,321.8937015910523,3.7869847246006154,12,9,35.0,-41.0,0,0,0,0,0,56,85
unconditional,628.6,99196.44,122,93,25,4,221.0,59.03323438630055,593.5014805024846,4.864766233626923,38,19,35.0,-41.0,0,0,0,0,0,73,122
conditional_moment,648.6000000000004,99216.44,138,106,28,4,225.0,66.07896095719335,902.8516963971989,6.542403597081153,41,21,35.0,-41.0,0,0,0,0,0,70,138
pdf,540.6,99108.44,113,82,27,4,275.0,58.770850260978065,692.7380235719111,6.130424987362045,44,22,35.0,-41.0,0,0,0,0,0,64,113
qmf,608.3999999999996,99176.24,117,93,21,3,349.0,90.83056365328329,1492.7538787640158,12.758580160376203,26,15,66.0,-57.0,0,0,0,0,0,48,117
dbf,366.4,98934.24,39,36,3,0,56.0,40.764215998805774,111.67088027220547,2.8633559044155246,2,1,35.0,-57.0,0,0,0,0,0,31,39
