slot,profile,quality_estimate,W
401,inf0,0.5472,0.23117971042763896
401,inf1,0.6269600000000001,0.26487651909669685
401,inf2,0.7294195919640566,0.30816339556011907
401,inf3,0.8068034231750367,0.3408563262822238
401,inf4,0.8843435636509067,0.3736152941581925
401,inf5,0.962,0.4064233944287074
601,inf0,0.5472,0.4254488745597177
601,inf1,0.6269600000000001,0.4874624020357467
601,inf2,0.7297176889297319,0.5673566694105858
601,inf3,0.8084715481174413,0.6285879207969993
601,inf4,0.8858119061532224,0.6887201727786672
601,inf5,0.962,0.7479565375117844
651,inf0,0.5472,0.3602577615162987
651,inf1,0.6269600000000001,0.4127690171057358
651,inf2,0.6453055255638499,0.4248470835777252
651,inf3,0.7107889919853447,0.4679591578272417
651,inf4,0.7794044231640602,0.5131332105354283
651,inf5,0.962,0.6333478921393993
1151,inf0,0.5472,0.26992518862304804
1151,inf1,0.6269600000000001,0.30926954725713857
1151,inf2,0.6955191808469953,0.34308871725342294
1151,inf3,0.7677240883817565,0.3787062671178787
1151,inf4,0.8422827156300071,0.41548487004817763
1151,inf5,0.962,0.47453953116844333
1251,inf0,0.5472,0.3330217631960055
1251,inf1,0.6269600000000001,0.38156309329928295
1251,inf2,0.6956801082106946,0.42338562912411076
1251,inf3,0.7682107742376498,0.46752724148901803
1251,inf4,0.8417789864466441,0.5123002965785961
1251,inf5,0.962,0.585465892168416
1500,inf0,0.5472,0.32527560601218714
1500,inf1,0.6269600000000001,0.3726878544323846
1500,inf2,0.6966179741218044,0.4140950908104021
1500,inf3,0.7692156616108511,0.4572497998620889
1500,inf4,0.8420599079326642,0.5005510724622877
1500,inf5,0.962,0.5718478307451097
