slot,source,forecast,target,squared_error
401,workload,0.017981199980839777,0.0,0.0003233235527509524
401,operating,0.15886622175807588,0.0,0.02523847641568614
401,performance,0.0037344225061555344,0.0,1.3945911454480983e-05
601,workload,0.011786478847072101,0.22747046841577587,0.046519583356272716
601,operating,0.043389798104185945,0.22747046841577587,0.033885693182364264
601,performance,0.0,0.22747046841577587,0.051742814001292485
651,workload,0.6564320336207663,0.0,0.43090301476349485
651,operating,0.8766533243919268,0.0,0.7685210511674168
651,performance,0.2708338024417064,0.0,0.07335094854503325
1151,workload,0.00904614277834806,,
1151,operating,0.009868647189958626,,
1151,performance,,,
1251,workload,,,
1251,operating,,,
1251,performance,,,
1500,workload,0.0077079863476215175,0.003141083320602231,2.0856603258197924e-05
1500,operating,0.013529866102966644,0.003141083320602231,0.00010792680769915125
1500,performance,0.005519435682536138,0.003141083320602231,5.656559957516595e-06
