slot,profile,admitted,delay,gain,cost,intensity,V,F,exact_proxy_increment,tangent_credit
401,tr0,True,1,0.0,0.0,0.0,8.929356126288065,0.0,0.0,0.0
401,tr1,False,1,0.09,0.1,0.0625,8.929356126288065,0.791413307566937,0.7694129947552955,0.8036420513659258
401,tr2,False,2,0.125,0.2,0.125,8.393909925708988,1.0244687531156456,0.9877581245742658,1.0492387407136234
401,tr3,False,4,0.165,0.35,0.25,7.314076526921638,1.1620326517461148,1.114357627577973,1.2068226269420703
401,tr4,False,8,0.21,0.5,0.5,5.118400935277369,1.0042842460163364,0.9708636169206935,1.0748641964082475
601,tr0,True,1,0.0,0.0,0.0,3.3944811046131855,0.0,0.0,0.0
601,tr1,False,1,0.09,0.1,0.0625,3.3944811046131855,0.2932303760657096,0.2925309759642556,0.30550329941518667
601,tr2,False,2,0.125,0.2,0.125,3.1979108937315033,0.37488051501748393,0.3763817883425197,0.3997388617164379
601,tr3,False,4,0.165,0.35,0.25,2.7986746431587077,0.41681462272327885,0.42648359755799364,0.4617813161211868
601,tr4,False,8,0.21,0.5,0.5,1.9755224395867377,0.343926325517399,0.3747800283782668,0.4148597123132149
651,tr0,True,1,0.0,0.0,0.0,2.8506700589388996,0.0,0.0,0.0
651,tr1,True,1,0.09,0.1,0.0625,2.8506700589388996,0.2419455120192958,0.2491506584883409,0.25656030530450097
651,tr2,True,2,0.125,0.2,0.125,2.856962996005918,0.3275782879303294,0.3425066136132076,0.35712037450073975
651,tr3,True,4,0.165,0.35,0.25,2.8175613199616656,0.41056344465285416,0.43862641912421135,0.46489761779367483
651,tr4,True,8,0.21,0.5,0.5,2.485513223368941,0.4322894306258363,0.48069402382073556,0.5219577769074777
1151,tr0,True,1,0.0,0.0,0.0,7.585351279987873,0.0,0.0,0.0
1151,tr1,False,1,0.09,0.1,0.0625,7.585351279987873,0.6696211768271079,0.6547854897491602,0.6826816151989086
1151,tr2,False,2,0.125,0.2,0.125,7.166795380138102,0.8694160457736614,0.8453313193146824,0.8958494225172627
1151,tr3,False,4,0.165,0.35,0.25,6.308241425100343,0.992743081654354,0.9636652565407847,1.0408598351415568
1151,tr4,False,8,0.21,0.5,0.5,4.503733355784314,0.8685504977403006,0.8562215083910012,0.945784004714706
1251,tr0,True,1,0.0,0.0,0.0,5.966582476848805,0.0,0.0,0.0
1251,tr1,False,1,0.09,0.1,0.0625,5.966582476848805,0.5198361729163924,0.5171399969881952,0.5369924229163924
1251,tr2,False,2,0.125,0.2,0.125,5.717938663916883,0.6801173329896104,0.6780091143146016,0.7147423329896104
1251,tr3,False,4,0.165,0.35,0.25,5.17561660800182,0.7894767403203004,0.79545802791849,0.8539767403203004
1251,tr4,False,8,0.21,0.5,0.5,3.901062410656978,0.7092231062379653,0.7456233361829834,0.8192231062379653
1500,tr0,True,1,0.0,0.0,0.0,0.0,0.0,0.0,0.0
1500,tr1,False,1,0.09,0.1,0.0625,0.0,-0.012320548340636424,0.0,0.0
1500,tr2,False,2,0.125,0.2,0.125,0.0,-0.02495359668127285,0.0,0.0
1500,tr3,False,4,0.165,0.35,0.25,0.0,-0.04515719336254569,0.0,0.0
1500,tr4,False,8,0.21,0.5,0.5,0.0,-0.07131438672509138,0.0,0.0
