task,chain,seed,k,D,score,q,covered,old_CJ_action,old_CJ_score,raw_mass,effective_mass,multiplier,blocks
rss348,rss348,88001,28,-4.0,2.401154430164544,0.1661220135102672,False,False,-0.4000495647220772,0.17264794913563902,1.3155862199773938,7.6200512462723635,3
rss348,rss348,88002,28,-4.0,2.2954061110829125,0.1661220135102672,False,False,-0.3286662701144536,0.17545735179833805,1.259979019696643,7.181112713617154,3
rss348,rss348,88003,28,-4.0,1.9592264981153082,0.1661220135102672,False,False,-0.8287241746836598,0.14814176965278705,1.2557058521384075,8.476379451126554,3
rss348,rss348,88005,28,-2.0,1.5640790455905407,0.1661220135102672,False,False,-0.6320325988928852,0.20296238961682586,1.353562810796199,6.669032688034467,4
arem366,arem366,92001,12,-30.0,10.718083452092955,1.2815515655446004,False,True,4.817585568780647,0.12574466362235387,1.7657740916153324,14.042537001160083,2
arem366,arem366,92002,12,-30.0,10.81894489445202,1.2815515655446004,False,True,4.761974042841505,0.10931276453172589,1.755593237733375,16.060276631498496,2
arem366,arem366,92003,12,-30.0,5.70057918570641,1.2815515655446004,False,True,1.0132598568854334,0.1307555045076417,1.6306565862625482,12.47103586501208,2
arem366,arem366,92004,12,-31.0,9.008645491994379,1.2815515655446004,False,True,4.1707917147591616,0.10896292042303475,1.6306565862625484,14.965243038014496,2
arem366,arem366,92005,12,-29.0,5.312892708540062,1.2815515655446004,False,True,3.581491601342268,0.14969282404091358,1.594783810663479,10.653709159950097,2
