backbone,method,seed,window,available_evaluation_slot,gamma,uncertainty,source_scores,source_weights,stored_source_forecasts,combined_forecast,next_window_performance_target_posthoc,absolute_error_posthoc,target_in_decision_inputs
dqn,fusion,10,18,901,0.04172201801920353,0.03090582585029753,"[0.02, 0.28005298806453716, 0.0]","[0.4262963061283962, 0.11853503912261663, 0.4551686547489871]","[0.01903138702025443, 0.11060241836373882, 0.0002029146833681968]",0.021315632378493682,0.6120498574988795,0.5907342251203859,False
dqn,fusion,10,19,951,0.8201387336472346,0.07985186817077262,"[0.9724511249783654, 0.8257898969866166, 0.6120498574988795]","[0.35543184513322085, 0.37424335118249685, 0.27032480368428236]","[1.0, 0.8604251646772763, 0.595133533250262]",0.8383195977456068,,,False
dqn,fusion,10,20,1001,0.0885591148324085,0.2373605514898976,"[0.0015284029975106465, 0.29163077578050345, null]","[0.7, 0.30000000000000004, 0.0]","[0.0380669703806816, 0.2209281434662172, null]",0.09292532230634229,0.016842107708296666,0.07608321459804562,False
dqn,fusion,10,36,1801,0.03606919795833909,0.03744550057162864,"[0.01007286462500093, 0.33717958502478373, 0.0]","[0.4550773122637402, 0.09337832774093632, 0.45154435999532344]","[0.0351569752578947, 0.08365576764024028, 0.023377210250509053]",0.03436662493685773,0.0,0.03436662493685773,False
dqn,fusion,10,37,1851,0.5733457369223205,0.698768050166225,"[1.0, 0.6922224682988983, 0.0]","[0.3461413989471999, 0.32822444861326705, 0.32563415243953303]","[1.0, 0.20142896255923395, 0.022496411496108922]",0.41958090900841327,,,False
dqn,fusion,10,38,1901,0.073642087289903,0.18995187085667029,"[0.021878480204707902, 0.18610142649166914, null]","[0.6847967457924913, 0.3152032542075087, 0.0]","[0.04627861917902573, 0.023358377897343782, null]",0.039054084539818304,0.0,0.039054084539818304,False
ppo,fusion,10,18,901,0.0416687939097239,0.03070378374324606,"[0.02, 0.2788126749384402, 0.0]","[0.4260907179779256, 0.11888620041210107, 0.4550230816099733]","[0.01964365978102837, 0.10867998845831103, 0.00021663628427473912]",0.021389106498111304,0.6117396527304073,0.590350546232296,False
ppo,fusion,10,19,951,0.8201572145490938,0.08000432495970115,"[0.9724511249783654, 0.8257898969866166, 0.6117396527304073]","[0.35588434095270055, 0.3739589156825811, 0.2701567433647183]","[1.0, 0.8481035536410624, 0.59228594142162]",0.8330502673340272,,,False
ppo,fusion,10,20,1001,0.10538356584349577,0.26733501859781683,"[0.0015284029975106465, 0.34771227915079433, null]","[0.7, 0.30000000000000004, 0.0]","[0.03866408452275608, 0.28463142903151334, null]",0.11245428787538327,0.0,0.11245428787538327,False
ppo,fusion,10,36,1801,0.03248727183183446,0.032808699169570056,"[0.01007286462500093, 0.3306232918870446, 0.0]","[0.45943479968922346, 0.0842634139039076, 0.45630178640686897]","[0.036681548794373256, 0.07787072834852912, 0.025030592835923633]",0.03483593766231915,0.0,0.03483593766231915,False
ppo,fusion,10,37,1851,0.5733244870711196,0.6980146452579591,"[1.0, 0.6922224682988983, 0.0]","[0.3454980505742399, 0.3291231459977768, 0.3253788034279833]","[1.0, 0.1884023095910333, 0.02407569947488416]",0.4153393337069174,,,False
ppo,fusion,10,38,1901,0.0762275052581244,0.19167275468419992,"[0.021878480204707902, 0.19125297256391413, null]","[0.6791191855609869, 0.3208808144390131, 0.0]","[0.047746256660835304, 0.027021018032780515, null]",0.04109592521042219,0.0,0.04109592521042219,False
