method,seed,scenario,roc_auc,average_precision,nominal_window_alarm_fraction,detected_changes,change_count,detection_delay_slots,forecast_mae,forecast_pairs,persistence_mae,fallback_windows,coverage_mean,maximum_source_weight,reference_feedback
fusion,10,clean,1.0,1.0,0.0,2,2,50.0,0.046794402714506037,58,0.0482890193978457,0,1.0,0.6308400668418725,dqn_no_rt executed log; identical for all fusion variants
equal,10,clean,1.0,1.0,0.017543859649122806,2,2,50.0,0.04721468182740731,58,0.0482890193978457,0,1.0,0.3333333333333333,dqn_no_rt executed log; identical for all fusion variants
fixed,10,clean,1.0,1.0,0.017543859649122806,2,2,50.0,0.04738060951432704,58,0.0482890193978457,0,1.0,0.4,dqn_no_rt executed log; identical for all fusion variants
workload,10,clean,1.0,1.0,0.0,2,2,50.0,0.05031354004956418,58,0.0482890193978457,0,1.0,1.0,dqn_no_rt executed log; identical for all fusion variants
operating,10,clean,1.0,1.0,0.7017543859649122,2,2,50.0,0.051364878231214904,58,0.0482890193978457,0,1.0,1.0,dqn_no_rt executed log; identical for all fusion variants
performance,10,clean,0.6403508771929824,0.5169491525423728,0.0,1,2,50.0,0.04471522516360251,58,0.0482890193978457,0,1.0,1.0,dqn_no_rt executed log; identical for all fusion variants
no_predictive,10,clean,1.0,1.0,0.0,2,2,50.0,0.06743746112753589,58,0.0482890193978457,0,1.0,0.6388360722665739,dqn_no_rt executed log; identical for all fusion variants
uncapped,10,clean,1.0,1.0,0.0,2,2,50.0,0.046794402714506037,58,0.0482890193978457,0,1.0,0.6308400668418725,dqn_no_rt executed log; identical for all fusion variants
no_disagreement,10,clean,1.0,1.0,0.0,2,2,50.0,0.046794402714506037,58,0.0482890193978457,0,1.0,0.6308400668418725,dqn_no_rt executed log; identical for all fusion variants
fusion,10,performance_outage,1.0,1.0,0.0,2,2,50.0,0.04754484184371646,58,0.0482890193978457,0,0.9830508474576272,0.7,dqn_no_rt executed log; identical for all fusion variants
equal,10,performance_outage,1.0,1.0,0.05263157894736842,2,2,50.0,0.04920956838162968,58,0.0482890193978457,0,0.9830508474576272,0.5,dqn_no_rt executed log; identical for all fusion variants
uncapped,10,performance_outage,1.0,1.0,0.0,2,2,50.0,0.047482087146163955,58,0.0482890193978457,0,0.9830508474576272,0.8147624133310597,dqn_no_rt executed log; identical for all fusion variants
workload,10,performance_outage,1.0,1.0,0.0,2,2,50.0,0.05977492644753752,58,0.0482890193978457,0,1.0,1.0,dqn_no_rt executed log; identical for all fusion variants
fusion,10,all_outage,0.5087719298245614,0.5169491525423728,0.0,1,2,50.0,0.03641889683840332,55,0.038444283781490125,3,0.9491525423728814,0.6395307082187756,dqn_no_rt executed log; identical for all fusion variants
equal,10,all_outage,0.5087719298245614,0.5169491525423728,0.017543859649122806,1,2,50.0,0.03760908666309244,55,0.038444283781490125,3,0.9491525423728814,0.3333333333333333,dqn_no_rt executed log; identical for all fusion variants
uncapped,10,all_outage,0.5087719298245614,0.5169491525423728,0.0,1,2,50.0,0.03641889683840332,55,0.038444283781490125,3,0.9491525423728814,0.6395307082187756,dqn_no_rt executed log; identical for all fusion variants
workload,10,all_outage,0.5614035087719298,0.5169491525423728,0.0,1,2,50.0,0.045232646770310546,55,0.038444283781490125,3,0.9491525423728814,1.0,dqn_no_rt executed log; identical for all fusion variants
fusion,10,operating_noise,1.0,1.0,0.0,2,2,50.0,0.0465452457805347,58,0.0482890193978457,0,1.0,0.6305395582842871,dqn_no_rt executed log; identical for all fusion variants
equal,10,operating_noise,1.0,1.0,0.03508771929824561,2,2,50.0,0.04726929262458658,58,0.0482890193978457,0,1.0,0.3333333333333333,dqn_no_rt executed log; identical for all fusion variants
uncapped,10,operating_noise,1.0,1.0,0.0,2,2,50.0,0.0465452457805347,58,0.0482890193978457,0,1.0,0.6305395582842871,dqn_no_rt executed log; identical for all fusion variants
workload,10,operating_noise,1.0,1.0,0.0,2,2,50.0,0.05031354004956418,58,0.0482890193978457,0,1.0,1.0,dqn_no_rt executed log; identical for all fusion variants
fusion,10,conflict,0.9824561403508771,0.5833333333333333,0.017543859649122806,2,2,50.0,0.05121927602181775,58,0.0482890193978457,0,1.0,0.6403542834666947,dqn_no_rt executed log; identical for all fusion variants
equal,10,conflict,1.0,1.0,0.03508771929824561,2,2,50.0,0.04725162826797039,58,0.0482890193978457,0,1.0,0.3333333333333333,dqn_no_rt executed log; identical for all fusion variants
uncapped,10,conflict,0.9824561403508771,0.5833333333333333,0.017543859649122806,2,2,50.0,0.05121927602181775,58,0.0482890193978457,0,1.0,0.6403542834666947,dqn_no_rt executed log; identical for all fusion variants
workload,10,conflict,0.7280701754385965,0.27941176470588236,0.017543859649122806,1,2,50.0,0.050342453400187843,58,0.0482890193978457,0,1.0,1.0,dqn_no_rt executed log; identical for all fusion variants
fusion,20,clean,1.0,1.0,0.0,2,2,50.0,0.04583242414871823,58,0.04408677079360422,0,1.0,0.6885809514119283,dqn_no_rt executed log; identical for all fusion variants
equal,20,clean,1.0,1.0,0.0,2,2,50.0,0.046821744689541325,58,0.04408677079360422,0,1.0,0.3333333333333333,dqn_no_rt executed log; identical for all fusion variants
fixed,20,clean,1.0,1.0,0.0,2,2,50.0,0.04693697008859941,58,0.04408677079360422,0,1.0,0.4,dqn_no_rt executed log; identical for all fusion variants
workload,20,clean,1.0,1.0,0.0,2,2,50.0,0.048342694390116014,58,0.04408677079360422,0,1.0,1.0,dqn_no_rt executed log; identical for all fusion variants
operating,20,clean,1.0,1.0,0.6842105263157895,2,2,50.0,0.04822814467245419,58,0.04408677079360422,0,1.0,1.0,dqn_no_rt executed log; identical for all fusion variants
performance,20,clean,0.6140350877192982,0.5169491525423728,0.0,1,2,50.0,0.045200967529000616,58,0.04408677079360422,0,1.0,1.0,dqn_no_rt executed log; identical for all fusion variants
no_predictive,20,clean,1.0,1.0,0.0,2,2,50.0,0.06435857588116338,58,0.04408677079360422,0,1.0,0.6953813710886049,dqn_no_rt executed log; identical for all fusion variants
uncapped,20,clean,1.0,1.0,0.0,2,2,50.0,0.04583242414871823,58,0.04408677079360422,0,1.0,0.6885809514119283,dqn_no_rt executed log; identical for all fusion variants
no_disagreement,20,clean,1.0,1.0,0.0,2,2,50.0,0.04583242414871823,58,0.04408677079360422,0,1.0,0.6885809514119283,dqn_no_rt executed log; identical for all fusion variants
fusion,20,performance_outage,1.0,1.0,0.0,2,2,50.0,0.04298644858994117,58,0.04408677079360422,0,0.9830508474576272,0.7,dqn_no_rt executed log; identical for all fusion variants
equal,20,performance_outage,1.0,1.0,0.017543859649122806,2,2,50.0,0.04553829888995141,58,0.04408677079360422,0,0.9830508474576272,0.5,dqn_no_rt executed log; identical for all fusion variants
uncapped,20,performance_outage,1.0,1.0,0.0,2,2,50.0,0.04317629336826524,58,0.04408677079360422,0,0.9830508474576272,0.817100151675217,dqn_no_rt executed log; identical for all fusion variants
workload,20,performance_outage,1.0,1.0,0.0,2,2,50.0,0.05656367303778779,58,0.04408677079360422,0,1.0,1.0,dqn_no_rt executed log; identical for all fusion variants
fusion,20,all_outage,0.5087719298245614,0.5169491525423728,0.0,1,2,50.0,0.03400467439914156,55,0.03138531159986939,3,0.9491525423728814,0.6958889176719213,dqn_no_rt executed log; identical for all fusion variants
equal,20,all_outage,0.5087719298245614,0.5169491525423728,0.0,1,2,50.0,0.03546248087782883,55,0.03138531159986939,3,0.9491525423728814,0.3333333333333333,dqn_no_rt executed log; identical for all fusion variants
uncapped,20,all_outage,0.5087719298245614,0.5169491525423728,0.0,1,2,50.0,0.03400467439914156,55,0.03138531159986939,3,0.9491525423728814,0.6958889176719213,dqn_no_rt executed log; identical for all fusion variants
workload,20,all_outage,0.5482456140350878,0.5169491525423728,0.0,1,2,50.0,0.04227393084084884,55,0.03138531159986939,3,0.9491525423728814,1.0,dqn_no_rt executed log; identical for all fusion variants
fusion,20,operating_noise,1.0,1.0,0.0,2,2,50.0,0.04594875222271421,58,0.04408677079360422,0,1.0,0.6877844975675774,dqn_no_rt executed log; identical for all fusion variants
equal,20,operating_noise,1.0,1.0,0.017543859649122806,2,2,50.0,0.04570207890065487,58,0.04408677079360422,0,1.0,0.3333333333333333,dqn_no_rt executed log; identical for all fusion variants
uncapped,20,operating_noise,1.0,1.0,0.0,2,2,50.0,0.04594875222271421,58,0.04408677079360422,0,1.0,0.6877844975675774,dqn_no_rt executed log; identical for all fusion variants
workload,20,operating_noise,1.0,1.0,0.0,2,2,50.0,0.048342694390116014,58,0.04408677079360422,0,1.0,1.0,dqn_no_rt executed log; identical for all fusion variants
fusion,20,conflict,0.9824561403508771,0.5833333333333333,0.017543859649122806,2,2,50.0,0.05123984477313147,58,0.04408677079360422,0,1.0,0.67784702463471,dqn_no_rt executed log; identical for all fusion variants
equal,20,conflict,1.0,1.0,0.017543859649122806,2,2,50.0,0.04723323399662156,58,0.04408677079360422,0,1.0,0.3333333333333333,dqn_no_rt executed log; identical for all fusion variants
uncapped,20,conflict,0.9824561403508771,0.5833333333333333,0.017543859649122806,2,2,50.0,0.05123984477313147,58,0.04408677079360422,0,1.0,0.67784702463471,dqn_no_rt executed log; identical for all fusion variants
workload,20,conflict,0.9473684210526315,0.375,0.017543859649122806,1,2,50.0,0.049581591793088756,58,0.04408677079360422,0,1.0,1.0,dqn_no_rt executed log; identical for all fusion variants
fusion,30,clean,1.0,1.0,0.0,2,2,50.0,0.04674014510643327,58,0.05105858656382454,0,1.0,0.5392140142557384,dqn_no_rt executed log; identical for all fusion variants
equal,30,clean,1.0,1.0,0.0,2,2,50.0,0.04731266630093875,58,0.05105858656382454,0,1.0,0.3333333333333333,dqn_no_rt executed log; identical for all fusion variants
fixed,30,clean,1.0,1.0,0.0,2,2,50.0,0.04758177110838754,58,0.05105858656382454,0,1.0,0.4,dqn_no_rt executed log; identical for all fusion variants
workload,30,clean,1.0,1.0,0.0,2,2,50.0,0.05123801022458165,58,0.05105858656382454,0,1.0,1.0,dqn_no_rt executed log; identical for all fusion variants
operating,30,clean,1.0,1.0,0.6666666666666666,2,2,50.0,0.04802759400763415,58,0.05105858656382454,0,1.0,1.0,dqn_no_rt executed log; identical for all fusion variants
performance,30,clean,0.618421052631579,0.5169491525423728,0.0,1,2,50.0,0.045550346394758634,58,0.05105858656382454,0,1.0,1.0,dqn_no_rt executed log; identical for all fusion variants
no_predictive,30,clean,1.0,1.0,0.0,2,2,50.0,0.06816581738102197,58,0.05105858656382454,0,1.0,0.5653590513749541,dqn_no_rt executed log; identical for all fusion variants
uncapped,30,clean,1.0,1.0,0.0,2,2,50.0,0.04674014510643327,58,0.05105858656382454,0,1.0,0.5392140142557384,dqn_no_rt executed log; identical for all fusion variants
no_disagreement,30,clean,1.0,1.0,0.0,2,2,50.0,0.04674014510643327,58,0.05105858656382454,0,1.0,0.5392140142557384,dqn_no_rt executed log; identical for all fusion variants
fusion,30,performance_outage,1.0,1.0,0.0,2,2,50.0,0.051649798468600974,58,0.05105858656382454,0,0.9830508474576272,0.7,dqn_no_rt executed log; identical for all fusion variants
equal,30,performance_outage,1.0,1.0,0.0,2,2,50.0,0.05222541977809883,58,0.05105858656382454,0,0.9830508474576272,0.5,dqn_no_rt executed log; identical for all fusion variants
uncapped,30,performance_outage,1.0,1.0,0.0,2,2,50.0,0.05157166592225203,58,0.05105858656382454,0,0.9830508474576272,0.7734345759374467,dqn_no_rt executed log; identical for all fusion variants
workload,30,performance_outage,1.0,1.0,0.0,2,2,50.0,0.06217432144630992,58,0.05105858656382454,0,1.0,1.0,dqn_no_rt executed log; identical for all fusion variants
fusion,30,all_outage,0.5087719298245614,0.5169491525423728,0.0,1,2,50.0,0.04066614460576876,55,0.042007932196913594,3,0.9491525423728814,0.5844377736764753,dqn_no_rt executed log; identical for all fusion variants
equal,30,all_outage,0.5087719298245614,0.5169491525423728,0.0,1,2,50.0,0.04105165796759272,55,0.042007932196913594,3,0.9491525423728814,0.3333333333333333,dqn_no_rt executed log; identical for all fusion variants
uncapped,30,all_outage,0.5087719298245614,0.5169491525423728,0.0,1,2,50.0,0.04066614460576876,55,0.042007932196913594,3,0.9491525423728814,0.5844377736764753,dqn_no_rt executed log; identical for all fusion variants
workload,30,all_outage,0.5350877192982456,0.5169491525423728,0.0,1,2,50.0,0.046898004099753005,55,0.042007932196913594,3,0.9491525423728814,1.0,dqn_no_rt executed log; identical for all fusion variants
fusion,30,operating_noise,1.0,1.0,0.0,2,2,50.0,0.0477588983584718,58,0.05105858656382454,0,1.0,0.5390611615714084,dqn_no_rt executed log; identical for all fusion variants
equal,30,operating_noise,1.0,1.0,0.017543859649122806,2,2,50.0,0.047237427105383485,58,0.05105858656382454,0,1.0,0.3333333333333333,dqn_no_rt executed log; identical for all fusion variants
uncapped,30,operating_noise,1.0,1.0,0.0,2,2,50.0,0.0477588983584718,58,0.05105858656382454,0,1.0,0.5390611615714084,dqn_no_rt executed log; identical for all fusion variants
workload,30,operating_noise,1.0,1.0,0.0,2,2,50.0,0.05123801022458165,58,0.05105858656382454,0,1.0,1.0,dqn_no_rt executed log; identical for all fusion variants
fusion,30,conflict,0.9824561403508771,0.5833333333333333,0.017543859649122806,2,2,50.0,0.04802511048374244,58,0.05105858656382454,0,1.0,0.5934158850651626,dqn_no_rt executed log; identical for all fusion variants
equal,30,conflict,1.0,1.0,0.017543859649122806,2,2,50.0,0.04496643858346916,58,0.05105858656382454,0,1.0,0.3333333333333333,dqn_no_rt executed log; identical for all fusion variants
uncapped,30,conflict,0.9824561403508771,0.5833333333333333,0.017543859649122806,2,2,50.0,0.04802511048374244,58,0.05105858656382454,0,1.0,0.5934158850651626,dqn_no_rt executed log; identical for all fusion variants
workload,30,conflict,0.8640350877192982,0.3055555555555556,0.017543859649122806,1,2,50.0,0.04969806693959322,58,0.05105858656382454,0,1.0,1.0,dqn_no_rt executed log; identical for all fusion variants
fusion,40,clean,1.0,1.0,0.0,2,2,50.0,0.05030316520736924,58,0.05352296579327289,0,1.0,0.6391199063660296,dqn_no_rt executed log; identical for all fusion variants
equal,40,clean,1.0,1.0,0.0,2,2,50.0,0.05055951262605798,58,0.05352296579327289,0,1.0,0.3333333333333333,dqn_no_rt executed log; identical for all fusion variants
fixed,40,clean,1.0,1.0,0.0,2,2,50.0,0.05086144405184294,58,0.05352296579327289,0,1.0,0.4,dqn_no_rt executed log; identical for all fusion variants
workload,40,clean,1.0,1.0,0.0,2,2,50.0,0.05425292508193756,58,0.05352296579327289,0,1.0,1.0,dqn_no_rt executed log; identical for all fusion variants
operating,40,clean,1.0,1.0,0.7192982456140351,2,2,50.0,0.05080639573219701,58,0.05352296579327289,0,1.0,1.0,dqn_no_rt executed log; identical for all fusion variants
performance,40,clean,0.6052631578947368,0.5169491525423728,0.0,1,2,50.0,0.04806940663239124,58,0.05352296579327289,0,1.0,1.0,dqn_no_rt executed log; identical for all fusion variants
no_predictive,40,clean,1.0,1.0,0.0,2,2,50.0,0.06582511227609474,58,0.05352296579327289,0,1.0,0.6495712937658381,dqn_no_rt executed log; identical for all fusion variants
uncapped,40,clean,1.0,1.0,0.0,2,2,50.0,0.05030316520736924,58,0.05352296579327289,0,1.0,0.6391199063660296,dqn_no_rt executed log; identical for all fusion variants
no_disagreement,40,clean,1.0,1.0,0.0,2,2,50.0,0.05030316520736924,58,0.05352296579327289,0,1.0,0.6391199063660296,dqn_no_rt executed log; identical for all fusion variants
fusion,40,performance_outage,1.0,1.0,0.0,2,2,50.0,0.0537214472483191,58,0.05352296579327289,0,0.9830508474576272,0.7,dqn_no_rt executed log; identical for all fusion variants
equal,40,performance_outage,1.0,1.0,0.0,2,2,50.0,0.054505199320845896,58,0.05352296579327289,0,0.9830508474576272,0.5,dqn_no_rt executed log; identical for all fusion variants
uncapped,40,performance_outage,1.0,1.0,0.0,2,2,50.0,0.053805922151208364,58,0.05352296579327289,0,0.9830508474576272,0.8122681012392687,dqn_no_rt executed log; identical for all fusion variants
workload,40,performance_outage,1.0,1.0,0.0,2,2,50.0,0.06567118103791843,58,0.05352296579327289,0,1.0,1.0,dqn_no_rt executed log; identical for all fusion variants
fusion,40,all_outage,0.5087719298245614,0.5169491525423728,0.0,1,2,50.0,0.04168721604260895,55,0.042572139300550024,3,0.9491525423728814,0.6500122649518115,dqn_no_rt executed log; identical for all fusion variants
equal,40,all_outage,0.5087719298245614,0.5169491525423728,0.0,1,2,50.0,0.042595138040838844,55,0.042572139300550024,3,0.9491525423728814,0.3333333333333333,dqn_no_rt executed log; identical for all fusion variants
uncapped,40,all_outage,0.5087719298245614,0.5169491525423728,0.0,1,2,50.0,0.04168721604260895,55,0.042572139300550024,3,0.9491525423728814,0.6500122649518115,dqn_no_rt executed log; identical for all fusion variants
workload,40,all_outage,0.5701754385964912,0.5169491525423728,0.0,1,2,50.0,0.050267844896903474,55,0.042572139300550024,3,0.9491525423728814,1.0,dqn_no_rt executed log; identical for all fusion variants
fusion,40,operating_noise,1.0,1.0,0.0,2,2,50.0,0.05039158435598828,58,0.05352296579327289,0,1.0,0.6388635722015973,dqn_no_rt executed log; identical for all fusion variants
equal,40,operating_noise,1.0,1.0,0.03508771929824561,2,2,50.0,0.0500027475200556,58,0.05352296579327289,0,1.0,0.3333333333333333,dqn_no_rt executed log; identical for all fusion variants
uncapped,40,operating_noise,1.0,1.0,0.0,2,2,50.0,0.05039158435598828,58,0.05352296579327289,0,1.0,0.6388635722015973,dqn_no_rt executed log; identical for all fusion variants
workload,40,operating_noise,1.0,1.0,0.0,2,2,50.0,0.05425292508193756,58,0.05352296579327289,0,1.0,1.0,dqn_no_rt executed log; identical for all fusion variants
fusion,40,conflict,0.9912280701754386,0.8333333333333333,0.017543859649122806,2,2,50.0,0.05121070847603354,58,0.05352296579327289,0,1.0,0.6382091344539376,dqn_no_rt executed log; identical for all fusion variants
equal,40,conflict,1.0,1.0,0.017543859649122806,2,2,50.0,0.04907901451481094,58,0.05352296579327289,0,1.0,0.3333333333333333,dqn_no_rt executed log; identical for all fusion variants
uncapped,40,conflict,0.9912280701754386,0.8333333333333333,0.017543859649122806,2,2,50.0,0.05121070847603354,58,0.05352296579327289,0,1.0,0.6382091344539376,dqn_no_rt executed log; identical for all fusion variants
workload,40,conflict,0.9517543859649124,0.39285714285714285,0.017543859649122806,1,2,50.0,0.053290316779378434,58,0.05352296579327289,0,1.0,1.0,dqn_no_rt executed log; identical for all fusion variants
fusion,50,clean,1.0,1.0,0.0,2,2,50.0,0.0478839814168728,58,0.048096628203396025,0,1.0,0.5711679334453263,dqn_no_rt executed log; identical for all fusion variants
equal,50,clean,1.0,1.0,0.03508771929824561,2,2,50.0,0.049404628066871785,58,0.048096628203396025,0,1.0,0.3333333333333333,dqn_no_rt executed log; identical for all fusion variants
fixed,50,clean,1.0,1.0,0.017543859649122806,2,2,50.0,0.04964306083141062,58,0.048096628203396025,0,1.0,0.4,dqn_no_rt executed log; identical for all fusion variants
workload,50,clean,1.0,1.0,0.0,2,2,50.0,0.0520853382289122,58,0.048096628203396025,0,1.0,1.0,dqn_no_rt executed log; identical for all fusion variants
operating,50,clean,1.0,1.0,0.7192982456140351,2,2,50.0,0.05250960491994768,58,0.048096628203396025,0,1.0,1.0,dqn_no_rt executed log; identical for all fusion variants
performance,50,clean,0.6271929824561404,0.5169491525423728,0.017543859649122806,1,2,50.0,0.04634987391695848,58,0.048096628203396025,0,1.0,1.0,dqn_no_rt executed log; identical for all fusion variants
no_predictive,50,clean,1.0,1.0,0.0,2,2,50.0,0.06437213493158069,58,0.048096628203396025,0,1.0,0.6152591029848062,dqn_no_rt executed log; identical for all fusion variants
uncapped,50,clean,1.0,1.0,0.0,2,2,50.0,0.0478839814168728,58,0.048096628203396025,0,1.0,0.5711679334453263,dqn_no_rt executed log; identical for all fusion variants
no_disagreement,50,clean,1.0,1.0,0.0,2,2,50.0,0.0478839814168728,58,0.048096628203396025,0,1.0,0.5711679334453263,dqn_no_rt executed log; identical for all fusion variants
fusion,50,performance_outage,1.0,1.0,0.0,2,2,50.0,0.04661034595847082,58,0.048096628203396025,0,0.9830508474576272,0.7,dqn_no_rt executed log; identical for all fusion variants
equal,50,performance_outage,1.0,1.0,0.03508771929824561,2,2,50.0,0.050553627932911294,58,0.048096628203396025,0,0.9830508474576272,0.5,dqn_no_rt executed log; identical for all fusion variants
uncapped,50,performance_outage,1.0,1.0,0.0,2,2,50.0,0.04646095576473174,58,0.048096628203396025,0,0.9830508474576272,0.818774997114006,dqn_no_rt executed log; identical for all fusion variants
workload,50,performance_outage,1.0,1.0,0.0,2,2,50.0,0.060146644770033036,58,0.048096628203396025,0,1.0,1.0,dqn_no_rt executed log; identical for all fusion variants
fusion,50,all_outage,0.5087719298245614,0.5169491525423728,0.0,1,2,50.0,0.03859957746814303,55,0.039926575724122004,3,0.9491525423728814,0.6150679944964278,dqn_no_rt executed log; identical for all fusion variants
equal,50,all_outage,0.5087719298245614,0.5169491525423728,0.03508771929824561,1,2,50.0,0.04124571289884543,55,0.039926575724122004,3,0.9491525423728814,0.3333333333333333,dqn_no_rt executed log; identical for all fusion variants
uncapped,50,all_outage,0.5087719298245614,0.5169491525423728,0.0,1,2,50.0,0.03859957746814303,55,0.039926575724122004,3,0.9491525423728814,0.6150679944964278,dqn_no_rt executed log; identical for all fusion variants
workload,50,all_outage,0.5482456140350878,0.5169491525423728,0.0,1,2,50.0,0.04770646212022458,55,0.039926575724122004,3,0.9491525423728814,1.0,dqn_no_rt executed log; identical for all fusion variants
fusion,50,operating_noise,1.0,1.0,0.0,2,2,50.0,0.04831577750190874,58,0.048096628203396025,0,1.0,0.5717805125898306,dqn_no_rt executed log; identical for all fusion variants
equal,50,operating_noise,1.0,1.0,0.05263157894736842,2,2,50.0,0.049748643301106565,58,0.048096628203396025,0,1.0,0.3333333333333333,dqn_no_rt executed log; identical for all fusion variants
uncapped,50,operating_noise,1.0,1.0,0.0,2,2,50.0,0.04831577750190874,58,0.048096628203396025,0,1.0,0.5717805125898306,dqn_no_rt executed log; identical for all fusion variants
workload,50,operating_noise,1.0,1.0,0.0,2,2,50.0,0.0520853382289122,58,0.048096628203396025,0,1.0,1.0,dqn_no_rt executed log; identical for all fusion variants
fusion,50,conflict,0.9824561403508771,0.5833333333333333,0.017543859649122806,2,2,50.0,0.05205830533889021,58,0.048096628203396025,0,1.0,0.6160327925003042,dqn_no_rt executed log; identical for all fusion variants
equal,50,conflict,1.0,1.0,0.05263157894736842,2,2,50.0,0.049864149826819304,58,0.048096628203396025,0,1.0,0.3333333333333333,dqn_no_rt executed log; identical for all fusion variants
uncapped,50,conflict,0.9824561403508771,0.5833333333333333,0.017543859649122806,2,2,50.0,0.05205830533889021,58,0.048096628203396025,0,1.0,0.6160327925003042,dqn_no_rt executed log; identical for all fusion variants
workload,50,conflict,0.9824561403508772,0.5833333333333333,0.017543859649122806,1,2,50.0,0.05346390350875482,58,0.048096628203396025,0,1.0,1.0,dqn_no_rt executed log; identical for all fusion variants
