backbone,method,return_mean,return_sd,completion_fraction_mean,completion_fraction_sd,deadline_fraction_mean,deadline_fraction_sd,p95_latency_slots_mean,p95_latency_slots_sd,training_jobs_mean,training_jobs_sd,deployed_jobs_mean,deployed_jobs_sd,gradient_updates_mean,gradient_updates_sd,training_cost_mean,training_cost_sd,coordinator_mean_ms_mean,coordinator_mean_ms_sd,runtime_seconds_mean,runtime_seconds_sd
dqn,fusion,1905.9313049311852,63.50078671633439,0.8555454042393158,0.004361356583286645,0.14436213517851412,0.004349176677154599,2.4,0.5477225575051661,2.0,0.0,2.0,0.0,8.0,0.0,0.7000000000000001,0.0,0.12330726361251436,0.009434115871592283,1.956306376601424,0.06599478297751504
dqn,no_rt,1907.1786253112277,63.81861912189154,0.8561300064702074,0.0046486586230493785,0.14377753294762258,0.004636227020719884,2.4,0.5477225575051661,0.0,0.0,0.0,0.0,0.0,0.0,0.0,0.0,0.1215155707114415,0.01278505196331722,1.9400078737991862,0.03202623166659197
dqn,periodic,1911.9846648475154,56.11620050790011,0.8556562541268125,0.0040336126658616495,0.14425545082951738,0.004031333977644653,2.4,0.5477225575051661,14.0,0.0,14.0,0.0,28.0,0.0,2.800000000000001,0.0,0.09653058739883515,0.011832660549142128,1.8768058509995171,0.027434895699527468
dqn,reactive,1905.9313049311852,63.50078671633439,0.8555454042393158,0.004361356583286645,0.14436213517851412,0.004349176677154599,2.4,0.5477225575051661,2.0,0.0,2.0,0.0,8.0,0.0,0.7000000000000001,0.0,0.13730434582563855,0.012025016081737942,1.4570127589999173,0.05006797093892588
dqn,dpp,1893.8508690431067,18.575016947920194,0.8479826865622808,0.005371825951018422,0.15195004888826585,0.005373485338720839,2.0,0.0,17.0,1.224744871391589,17.0,1.224744871391589,122.0,1.224744871391589,7.7,0.12247448713915919,0.31839005299358786,0.016724750063472873,2.8003891571992425,0.09974457834305307
ppo,fusion,1918.975717947922,36.01228586017827,0.8614456384080894,0.004620820583979548,0.13847447874592728,0.004614880274096641,2.2,0.44721359549995787,2.0,0.0,2.0,0.0,8.0,0.0,0.7000000000000001,0.0,0.12987123777274973,0.017336938807574143,2.060762149799848,0.08672081881691716
ppo,no_rt,1921.8985364868174,30.882874437841483,0.8623945683552596,0.0046741517706106244,0.13752554879875672,0.004669982575273855,2.2,0.44721359549995787,0.0,0.0,0.0,0.0,0.0,0.0,0.0,0.0,0.11473507659369109,0.006923872218388587,2.024822120001045,0.06425270956803297
ppo,periodic,1917.0884779783985,45.22627504225428,0.8600593204087001,0.005410184618241905,0.1398523845476297,0.005385621532068394,2.2,0.44721359549995787,14.0,0.0,14.0,0.0,28.0,0.0,2.800000000000001,0.0,0.10023514099108674,0.0024528899688863156,1.986183537398756,0.03707355617913292
ppo,reactive,1918.8597782389256,35.82819132588355,0.861420537350275,0.00460926637578006,0.13849957980374147,0.004603042370744078,2.2,0.44721359549995787,2.0,0.0,2.0,0.0,8.0,0.0,0.7000000000000001,0.0,0.13881184034156224,0.010361922919837722,1.57834587840116,0.014507510648789329
ppo,dpp,1880.2784092776437,38.317193605934975,0.8513867910767677,0.007018419910841881,0.14852912959809478,0.007023593684014476,2.4,0.5477225575051661,17.0,1.0,17.0,1.0,122.0,1.0,7.7,0.10000000000000009,0.3126897232073437,0.01278966160785813,2.8778775387996576,0.06009651967714089
