backbone,method,reference,mean_difference,ci95_low,ci95_high,p_two_sided
dqn,fusion,no_rt,-1.2473203800426291,-1.7005576369082065,-0.857661893436898,0.0625
dqn,no_rt,fusion,1.2473203800426291,0.857661893436898,1.7005576369082065,0.0625
dqn,periodic,no_rt,4.806039536288108,-1.1385693101259675,12.631944543748023,0.8125
dqn,periodic,fusion,6.053359916330737,0.15606147111252539,13.493486258023676,0.1875
dqn,reactive,no_rt,-1.2473203800426291,-1.7005576369082065,-0.857661893436898,0.0625
dqn,reactive,fusion,0.0,0.0,0.0,1.0
dqn,dpp,no_rt,-13.327756268120993,-54.05490720727894,27.780648515716713,0.4375
dqn,dpp,fusion,-12.080435888078364,-52.76027642604045,28.938795014482185,0.4375
dqn,equal,no_rt,-1.816010116688267,-2.542078296131149,-1.0220103532464235,0.0625
dqn,equal,fusion,-0.5686897366456378,-0.9647320054847114,-0.17264746780656423,0.125
dqn,fixed,no_rt,-1.4390860948599766,-1.95081796749555,-0.9273542222244032,0.0625
dqn,fixed,fusion,-0.19176571481734755,-0.5592137175075095,0.0,0.5
dqn,workload,no_rt,-1.2473203800426291,-1.7005576369082065,-0.857661893436898,0.0625
dqn,workload,fusion,0.0,0.0,0.0,1.0
dqn,operating,no_rt,13.872659455902248,-30.938320682639187,59.2024462027699,0.8125
dqn,operating,fusion,15.119979835944878,-29.643689901400695,60.36059270153537,0.8125
dqn,performance,no_rt,-0.5237822123755904,-0.9149616522600809,-0.07265260692602168,0.125
dqn,performance,fusion,0.7235381676670386,0.3234646509949016,1.1219738416998097,0.0625
dqn,no_predictive,no_rt,-1.2473203800426291,-1.7005576369082065,-0.857661893436898,0.0625
dqn,no_predictive,fusion,0.0,0.0,0.0,1.0
dqn,uncapped,no_rt,-1.2473203800426291,-1.7005576369082065,-0.857661893436898,0.0625
dqn,uncapped,fusion,0.0,0.0,0.0,1.0
dqn,no_disagreement,no_rt,-1.2473203800426291,-1.7005576369082065,-0.857661893436898,0.0625
dqn,no_disagreement,fusion,0.0,0.0,0.0,1.0
dqn,no_delayed,no_rt,0.0,0.0,0.0,1.0
dqn,no_delayed,fusion,1.2473203800426291,0.857661893436898,1.7005576369082065,0.0625
ppo,fusion,no_rt,-2.9228185388955352,-7.169176728485354,1.1931683701485327,0.4375
ppo,no_rt,fusion,2.9228185388955352,-1.1931683701485327,7.169176728485354,0.4375
ppo,periodic,no_rt,-4.81005850841907,-17.135621442042748,5.465009160975842,0.8125
ppo,periodic,fusion,-1.8872399695235345,-9.953600537566945,4.835353999747713,1.0
ppo,reactive,no_rt,-3.038758247891974,-7.165539686588545,0.9206568378043812,0.4375
ppo,reactive,fusion,-0.11593970899643864,-0.30766866147901056,0.03947355877999144,0.625
ppo,dpp,no_rt,-41.620127209173916,-49.178000979890655,-31.733046525133023,0.0625
ppo,dpp,fusion,-38.69730867027838,-44.399047238383126,-32.54062573184724,0.0625
