method,backbone,seed,data_kind,mode,return,completion_fraction,deadline_fraction,arrival_count,completed_count,deadline_count,queue_end,p95_latency_slots,training_jobs,deployed_jobs,gradient_updates,training_cost,paused_training_slots,resource_violations,infeasible_slots,coordinator_mean_ms,coordinator_p95_ms,complete_windows,parameters_changed_events,runtime_seconds,initial_parameter_sha256,final_parameter_sha256,input_sha256,calibration_sha256,evaluation_slots
fusion,dqn,10,controlled_synthetic,executed_closed_loop,1941.9902609930346,0.8575350565973983,0.14238046967393142,47352,40606,6742,4,2.0,2,2,8,0.7000000000000001,0,0,0,0.13890174900370766,0.28737900174746756,60,2,1.987764852001419,de7bd35954af08e8d08502746254ea8ee9e3d6a9c6efb4bfcf84e7da42471ddf,23cd31c7bc348fd724f310a9f412beef27b0a3156c823ed563d9550005940356,89bc6b8eefc6d324971cda57d0e8087ed373f56639aed30aa85db1dbe661baf8,4413b891e7054dfc1bec7b998d6a2c98b52ed92a017431c5830585fc0f4ca1ae,3000
no_rt,dqn,10,controlled_synthetic,executed_closed_loop,1943.1587136794901,0.8589922284169623,0.1409232978543673,47352,40675,6673,4,2.0,0,0,0,0.0,0,0,0,0.1066852553303761,0.17137949926109275,60,0,1.903664403998846,de7bd35954af08e8d08502746254ea8ee9e3d6a9c6efb4bfcf84e7da42471ddf,de7bd35954af08e8d08502746254ea8ee9e3d6a9c6efb4bfcf84e7da42471ddf,89bc6b8eefc6d324971cda57d0e8087ed373f56639aed30aa85db1dbe661baf8,4413b891e7054dfc1bec7b998d6a2c98b52ed92a017431c5830585fc0f4ca1ae,3000
periodic,dqn,10,controlled_synthetic,executed_closed_loop,1942.110314582187,0.8571971616827166,0.14271836458861295,47352,40590,6758,4,2.0,14,14,28,2.800000000000001,0,0,0,0.09914247131746379,0.13434089996735565,60,14,1.8870920259978448,de7bd35954af08e8d08502746254ea8ee9e3d6a9c6efb4bfcf84e7da42471ddf,e31639e2ee8165ccf3e64485652c4c6c90430b3232d3f261bd400dea13ebb028,89bc6b8eefc6d324971cda57d0e8087ed373f56639aed30aa85db1dbe661baf8,4413b891e7054dfc1bec7b998d6a2c98b52ed92a017431c5830585fc0f4ca1ae,3000
reactive,dqn,10,controlled_synthetic,executed_closed_loop,1941.9902609930346,0.8575350565973983,0.14238046967393142,47352,40606,6742,4,2.0,2,2,8,0.7000000000000001,0,0,0,0.13672589738295451,0.24480125139234543,60,2,1.4491719930010731,de7bd35954af08e8d08502746254ea8ee9e3d6a9c6efb4bfcf84e7da42471ddf,aa6b0da41aa9f01b40937788e2f69f990a523e52136ff7811cd382bb85643516,89bc6b8eefc6d324971cda57d0e8087ed373f56639aed30aa85db1dbe661baf8,4413b891e7054dfc1bec7b998d6a2c98b52ed92a017431c5830585fc0f4ca1ae,3000
dpp,dqn,10,controlled_synthetic,executed_closed_loop,1887.6719147002864,0.8468068930562596,0.15310863321507012,47352,40098,7250,4,2.0,16,16,121,7.6,0,0,0,0.3036284273378745,0.41291085090051627,60,16,2.7301248799994937,de7bd35954af08e8d08502746254ea8ee9e3d6a9c6efb4bfcf84e7da42471ddf,3b6b9916da507495bb36a2fe36a63ad2538bb78df47cf0fec826fdedce4af53d,89bc6b8eefc6d324971cda57d0e8087ed373f56639aed30aa85db1dbe661baf8,4413b891e7054dfc1bec7b998d6a2c98b52ed92a017431c5830585fc0f4ca1ae,3000
equal,dqn,10,controlled_synthetic,executed_closed_loop,1941.0716409863091,0.8569015036323704,0.1430140226389593,47352,40576,6772,4,2.0,4,4,16,1.3999999999999997,0,0,0,0.164690735295153,0.3245077503379433,60,4,2.107194566000544,de7bd35954af08e8d08502746254ea8ee9e3d6a9c6efb4bfcf84e7da42471ddf,8c4bc66416224796c38245b3cb2d230d6732d7382db8fda72b80cb0f80133ebe,89bc6b8eefc6d324971cda57d0e8087ed373f56639aed30aa85db1dbe661baf8,4413b891e7054dfc1bec7b998d6a2c98b52ed92a017431c5830585fc0f4ca1ae,3000
fixed,dqn,10,controlled_synthetic,executed_closed_loop,1941.0716409863091,0.8569015036323704,0.1430140226389593,47352,40576,6772,4,2.0,4,4,16,1.3999999999999997,0,0,0,0.16738706070464104,0.32847285056050163,60,4,2.116656497000804,de7bd35954af08e8d08502746254ea8ee9e3d6a9c6efb4bfcf84e7da42471ddf,d7a64bf041f391d46b7d2ccc6353389020763dd572e750d38a86131b06ae1bc8,89bc6b8eefc6d324971cda57d0e8087ed373f56639aed30aa85db1dbe661baf8,4413b891e7054dfc1bec7b998d6a2c98b52ed92a017431c5830585fc0f4ca1ae,3000
workload,dqn,10,controlled_synthetic,executed_closed_loop,1941.9902609930346,0.8575350565973983,0.14238046967393142,47352,40606,6742,4,2.0,2,2,8,0.7000000000000001,0,0,0,0.11868838762772309,0.24084360084088985,60,2,1.3785164869987057,de7bd35954af08e8d08502746254ea8ee9e3d6a9c6efb4bfcf84e7da42471ddf,aa6b0da41aa9f01b40937788e2f69f990a523e52136ff7811cd382bb85643516,89bc6b8eefc6d324971cda57d0e8087ed373f56639aed30aa85db1dbe661baf8,4413b891e7054dfc1bec7b998d6a2c98b52ed92a017431c5830585fc0f4ca1ae,3000
operating,dqn,10,controlled_synthetic,executed_closed_loop,1905.3188622420762,0.8543039364757561,0.14561158979557356,47352,40453,6895,4,2.0,21,21,84,7.350000000000011,0,0,0,0.3238627519919343,0.4411903011714453,60,21,2.5112956170014513,de7bd35954af08e8d08502746254ea8ee9e3d6a9c6efb4bfcf84e7da42471ddf,7c9576c154a01a210ff74787f99202545176b55f75366ce4f47b9d4d27b3eb09,89bc6b8eefc6d324971cda57d0e8087ed373f56639aed30aa85db1dbe661baf8,4413b891e7054dfc1bec7b998d6a2c98b52ed92a017431c5830585fc0f4ca1ae,3000
performance,dqn,10,controlled_synthetic,executed_closed_loop,1943.4313950348117,0.8576406487582362,0.14227487751309342,47352,40611,6737,4,2.0,1,1,4,0.35,0,0,0,0.1390986443257134,0.1965038982234546,60,1,1.6185376770008588,de7bd35954af08e8d08502746254ea8ee9e3d6a9c6efb4bfcf84e7da42471ddf,72c9ad99b558dc76886068006fea7cd45f022c49ae79ef124a4f5ab7a491c960,89bc6b8eefc6d324971cda57d0e8087ed373f56639aed30aa85db1dbe661baf8,4413b891e7054dfc1bec7b998d6a2c98b52ed92a017431c5830585fc0f4ca1ae,3000
no_predictive,dqn,10,controlled_synthetic,executed_closed_loop,1941.9902609930346,0.8575350565973983,0.14238046967393142,47352,40606,6742,4,2.0,2,2,8,0.7000000000000001,0,0,0,0.14852395198128457,0.2973591972477152,60,2,2.0721036790018843,de7bd35954af08e8d08502746254ea8ee9e3d6a9c6efb4bfcf84e7da42471ddf,abc820f1d978fe2c3f3e556d3b10a159e87fd5a81b65f171839523acaec1f6dc,89bc6b8eefc6d324971cda57d0e8087ed373f56639aed30aa85db1dbe661baf8,4413b891e7054dfc1bec7b998d6a2c98b52ed92a017431c5830585fc0f4ca1ae,3000
uncapped,dqn,10,controlled_synthetic,executed_closed_loop,1941.9902609930346,0.8575350565973983,0.14238046967393142,47352,40606,6742,4,2.0,2,2,8,0.7000000000000001,0,0,0,0.11867645962532454,0.22821185102657124,60,2,1.9599685389985098,de7bd35954af08e8d08502746254ea8ee9e3d6a9c6efb4bfcf84e7da42471ddf,2f7fcf4a70cad3054bc8474f58c437e82e03661a0405d0acc5e26492249aff5c,89bc6b8eefc6d324971cda57d0e8087ed373f56639aed30aa85db1dbe661baf8,4413b891e7054dfc1bec7b998d6a2c98b52ed92a017431c5830585fc0f4ca1ae,3000
no_disagreement,dqn,10,controlled_synthetic,executed_closed_loop,1941.9902609930346,0.8575350565973983,0.14238046967393142,47352,40606,6742,4,2.0,2,2,8,0.7000000000000001,0,0,0,0.1451795716493507,0.29404550168692367,60,2,2.0078820759990776,de7bd35954af08e8d08502746254ea8ee9e3d6a9c6efb4bfcf84e7da42471ddf,f2c48ff2557d8c77fbebea3c38f0522579f69e88dec91688f04130b2615e8a5e,89bc6b8eefc6d324971cda57d0e8087ed373f56639aed30aa85db1dbe661baf8,4413b891e7054dfc1bec7b998d6a2c98b52ed92a017431c5830585fc0f4ca1ae,3000
no_delayed,dqn,10,controlled_synthetic,executed_closed_loop,1943.1587136794901,0.8589922284169623,0.1409232978543673,47352,40675,6673,4,2.0,0,0,0,0.0,0,0,0,0.13486823499746,0.22686424963467286,60,0,1.9704546299981303,de7bd35954af08e8d08502746254ea8ee9e3d6a9c6efb4bfcf84e7da42471ddf,de7bd35954af08e8d08502746254ea8ee9e3d6a9c6efb4bfcf84e7da42471ddf,89bc6b8eefc6d324971cda57d0e8087ed373f56639aed30aa85db1dbe661baf8,4413b891e7054dfc1bec7b998d6a2c98b52ed92a017431c5830585fc0f4ca1ae,3000
fusion,ppo,10,controlled_synthetic,executed_closed_loop,1934.6322084845258,0.8603860449400237,0.13952948133130597,47352,40741,6607,4,2.0,2,2,8,0.7000000000000001,0,0,0,0.14808148664693968,0.2958189008495537,60,2,2.1493730529982713,206965ca7d6fecb2376fe9c4b34a0da6068f1964afa21ad86b0f994b83c39fc5,b491b1e9560a3bd77ca30ba9e4a52106ba817a7cdc890b48887519535dcaabc7,89bc6b8eefc6d324971cda57d0e8087ed373f56639aed30aa85db1dbe661baf8,fe796a0f1ea2cafb056581fc10b842798f9574d5e726cc9e69ab47637b527a36,3000
no_rt,ppo,10,controlled_synthetic,executed_closed_loop,1935.661689246875,0.8619910457847609,0.1379244804865687,47352,40817,6531,4,2.0,0,0,0,0.0,0,0,0,0.1124019633170974,0.1749906505210673,60,0,2.000877558999491,206965ca7d6fecb2376fe9c4b34a0da6068f1964afa21ad86b0f994b83c39fc5,206965ca7d6fecb2376fe9c4b34a0da6068f1964afa21ad86b0f994b83c39fc5,89bc6b8eefc6d324971cda57d0e8087ed373f56639aed30aa85db1dbe661baf8,fe796a0f1ea2cafb056581fc10b842798f9574d5e726cc9e69ab47637b527a36,3000
periodic,ppo,10,controlled_synthetic,executed_closed_loop,1940.223658408407,0.858696570366616,0.14121895590471364,47352,40661,6687,4,2.0,14,14,28,2.800000000000001,0,0,0,0.09860111162318692,0.13705170040338993,60,14,1.9825101169990376,206965ca7d6fecb2376fe9c4b34a0da6068f1964afa21ad86b0f994b83c39fc5,597a75129fccab3493d9849d63d8e2b905f70c07c2bbf4105f8d4dda16d09ed5,89bc6b8eefc6d324971cda57d0e8087ed373f56639aed30aa85db1dbe661baf8,fe796a0f1ea2cafb056581fc10b842798f9574d5e726cc9e69ab47637b527a36,3000
reactive,ppo,10,controlled_synthetic,executed_closed_loop,1934.389699369758,0.8604282818043588,0.13948724446697078,47352,40743,6605,4,2.0,2,2,8,0.7000000000000001,0,0,0,0.14190532102657016,0.23571649744553638,60,2,1.561254063002707,206965ca7d6fecb2376fe9c4b34a0da6068f1964afa21ad86b0f994b83c39fc5,3b592f6f08c5212c90f0ae5a91e1c238b6cd0932a5073e4ff8b1d48bc1fd0aeb,89bc6b8eefc6d324971cda57d0e8087ed373f56639aed30aa85db1dbe661baf8,fe796a0f1ea2cafb056581fc10b842798f9574d5e726cc9e69ab47637b527a36,3000
dpp,ppo,10,controlled_synthetic,executed_closed_loop,1891.5729912505913,0.8519386720729853,0.1479768541983443,47352,40341,7007,4,2.0,17,17,122,7.7,0,0,0,0.3345852553041671,0.41547999881004205,60,17,2.9514586639998015,206965ca7d6fecb2376fe9c4b34a0da6068f1964afa21ad86b0f994b83c39fc5,5155cd5a52b38fee2f32c95ab7a5696d0154249345a756d3cff5e4b66f462560,89bc6b8eefc6d324971cda57d0e8087ed373f56639aed30aa85db1dbe661baf8,fe796a0f1ea2cafb056581fc10b842798f9574d5e726cc9e69ab47637b527a36,3000
fusion,dqn,20,controlled_synthetic,executed_closed_loop,1838.337412811349,0.8531440588853838,0.14664563617245005,47550,40567,6973,10,3.0,2,2,8,0.7000000000000001,0,0,0,0.12179462703231063,0.2960738002002472,60,2,1.9406444289998035,3e4d205e0b9155eea7e20ae40708359494251cbc9f17c07113be9089e6144ccf,b8e599ac9a9eb1113d612cc8f40355b2a0b744b8d8eaff9ceec5113e27d02c92,63bc4b0cfca329160a96f64913a669fa54c32d1361671d91521f8ab884b42520,0cbd530cb7bfc2bd070087ad2bf27fd619503ff5ba4f1eb6bcb909390eed743e,3000
no_rt,dqn,20,controlled_synthetic,executed_closed_loop,1838.9208518478877,0.8533964248159832,0.14639327024185067,47550,40579,6961,10,3.0,0,0,0,0.0,0,0,0,0.10873643563293929,0.16834214711707313,60,0,1.9757206449976366,3e4d205e0b9155eea7e20ae40708359494251cbc9f17c07113be9089e6144ccf,3e4d205e0b9155eea7e20ae40708359494251cbc9f17c07113be9089e6144ccf,63bc4b0cfca329160a96f64913a669fa54c32d1361671d91521f8ab884b42520,0cbd530cb7bfc2bd070087ad2bf27fd619503ff5ba4f1eb6bcb909390eed743e,3000
periodic,dqn,20,controlled_synthetic,executed_closed_loop,1857.3760738703154,0.8547634069400631,0.14502628811777077,47550,40644,6896,10,3.0,14,14,28,2.800000000000001,0,0,0,0.10199286399438279,0.14179170084389622,60,14,1.9165646670007845,3e4d205e0b9155eea7e20ae40708359494251cbc9f17c07113be9089e6144ccf,dc6f158516702bb5704359046e0267e44806bb4358fcc07988c09ca99b0893f8,63bc4b0cfca329160a96f64913a669fa54c32d1361671d91521f8ab884b42520,0cbd530cb7bfc2bd070087ad2bf27fd619503ff5ba4f1eb6bcb909390eed743e,3000
reactive,dqn,20,controlled_synthetic,executed_closed_loop,1838.337412811349,0.8531440588853838,0.14664563617245005,47550,40567,6973,10,3.0,2,2,8,0.7000000000000001,0,0,0,0.1441100296736598,0.2656334983839759,60,2,1.4959760659985477,3e4d205e0b9155eea7e20ae40708359494251cbc9f17c07113be9089e6144ccf,1992feea26eaba74daab5a7de142545945d377fab3bd87d841982939925e8212,63bc4b0cfca329160a96f64913a669fa54c32d1361671d91521f8ab884b42520,0cbd530cb7bfc2bd070087ad2bf27fd619503ff5ba4f1eb6bcb909390eed743e,3000
dpp,dqn,20,controlled_synthetic,executed_closed_loop,1881.4078653119482,0.8492534174553102,0.15064143007360672,47550,40382,7163,5,2.0,17,17,122,7.7,0,0,0,0.30909750497691374,0.4199952016278985,60,17,2.7642396640003426,3e4d205e0b9155eea7e20ae40708359494251cbc9f17c07113be9089e6144ccf,3af0339fae0b874e2471377e53ccb98c9846d484723f2de762274f3609239867,63bc4b0cfca329160a96f64913a669fa54c32d1361671d91521f8ab884b42520,0cbd530cb7bfc2bd070087ad2bf27fd619503ff5ba4f1eb6bcb909390eed743e,3000
equal,dqn,20,controlled_synthetic,executed_closed_loop,1838.2703314004414,0.8531440588853838,0.14664563617245005,47550,40567,6973,10,3.0,3,3,12,1.05,0,0,0,0.15305326833428504,0.3165682990584173,60,3,2.057396128999244,3e4d205e0b9155eea7e20ae40708359494251cbc9f17c07113be9089e6144ccf,b62e5487b9c13f199bbd55a3b71b7a07ceab14a182b9804e68a6142737220348,63bc4b0cfca329160a96f64913a669fa54c32d1361671d91521f8ab884b42520,0cbd530cb7bfc2bd070087ad2bf27fd619503ff5ba4f1eb6bcb909390eed743e,3000
fixed,dqn,20,controlled_synthetic,executed_closed_loop,1838.337412811349,0.8531440588853838,0.14664563617245005,47550,40567,6973,10,3.0,2,2,8,0.7000000000000001,0,0,0,0.14842372830510916,0.3003683987117255,60,2,2.0418060060001153,3e4d205e0b9155eea7e20ae40708359494251cbc9f17c07113be9089e6144ccf,5608134a2be47ac9183c620decb789031d280c07d6d6e0daa888f12ba35e3cfc,63bc4b0cfca329160a96f64913a669fa54c32d1361671d91521f8ab884b42520,0cbd530cb7bfc2bd070087ad2bf27fd619503ff5ba4f1eb6bcb909390eed743e,3000
workload,dqn,20,controlled_synthetic,executed_closed_loop,1838.337412811349,0.8531440588853838,0.14664563617245005,47550,40567,6973,10,3.0,2,2,8,0.7000000000000001,0,0,0,0.11950066328912119,0.24839235156832704,60,2,1.4166849889988953,3e4d205e0b9155eea7e20ae40708359494251cbc9f17c07113be9089e6144ccf,1992feea26eaba74daab5a7de142545945d377fab3bd87d841982939925e8212,63bc4b0cfca329160a96f64913a669fa54c32d1361671d91521f8ab884b42520,0cbd530cb7bfc2bd070087ad2bf27fd619503ff5ba4f1eb6bcb909390eed743e,3000
operating,dqn,20,controlled_synthetic,executed_closed_loop,1910.2002893133256,0.8568243953732912,0.14307045215562567,47550,40742,6803,5,2.0,20,20,80,7.00000000000001,0,0,0,0.31621368998215377,0.4334880477472323,60,20,2.4829668269994727,3e4d205e0b9155eea7e20ae40708359494251cbc9f17c07113be9089e6144ccf,5e45523aa5952201c3950e231df3c8c9db1a9c83a69b9cccc75550860cdba19f,63bc4b0cfca329160a96f64913a669fa54c32d1361671d91521f8ab884b42520,0cbd530cb7bfc2bd070087ad2bf27fd619503ff5ba4f1eb6bcb909390eed743e,3000
performance,dqn,20,controlled_synthetic,executed_closed_loop,1838.379412811349,0.8531440588853838,0.14664563617245005,47550,40567,6973,10,3.0,1,1,4,0.35,0,0,0,0.14319670970871812,0.19738519895327028,60,1,1.666158774998621,3e4d205e0b9155eea7e20ae40708359494251cbc9f17c07113be9089e6144ccf,6a9cad7e502297d102e94b5de01512ca5e98652385fb9cc7915f6f4d3848268b,63bc4b0cfca329160a96f64913a669fa54c32d1361671d91521f8ab884b42520,0cbd530cb7bfc2bd070087ad2bf27fd619503ff5ba4f1eb6bcb909390eed743e,3000
no_predictive,dqn,20,controlled_synthetic,executed_closed_loop,1838.337412811349,0.8531440588853838,0.14664563617245005,47550,40567,6973,10,3.0,2,2,8,0.7000000000000001,0,0,0,0.14802443566562337,0.29672765103896376,60,2,2.0460190109988616,3e4d205e0b9155eea7e20ae40708359494251cbc9f17c07113be9089e6144ccf,77a1a14adb33ceb91eb6a37a1db33ea2245d23ccab1635b3cb382ad69388318d,63bc4b0cfca329160a96f64913a669fa54c32d1361671d91521f8ab884b42520,0cbd530cb7bfc2bd070087ad2bf27fd619503ff5ba4f1eb6bcb909390eed743e,3000
uncapped,dqn,20,controlled_synthetic,executed_closed_loop,1838.337412811349,0.8531440588853838,0.14664563617245005,47550,40567,6973,10,3.0,2,2,8,0.7000000000000001,0,0,0,0.12357476301015898,0.29992889740242373,60,2,1.9946663289993012,3e4d205e0b9155eea7e20ae40708359494251cbc9f17c07113be9089e6144ccf,afb965f9368bd4e831df93a28b16f1ded4d94f426c9074a34fbc86f1115ed5da,63bc4b0cfca329160a96f64913a669fa54c32d1361671d91521f8ab884b42520,0cbd530cb7bfc2bd070087ad2bf27fd619503ff5ba4f1eb6bcb909390eed743e,3000
no_disagreement,dqn,20,controlled_synthetic,executed_closed_loop,1838.337412811349,0.8531440588853838,0.14664563617245005,47550,40567,6973,10,3.0,2,2,8,0.7000000000000001,0,0,0,0.1484979690394539,0.2993107977090403,60,2,2.0719386659984593,3e4d205e0b9155eea7e20ae40708359494251cbc9f17c07113be9089e6144ccf,d0efea4c0cc61b91fcc325ee2f63d99d62773be001a24044ca35b1e7625760bb,63bc4b0cfca329160a96f64913a669fa54c32d1361671d91521f8ab884b42520,0cbd530cb7bfc2bd070087ad2bf27fd619503ff5ba4f1eb6bcb909390eed743e,3000
no_delayed,dqn,20,controlled_synthetic,executed_closed_loop,1838.9208518478877,0.8533964248159832,0.14639327024185067,47550,40579,6961,10,3.0,0,0,0,0.0,0,0,0,0.13966989467250338,0.22967545064602726,60,0,1.9993413490010425,3e4d205e0b9155eea7e20ae40708359494251cbc9f17c07113be9089e6144ccf,3e4d205e0b9155eea7e20ae40708359494251cbc9f17c07113be9089e6144ccf,63bc4b0cfca329160a96f64913a669fa54c32d1361671d91521f8ab884b42520,0cbd530cb7bfc2bd070087ad2bf27fd619503ff5ba4f1eb6bcb909390eed743e,3000
fusion,ppo,20,controlled_synthetic,executed_closed_loop,1864.628052457319,0.8590746582544689,0.1407570977917981,47550,40849,6693,8,3.0,2,2,8,0.7000000000000001,0,0,0,0.14949191832420183,0.29445305153785706,60,2,2.149779335999483,af98080cc68266d4d5589f3bc7d2e3bebfc04b23e207add7812c99f8d4b9aeff,f8dc3af883cf44c9ca055282e38fd3de2ac9e763200aaaf0f7dff085d6a78d64,63bc4b0cfca329160a96f64913a669fa54c32d1361671d91521f8ab884b42520,5a381a1c89aa73eb936658c380bd421223302b530cfa8d409d76befd96697f01,3000
no_rt,ppo,20,controlled_synthetic,executed_closed_loop,1874.9039003003215,0.8603364879074659,0.13949526813880125,47550,40909,6633,8,3.0,0,0,0,0.0,0,0,0,0.1127812336756809,0.18457749847584637,60,0,2.0061323170011747,af98080cc68266d4d5589f3bc7d2e3bebfc04b23e207add7812c99f8d4b9aeff,af98080cc68266d4d5589f3bc7d2e3bebfc04b23e207add7812c99f8d4b9aeff,63bc4b0cfca329160a96f64913a669fa54c32d1361671d91521f8ab884b42520,5a381a1c89aa73eb936658c380bd421223302b530cfa8d409d76befd96697f01,3000
periodic,ppo,20,controlled_synthetic,executed_closed_loop,1847.984764202009,0.8553732912723448,0.14441640378548895,47550,40673,6867,10,3.0,14,14,28,2.800000000000001,0,0,0,0.10179412602519733,0.13692035117855983,60,14,2.0100751760001003,af98080cc68266d4d5589f3bc7d2e3bebfc04b23e207add7812c99f8d4b9aeff,fdd6e026cf1d9fc1411452e095c15dec8600e4feff032f5d80987e957299f3ea,63bc4b0cfca329160a96f64913a669fa54c32d1361671d91521f8ab884b42520,5a381a1c89aa73eb936658c380bd421223302b530cfa8d409d76befd96697f01,3000
reactive,ppo,20,controlled_synthetic,executed_closed_loop,1864.714950565403,0.8589905362776026,0.14084121976866457,47550,40845,6697,8,3.0,2,2,8,0.7000000000000001,0,0,0,0.14420912832792965,0.24398650039074693,60,2,1.5830590810001013,af98080cc68266d4d5589f3bc7d2e3bebfc04b23e207add7812c99f8d4b9aeff,28662f4ded4392869347ea52c9ed2c7d6514656a686c4bf8a238c8ed9a0f36ed,63bc4b0cfca329160a96f64913a669fa54c32d1361671d91521f8ab884b42520,5a381a1c89aa73eb936658c380bd421223302b530cfa8d409d76befd96697f01,3000
dpp,ppo,20,controlled_synthetic,executed_closed_loop,1826.290012244342,0.84801261829653,0.15181913774973713,47550,40323,7219,8,3.0,16,16,121,7.6,0,0,0,0.31198435369636474,0.42062595239258366,60,16,2.9064336249975895,af98080cc68266d4d5589f3bc7d2e3bebfc04b23e207add7812c99f8d4b9aeff,7e572080cac9f2d0249bcfc3a295f327855bd56e113b220dad43f9fb320ce4d6,63bc4b0cfca329160a96f64913a669fa54c32d1361671d91521f8ab884b42520,5a381a1c89aa73eb936658c380bd421223302b530cfa8d409d76befd96697f01,3000
fusion,dqn,30,controlled_synthetic,executed_closed_loop,1938.0771191931242,0.8491444388525415,0.15081362187552425,47688,40494,7192,2,2.0,2,2,8,0.7000000000000001,0,0,0,0.12404772237156673,0.2806728996802121,60,2,2.04568294800265,17722c175aa1620b5716daa560b472ac8a6e29795c34c9ee0701904b5829df45,cb2c1b23540adaebde85a14712d0c2ac9b4f9c6aaca0c1a84c1629f69b26726a,1234eb7ba568e578d2642480af61c9bdb5b308d6fc60df709fdfcae1e0871e8b,b33731681dae4f7b5d0fdccc24dd0fc4fd83f9a74cb25c773e003ea197f27d87,3000
no_rt,dqn,30,controlled_synthetic,executed_closed_loop,1939.1175963244932,0.8493121959402785,0.15064586478778727,47688,40502,7184,2,2.0,0,0,0,0.0,0,0,0,0.13389162232124363,0.17767830086086178,60,0,1.9619985690005706,17722c175aa1620b5716daa560b472ac8a6e29795c34c9ee0701904b5829df45,17722c175aa1620b5716daa560b472ac8a6e29795c34c9ee0701904b5829df45,1234eb7ba568e578d2642480af61c9bdb5b308d6fc60df709fdfcae1e0871e8b,b33731681dae4f7b5d0fdccc24dd0fc4fd83f9a74cb25c773e003ea197f27d87,3000
periodic,dqn,30,controlled_synthetic,executed_closed_loop,1937.740628960914,0.849039590672706,0.15091847005535983,47688,40489,7197,2,2.0,14,14,28,2.800000000000001,0,0,0,0.0757326186321734,0.13377815139392624,60,14,1.8658902699971804,17722c175aa1620b5716daa560b472ac8a6e29795c34c9ee0701904b5829df45,e90a349fc9809c37a77a394b9905462432258e3cd412280151c967a23b2f5373,1234eb7ba568e578d2642480af61c9bdb5b308d6fc60df709fdfcae1e0871e8b,b33731681dae4f7b5d0fdccc24dd0fc4fd83f9a74cb25c773e003ea197f27d87,3000
reactive,dqn,30,controlled_synthetic,executed_closed_loop,1938.0771191931242,0.8491444388525415,0.15081362187552425,47688,40494,7192,2,2.0,2,2,8,0.7000000000000001,0,0,0,0.14243975300269085,0.23583975071232943,60,2,1.4642766160031897,17722c175aa1620b5716daa560b472ac8a6e29795c34c9ee0701904b5829df45,8870798b1a6ce1f39955d1f82c5ff2c777c73f98d72f8f9c56d4f393185f6a96,1234eb7ba568e578d2642480af61c9bdb5b308d6fc60df709fdfcae1e0871e8b,b33731681dae4f7b5d0fdccc24dd0fc4fd83f9a74cb25c773e003ea197f27d87,3000
dpp,dqn,30,controlled_synthetic,executed_closed_loop,1883.9751969137299,0.8394354973997651,0.16052256332830062,47688,40031,7655,2,2.0,19,19,124,7.9,0,0,0,0.30827029097781633,0.41049414994631617,60,19,2.7692165480002586,17722c175aa1620b5716daa560b472ac8a6e29795c34c9ee0701904b5829df45,cd9dbf2926d6d2832bd812ec05865422bf188e8f29d5c46fa3bdc350ae342a56,1234eb7ba568e578d2642480af61c9bdb5b308d6fc60df709fdfcae1e0871e8b,b33731681dae4f7b5d0fdccc24dd0fc4fd83f9a74cb25c773e003ea197f27d87,3000
equal,dqn,30,controlled_synthetic,executed_closed_loop,1938.0771191931242,0.8491444388525415,0.15081362187552425,47688,40494,7192,2,2.0,2,2,8,0.7000000000000001,0,0,0,0.14515212928624047,0.29347424733714417,60,2,2.028821849999076,17722c175aa1620b5716daa560b472ac8a6e29795c34c9ee0701904b5829df45,072efa2ed40d7df1bfa1d50c46de3cbe0c22fbc4d58de1841931e8965a92ed7d,1234eb7ba568e578d2642480af61c9bdb5b308d6fc60df709fdfcae1e0871e8b,b33731681dae4f7b5d0fdccc24dd0fc4fd83f9a74cb25c773e003ea197f27d87,3000
fixed,dqn,30,controlled_synthetic,executed_closed_loop,1938.0771191931242,0.8491444388525415,0.15081362187552425,47688,40494,7192,2,2.0,2,2,8,0.7000000000000001,0,0,0,0.14417636497334266,0.2903042006437316,60,2,2.0348024160011846,17722c175aa1620b5716daa560b472ac8a6e29795c34c9ee0701904b5829df45,859aea340f1ab98ae7071ee0d8535486a22124d21c76c049edab65ce6d13cd11,1234eb7ba568e578d2642480af61c9bdb5b308d6fc60df709fdfcae1e0871e8b,b33731681dae4f7b5d0fdccc24dd0fc4fd83f9a74cb25c773e003ea197f27d87,3000
workload,dqn,30,controlled_synthetic,executed_closed_loop,1938.0771191931242,0.8491444388525415,0.15081362187552425,47688,40494,7192,2,2.0,2,2,8,0.7000000000000001,0,0,0,0.14142112332289494,0.27435100255388484,60,2,1.4854648000000452,17722c175aa1620b5716daa560b472ac8a6e29795c34c9ee0701904b5829df45,8870798b1a6ce1f39955d1f82c5ff2c777c73f98d72f8f9c56d4f393185f6a96,1234eb7ba568e578d2642480af61c9bdb5b308d6fc60df709fdfcae1e0871e8b,b33731681dae4f7b5d0fdccc24dd0fc4fd83f9a74cb25c773e003ea197f27d87,3000
operating,dqn,30,controlled_synthetic,executed_closed_loop,1909.0990858692046,0.8478652910585472,0.15209276966951854,47688,40433,7253,2,2.0,22,22,88,7.700000000000013,0,0,0,0.3376701539721883,0.4460424504941329,60,22,2.5591715929986094,17722c175aa1620b5716daa560b472ac8a6e29795c34c9ee0701904b5829df45,2c717e1f90c36a325cde4be41d562b55f76a25ef24cb128c38931e7beb7c64ce,1234eb7ba568e578d2642480af61c9bdb5b308d6fc60df709fdfcae1e0871e8b,b33731681dae4f7b5d0fdccc24dd0fc4fd83f9a74cb25c773e003ea197f27d87,3000
performance,dqn,30,controlled_synthetic,executed_closed_loop,1938.6819944576212,0.8491654084885086,0.15079265223955712,47688,40495,7191,2,2.0,1,1,4,0.35,0,0,0,0.13944276301602562,0.20014389792777343,60,1,1.6548160340025788,17722c175aa1620b5716daa560b472ac8a6e29795c34c9ee0701904b5829df45,c91ee48c8509ee9d85a3fa5af429f46e421b863e349fc414935ab4f8b0c104c9,1234eb7ba568e578d2642480af61c9bdb5b308d6fc60df709fdfcae1e0871e8b,b33731681dae4f7b5d0fdccc24dd0fc4fd83f9a74cb25c773e003ea197f27d87,3000
no_predictive,dqn,30,controlled_synthetic,executed_closed_loop,1938.0771191931242,0.8491444388525415,0.15081362187552425,47688,40494,7192,2,2.0,2,2,8,0.7000000000000001,0,0,0,0.11834010634144458,0.23025590107863478,60,2,1.9590204539999831,17722c175aa1620b5716daa560b472ac8a6e29795c34c9ee0701904b5829df45,30ec2171ef62944d35cf80b1830c03957bbdea7cb8cbf2da596140c539e23561,1234eb7ba568e578d2642480af61c9bdb5b308d6fc60df709fdfcae1e0871e8b,b33731681dae4f7b5d0fdccc24dd0fc4fd83f9a74cb25c773e003ea197f27d87,3000
uncapped,dqn,30,controlled_synthetic,executed_closed_loop,1938.0771191931242,0.8491444388525415,0.15081362187552425,47688,40494,7192,2,2.0,2,2,8,0.7000000000000001,0,0,0,0.13906289638058902,0.23682264782109966,60,2,2.011858232999657,17722c175aa1620b5716daa560b472ac8a6e29795c34c9ee0701904b5829df45,87e3b40b155a66db3b5cd7ac37edf9ec5816280a8a5b088730637bb730268a0c,1234eb7ba568e578d2642480af61c9bdb5b308d6fc60df709fdfcae1e0871e8b,b33731681dae4f7b5d0fdccc24dd0fc4fd83f9a74cb25c773e003ea197f27d87,3000
no_disagreement,dqn,30,controlled_synthetic,executed_closed_loop,1938.0771191931242,0.8491444388525415,0.15081362187552425,47688,40494,7192,2,2.0,2,2,8,0.7000000000000001,0,0,0,0.14281388134744097,0.255324000863765,60,2,2.0134305959982157,17722c175aa1620b5716daa560b472ac8a6e29795c34c9ee0701904b5829df45,61595d5c11c978a85625b5591199e3fefd843c160a8513f64e66d2616597da6b,1234eb7ba568e578d2642480af61c9bdb5b308d6fc60df709fdfcae1e0871e8b,b33731681dae4f7b5d0fdccc24dd0fc4fd83f9a74cb25c773e003ea197f27d87,3000
no_delayed,dqn,30,controlled_synthetic,executed_closed_loop,1939.1175963244932,0.8493121959402785,0.15064586478778727,47688,40502,7184,2,2.0,0,0,0,0.0,0,0,0,0.13846812798874453,0.2271528011988264,60,0,1.973218391998671,17722c175aa1620b5716daa560b472ac8a6e29795c34c9ee0701904b5829df45,17722c175aa1620b5716daa560b472ac8a6e29795c34c9ee0701904b5829df45,1234eb7ba568e578d2642480af61c9bdb5b308d6fc60df709fdfcae1e0871e8b,b33731681dae4f7b5d0fdccc24dd0fc4fd83f9a74cb25c773e003ea197f27d87,3000
fusion,ppo,30,controlled_synthetic,executed_closed_loop,1906.2812313032239,0.8559805401778225,0.14397752055024324,47688,40820,6866,2,2.0,2,2,8,0.7000000000000001,0,0,0,0.11956576597003732,0.24534495078114557,60,2,2.0518092469974363,02fb96ca5f28ad0fac218687b1a73dd63a484840f300e480eb824d79286e4f38,f8fbcac6ab10a1a2d1976c2c64be75882dea0f48be8e347936700fe0ff22623c,1234eb7ba568e578d2642480af61c9bdb5b308d6fc60df709fdfcae1e0871e8b,b585dabc7b2afe296b65c914bb89ab3930a7893b381530b4f555aae5ddc909fc,3000
no_rt,ppo,30,controlled_synthetic,executed_closed_loop,1910.2700906542937,0.8561063579936252,0.14385170273444053,47688,40826,6860,2,2.0,0,0,0,0.0,0,0,0,0.11523634533781053,0.19185124947398427,60,0,2.137948931002029,02fb96ca5f28ad0fac218687b1a73dd63a484840f300e480eb824d79286e4f38,02fb96ca5f28ad0fac218687b1a73dd63a484840f300e480eb824d79286e4f38,1234eb7ba568e578d2642480af61c9bdb5b308d6fc60df709fdfcae1e0871e8b,b585dabc7b2afe296b65c914bb89ab3930a7893b381530b4f555aae5ddc909fc,3000
periodic,ppo,30,controlled_synthetic,executed_closed_loop,1900.7874225774856,0.8556659956383157,0.14429206508975004,47688,40805,6881,2,2.0,14,14,28,2.800000000000001,0,0,0,0.10126105860884611,0.1366830500046489,60,14,2.0354168390003906,02fb96ca5f28ad0fac218687b1a73dd63a484840f300e480eb824d79286e4f38,1b006256a55fcfc9439d42a520210d9a7700c693c042244521059930d920f3ee,1234eb7ba568e578d2642480af61c9bdb5b308d6fc60df709fdfcae1e0871e8b,b585dabc7b2afe296b65c914bb89ab3930a7893b381530b4f555aae5ddc909fc,3000
reactive,ppo,30,controlled_synthetic,executed_closed_loop,1906.2812313032239,0.8559805401778225,0.14397752055024324,47688,40820,6866,2,2.0,2,2,8,0.7000000000000001,0,0,0,0.14414844800800589,0.25838554975052824,60,2,1.5831444070026919,02fb96ca5f28ad0fac218687b1a73dd63a484840f300e480eb824d79286e4f38,0c57b333b6ebade20b3e99ba3c16f39d3034ce266f51b0e0f641fc5fb18ccc4b,1234eb7ba568e578d2642480af61c9bdb5b308d6fc60df709fdfcae1e0871e8b,b585dabc7b2afe296b65c914bb89ab3930a7893b381530b4f555aae5ddc909fc,3000
dpp,ppo,30,controlled_synthetic,executed_closed_loop,1870.628836042135,0.8420147626237209,0.1579432981043449,47688,40154,7532,2,2.0,18,18,123,7.8,0,0,0,0.30940639132556197,0.4141381010413165,60,18,2.8989243040014117,02fb96ca5f28ad0fac218687b1a73dd63a484840f300e480eb824d79286e4f38,067816361d9c2086b3368b6500fd006a1efc0f30b00feb3d9d7b6955fbf3cfd8,1234eb7ba568e578d2642480af61c9bdb5b308d6fc60df709fdfcae1e0871e8b,b585dabc7b2afe296b65c914bb89ab3930a7893b381530b4f555aae5ddc909fc,3000
fusion,dqn,40,controlled_synthetic,executed_closed_loop,1837.7043039745888,0.85999625101535,0.1399620935996501,48013,41291,6720,2,3.0,2,2,8,0.7000000000000001,0,0,0,0.11615634534609853,0.24087975125439678,60,2,1.9402400360013417,b6184dc81199cbd9faa603dacbcd19f0e57dbb258207418f47d6a84e4d728dc7,4a221e84dcfcfc17ed063a0ebfa232462d101e9a2200d818e604e7399bfae42f,a047954f73c6983b2d8c8125924b7743ec8fba86ee4762a8a6fbdc3faeddf71a,74ad5b049464eda2087c4d240447db87264e4bc6f7e2d37615f1b88ed0e5eb1b,3000
no_rt,dqn,40,controlled_synthetic,executed_closed_loop,1839.0932427498954,0.8604544602503489,0.13950388436465125,48013,41313,6698,2,3.0,0,0,0,0.0,0,0,0,0.1299661746440203,0.17559805000928444,60,0,1.9492621780009358,b6184dc81199cbd9faa603dacbcd19f0e57dbb258207418f47d6a84e4d728dc7,b6184dc81199cbd9faa603dacbcd19f0e57dbb258207418f47d6a84e4d728dc7,a047954f73c6983b2d8c8125924b7743ec8fba86ee4762a8a6fbdc3faeddf71a,74ad5b049464eda2087c4d240447db87264e4bc6f7e2d37615f1b88ed0e5eb1b,3000
periodic,dqn,40,controlled_synthetic,executed_closed_loop,1847.9356984986555,0.8590381771603524,0.14094099514714764,48013,41245,6767,1,3.0,14,14,28,2.800000000000001,0,0,0,0.1006692206877536,0.13771220292255745,60,14,1.8720637620026537,b6184dc81199cbd9faa603dacbcd19f0e57dbb258207418f47d6a84e4d728dc7,d5e93af4309c11680942194e79206677fb9b74bde56f134590162f9b04f9ec4e,a047954f73c6983b2d8c8125924b7743ec8fba86ee4762a8a6fbdc3faeddf71a,74ad5b049464eda2087c4d240447db87264e4bc6f7e2d37615f1b88ed0e5eb1b,3000
reactive,dqn,40,controlled_synthetic,executed_closed_loop,1837.7043039745888,0.85999625101535,0.1399620935996501,48013,41291,6720,2,3.0,2,2,8,0.7000000000000001,0,0,0,0.11677673069182977,0.2268362495669859,60,2,1.3759403689982719,b6184dc81199cbd9faa603dacbcd19f0e57dbb258207418f47d6a84e4d728dc7,96d48cc81a9325192bcc1770fc2dd197cfbf05b66fa9ac70846da1c53d2639d1,a047954f73c6983b2d8c8125924b7743ec8fba86ee4762a8a6fbdc3faeddf71a,74ad5b049464eda2087c4d240447db87264e4bc6f7e2d37615f1b88ed0e5eb1b,3000
dpp,dqn,40,controlled_synthetic,executed_closed_loop,1889.6127855916575,0.853560494032866,0.14641867827463395,48013,40982,7030,1,2.0,17,17,122,7.7,0,0,0,0.3434855629845212,0.47449714875256155,60,17,2.976688931998069,b6184dc81199cbd9faa603dacbcd19f0e57dbb258207418f47d6a84e4d728dc7,12c85428017a1c383b13610d3aa60b6408a825c86e19ebac2faf8eeb0b532af3,a047954f73c6983b2d8c8125924b7743ec8fba86ee4762a8a6fbdc3faeddf71a,74ad5b049464eda2087c4d240447db87264e4bc6f7e2d37615f1b88ed0e5eb1b,3000
equal,dqn,40,controlled_synthetic,executed_closed_loop,1836.9752294573711,0.8596838356278508,0.14027450898714933,48013,41276,6735,2,3.0,3,3,12,1.05,0,0,0,0.15401715500289961,0.3168516497680684,60,3,2.0778814450022765,b6184dc81199cbd9faa603dacbcd19f0e57dbb258207418f47d6a84e4d728dc7,25fec43a9b7fd13410ef7fd52fedb7717f728100be10f227f82e1760e4d6dcd2,a047954f73c6983b2d8c8125924b7743ec8fba86ee4762a8a6fbdc3faeddf71a,74ad5b049464eda2087c4d240447db87264e4bc6f7e2d37615f1b88ed0e5eb1b,3000
fixed,dqn,40,controlled_synthetic,executed_closed_loop,1837.7043039745888,0.85999625101535,0.1399620935996501,48013,41291,6720,2,3.0,2,2,8,0.7000000000000001,0,0,0,0.1528455543484597,0.2996775516294292,60,2,2.038811718000943,b6184dc81199cbd9faa603dacbcd19f0e57dbb258207418f47d6a84e4d728dc7,ec1f79d4d5fba171a45c4c935fb47db78b75945657d8c3ad69941cbaffba6f7b,a047954f73c6983b2d8c8125924b7743ec8fba86ee4762a8a6fbdc3faeddf71a,74ad5b049464eda2087c4d240447db87264e4bc6f7e2d37615f1b88ed0e5eb1b,3000
workload,dqn,40,controlled_synthetic,executed_closed_loop,1837.7043039745888,0.85999625101535,0.1399620935996501,48013,41291,6720,2,3.0,2,2,8,0.7000000000000001,0,0,0,0.14999349365704498,0.2766447509202399,60,2,1.538486200999614,b6184dc81199cbd9faa603dacbcd19f0e57dbb258207418f47d6a84e4d728dc7,96d48cc81a9325192bcc1770fc2dd197cfbf05b66fa9ac70846da1c53d2639d1,a047954f73c6983b2d8c8125924b7743ec8fba86ee4762a8a6fbdc3faeddf71a,74ad5b049464eda2087c4d240447db87264e4bc6f7e2d37615f1b88ed0e5eb1b,3000
operating,dqn,40,controlled_synthetic,executed_closed_loop,1924.010344084462,0.8585174848478537,0.14146168745964635,48013,41220,6792,1,2.0,21,21,84,7.350000000000011,0,0,0,0.3353631423463715,0.4361120491012114,60,21,2.599403452997649,b6184dc81199cbd9faa603dacbcd19f0e57dbb258207418f47d6a84e4d728dc7,236f8b9f69dc2935ad92428df7e083f79200a700ff5141428532ac74aa50e3a7,a047954f73c6983b2d8c8125924b7743ec8fba86ee4762a8a6fbdc3faeddf71a,74ad5b049464eda2087c4d240447db87264e4bc6f7e2d37615f1b88ed0e5eb1b,3000
performance,dqn,40,controlled_synthetic,executed_closed_loop,1838.3475375161727,0.8601003894778497,0.13985795513715035,48013,41296,6715,2,3.0,1,1,4,0.35,0,0,0,0.14510122235515155,0.19474040018394587,60,1,1.7096195359990816,b6184dc81199cbd9faa603dacbcd19f0e57dbb258207418f47d6a84e4d728dc7,fe632510c071b1da7cbc8ce877d95f5b314c55b3425734c7ce5de2927b864964,a047954f73c6983b2d8c8125924b7743ec8fba86ee4762a8a6fbdc3faeddf71a,74ad5b049464eda2087c4d240447db87264e4bc6f7e2d37615f1b88ed0e5eb1b,3000
no_predictive,dqn,40,controlled_synthetic,executed_closed_loop,1837.7043039745888,0.85999625101535,0.1399620935996501,48013,41291,6720,2,3.0,2,2,8,0.7000000000000001,0,0,0,0.11958070165928802,0.22984325078141404,60,2,1.9421063599984336,b6184dc81199cbd9faa603dacbcd19f0e57dbb258207418f47d6a84e4d728dc7,11c707e6f1af8b384802dc277792cba224ada8b1f3eef2694163eaa83c8e5251,a047954f73c6983b2d8c8125924b7743ec8fba86ee4762a8a6fbdc3faeddf71a,74ad5b049464eda2087c4d240447db87264e4bc6f7e2d37615f1b88ed0e5eb1b,3000
uncapped,dqn,40,controlled_synthetic,executed_closed_loop,1837.7043039745888,0.85999625101535,0.1399620935996501,48013,41291,6720,2,3.0,2,2,8,0.7000000000000001,0,0,0,0.14247101432071455,0.23269690082088335,60,2,2.0474069219999365,b6184dc81199cbd9faa603dacbcd19f0e57dbb258207418f47d6a84e4d728dc7,2481d2adb9460d4f6172dc45ca8503365b94e4ef41e7368f1ccddd26d5923259,a047954f73c6983b2d8c8125924b7743ec8fba86ee4762a8a6fbdc3faeddf71a,74ad5b049464eda2087c4d240447db87264e4bc6f7e2d37615f1b88ed0e5eb1b,3000
no_disagreement,dqn,40,controlled_synthetic,executed_closed_loop,1837.7043039745888,0.85999625101535,0.1399620935996501,48013,41291,6720,2,3.0,2,2,8,0.7000000000000001,0,0,0,0.1407884003019717,0.22117040116427159,60,2,1.9800169420013845,b6184dc81199cbd9faa603dacbcd19f0e57dbb258207418f47d6a84e4d728dc7,11f2e9a1171155dd9c215c671b45ab917f4c58086e440c5f85bea6fe5819cb87,a047954f73c6983b2d8c8125924b7743ec8fba86ee4762a8a6fbdc3faeddf71a,74ad5b049464eda2087c4d240447db87264e4bc6f7e2d37615f1b88ed0e5eb1b,3000
no_delayed,dqn,40,controlled_synthetic,executed_closed_loop,1839.0932427498954,0.8604544602503489,0.13950388436465125,48013,41313,6698,2,3.0,0,0,0,0.0,0,0,0,0.11023184161482884,0.2178925496991717,60,0,1.8399811290000798,b6184dc81199cbd9faa603dacbcd19f0e57dbb258207418f47d6a84e4d728dc7,b6184dc81199cbd9faa603dacbcd19f0e57dbb258207418f47d6a84e4d728dc7,a047954f73c6983b2d8c8125924b7743ec8fba86ee4762a8a6fbdc3faeddf71a,74ad5b049464eda2087c4d240447db87264e4bc6f7e2d37615f1b88ed0e5eb1b,3000
fusion,ppo,40,controlled_synthetic,executed_closed_loop,1960.5957486135244,0.8637452356653407,0.1362339366421594,48013,41471,6541,1,2.0,2,2,8,0.7000000000000001,0,0,0,0.11553172401181655,0.21921834922977718,60,2,1.9760808230021212,013caa0f1e38ff61e149f3af1ffabc7aa79693476bcd39a277d55bf83692f7fc,57eb675015a138ba530be0e17d16ab42beb403ad3b361c5bc5060684e53e266d,a047954f73c6983b2d8c8125924b7743ec8fba86ee4762a8a6fbdc3faeddf71a,9a17b6437fa7f751e0ea8cfae3dbcda1401adb0540870604ad8e726fc78b67d6,3000
no_rt,ppo,40,controlled_synthetic,executed_closed_loop,1956.0686065446291,0.8651615187553371,0.13481765355216296,48013,41539,6473,1,2.0,0,0,0,0.0,0,0,0,0.10727158232839429,0.17000269854179345,60,0,2.0020001490011055,013caa0f1e38ff61e149f3af1ffabc7aa79693476bcd39a277d55bf83692f7fc,013caa0f1e38ff61e149f3af1ffabc7aa79693476bcd39a277d55bf83692f7fc,a047954f73c6983b2d8c8125924b7743ec8fba86ee4762a8a6fbdc3faeddf71a,9a17b6437fa7f751e0ea8cfae3dbcda1401adb0540870604ad8e726fc78b67d6,3000
periodic,ppo,40,controlled_synthetic,executed_closed_loop,1966.4801715549513,0.8621623310353446,0.13781684127215546,48013,41395,6617,1,2.0,14,14,28,2.800000000000001,0,0,0,0.09680491133379594,0.11822644883068185,60,14,1.9576953679970757,013caa0f1e38ff61e149f3af1ffabc7aa79693476bcd39a277d55bf83692f7fc,85a5d421edca0b271115c7ed0ca417977e709b5cde91dc3ca26207d13b8e83cf,a047954f73c6983b2d8c8125924b7743ec8fba86ee4762a8a6fbdc3faeddf71a,9a17b6437fa7f751e0ea8cfae3dbcda1401adb0540870604ad8e726fc78b67d6,3000
reactive,ppo,40,controlled_synthetic,executed_closed_loop,1960.15987528636,0.8637035802803408,0.1362755920271593,48013,41469,6543,1,2.0,2,2,8,0.7000000000000001,0,0,0,0.14344587697996758,0.22663804957119268,60,2,1.566712362000544,013caa0f1e38ff61e149f3af1ffabc7aa79693476bcd39a277d55bf83692f7fc,28741edf00192ba0d78f1c8e7db458592c6c41f4c77e3133a22e8f5fe748eab7,a047954f73c6983b2d8c8125924b7743ec8fba86ee4762a8a6fbdc3faeddf71a,9a17b6437fa7f751e0ea8cfae3dbcda1401adb0540870604ad8e726fc78b67d6,3000
dpp,ppo,40,controlled_synthetic,executed_closed_loop,1932.5985765587868,0.8540811863453648,0.14589798596213527,48013,41007,7005,1,2.0,16,16,121,7.6,0,0,0,0.30501739002405276,0.3972481987148057,60,16,2.806625780998729,013caa0f1e38ff61e149f3af1ffabc7aa79693476bcd39a277d55bf83692f7fc,4355c5f5d0355c269cf8934bdf736e3af56d68f3bd893a991f76b6af80c362b3,a047954f73c6983b2d8c8125924b7743ec8fba86ee4762a8a6fbdc3faeddf71a,9a17b6437fa7f751e0ea8cfae3dbcda1401adb0540870604ad8e726fc78b67d6,3000
fusion,dqn,50,controlled_synthetic,executed_closed_loop,1973.5474276838293,0.8579072158459052,0.14200885457101492,47659,40887,6768,4,2.0,2,2,8,0.7000000000000001,0,0,0,0.11563587430888826,0.28625250142795267,60,2,1.867199618001905,b2a3508702ba14613f7bda81bfaa6e77761850a990fa5af495d9d23aadd1e5f5,d2beef7fb1b94aee726cbd29bc1bd505648cc8b24908c05bc6d45453b8fbbd25,ec7edc4d47e4e9d5ebfd24a4b9b4f82ebdcaa0e87dfe9ba08a86e52ca9a8f580,7d1aa6ae0ec67cf09f679565de7423971ae5d0d766581deb6f27fd58403de2fe,3000
no_rt,dqn,50,controlled_synthetic,executed_closed_loop,1975.6027219543726,0.8584947229274639,0.14142134748945634,47659,40915,6740,4,2.0,0,0,0,0.0,0,0,0,0.12829836562862815,0.16781404938228653,60,0,1.909393572997942,b2a3508702ba14613f7bda81bfaa6e77761850a990fa5af495d9d23aadd1e5f5,b2a3508702ba14613f7bda81bfaa6e77761850a990fa5af495d9d23aadd1e5f5,ec7edc4d47e4e9d5ebfd24a4b9b4f82ebdcaa0e87dfe9ba08a86e52ca9a8f580,7d1aa6ae0ec67cf09f679565de7423971ae5d0d766581deb6f27fd58403de2fe,3000
periodic,dqn,50,controlled_synthetic,executed_closed_loop,1974.7606083255077,0.8582429341782245,0.14167313623869573,47659,40903,6752,4,2.0,14,14,28,2.800000000000001,0,0,0,0.10511576236240217,0.11623354967014159,60,14,1.8424185299991223,b2a3508702ba14613f7bda81bfaa6e77761850a990fa5af495d9d23aadd1e5f5,c9167d1fb30d70577efaff91d6165c74129c5a4303aef33bc5691ce3292969dd,ec7edc4d47e4e9d5ebfd24a4b9b4f82ebdcaa0e87dfe9ba08a86e52ca9a8f580,7d1aa6ae0ec67cf09f679565de7423971ae5d0d766581deb6f27fd58403de2fe,3000
reactive,dqn,50,controlled_synthetic,executed_closed_loop,1973.5474276838293,0.8579072158459052,0.14200885457101492,47659,40887,6768,4,2.0,2,2,8,0.7000000000000001,0,0,0,0.1464693183770578,0.28431300252123015,60,2,1.4996987509985047,b2a3508702ba14613f7bda81bfaa6e77761850a990fa5af495d9d23aadd1e5f5,91b136814c20bd68c1bd6a4fc1ff577e5f22c2f89c03e413e7044a50db7e7ca4,ec7edc4d47e4e9d5ebfd24a4b9b4f82ebdcaa0e87dfe9ba08a86e52ca9a8f580,7d1aa6ae0ec67cf09f679565de7423971ae5d0d766581deb6f27fd58403de2fe,3000
dpp,dqn,50,controlled_synthetic,executed_closed_loop,1926.586582697912,0.8508571308672024,0.1490589395497178,47659,40551,7104,4,2.0,16,16,121,7.6,0,0,0,0.32746847869081347,0.39124354989326066,60,16,2.761675761998049,b2a3508702ba14613f7bda81bfaa6e77761850a990fa5af495d9d23aadd1e5f5,e304c44b92d86846fdbdd25e6e30bf14106c8d49b285dcccf5e1e80a31f148d2,ec7edc4d47e4e9d5ebfd24a4b9b4f82ebdcaa0e87dfe9ba08a86e52ca9a8f580,7d1aa6ae0ec67cf09f679565de7423971ae5d0d766581deb6f27fd58403de2fe,3000
equal,dqn,50,controlled_synthetic,executed_closed_loop,1972.4187549354517,0.8578232862628254,0.1420927841540947,47659,40883,6772,4,2.0,5,5,20,1.7499999999999993,0,0,0,0.1665132826686507,0.3339513479659217,60,5,2.06441092300156,b2a3508702ba14613f7bda81bfaa6e77761850a990fa5af495d9d23aadd1e5f5,29000f5a0b1d51c7762fbae6cb60cd1facbe01e9acdfd8058efb277b890c5cf5,ec7edc4d47e4e9d5ebfd24a4b9b4f82ebdcaa0e87dfe9ba08a86e52ca9a8f580,7d1aa6ae0ec67cf09f679565de7423971ae5d0d766581deb6f27fd58403de2fe,3000
fixed,dqn,50,controlled_synthetic,executed_closed_loop,1973.507219116468,0.8579281982416752,0.14198787217524497,47659,40888,6767,4,2.0,3,3,12,1.05,0,0,0,0.1493756349712688,0.30677305221615825,60,3,1.9829781539992837,b2a3508702ba14613f7bda81bfaa6e77761850a990fa5af495d9d23aadd1e5f5,56edd86996a2ed61f66563cb7125b50e1ccdaa623b843e54707e09f6f44a8997,ec7edc4d47e4e9d5ebfd24a4b9b4f82ebdcaa0e87dfe9ba08a86e52ca9a8f580,7d1aa6ae0ec67cf09f679565de7423971ae5d0d766581deb6f27fd58403de2fe,3000
workload,dqn,50,controlled_synthetic,executed_closed_loop,1973.5474276838293,0.8579072158459052,0.14200885457101492,47659,40887,6768,4,2.0,2,2,8,0.7000000000000001,0,0,0,0.14507666933301758,0.2517118999094233,60,2,1.4788273420017504,b2a3508702ba14613f7bda81bfaa6e77761850a990fa5af495d9d23aadd1e5f5,91b136814c20bd68c1bd6a4fc1ff577e5f22c2f89c03e413e7044a50db7e7ca4,ec7edc4d47e4e9d5ebfd24a4b9b4f82ebdcaa0e87dfe9ba08a86e52ca9a8f580,7d1aa6ae0ec67cf09f679565de7423971ae5d0d766581deb6f27fd58403de2fe,3000
operating,dqn,50,controlled_synthetic,executed_closed_loop,1956.6278423265817,0.858054092616295,0.1418409954048553,47659,40894,6760,5,2.0,21,21,84,7.350000000000011,0,0,0,0.32468244832246757,0.4224979496939339,60,21,2.473627965999185,b2a3508702ba14613f7bda81bfaa6e77761850a990fa5af495d9d23aadd1e5f5,b9945d862b1ec344bbe9cba57253b5d1dfcc208bbc0d8212432697d9f849ee84,ec7edc4d47e4e9d5ebfd24a4b9b4f82ebdcaa0e87dfe9ba08a86e52ca9a8f580,7d1aa6ae0ec67cf09f679565de7423971ae5d0d766581deb6f27fd58403de2fe,3000
performance,dqn,50,controlled_synthetic,executed_closed_loop,1974.4338756743064,0.858054092616295,0.1418619778006253,47659,40894,6761,4,2.0,2,2,8,0.7000000000000001,0,0,0,0.143616778999179,0.219672000457649,60,2,1.6059579259999737,b2a3508702ba14613f7bda81bfaa6e77761850a990fa5af495d9d23aadd1e5f5,b08eb588ee5de92a177406411a5697eb83b3c4662a8c0550a6df21e589172355,ec7edc4d47e4e9d5ebfd24a4b9b4f82ebdcaa0e87dfe9ba08a86e52ca9a8f580,7d1aa6ae0ec67cf09f679565de7423971ae5d0d766581deb6f27fd58403de2fe,3000
no_predictive,dqn,50,controlled_synthetic,executed_closed_loop,1973.5474276838293,0.8579072158459052,0.14200885457101492,47659,40887,6768,4,2.0,2,2,8,0.7000000000000001,0,0,0,0.11795660297502764,0.29141654995328276,60,2,1.8833766160023515,b2a3508702ba14613f7bda81bfaa6e77761850a990fa5af495d9d23aadd1e5f5,a715a1470dc58cdbe7ec5886075c1b7eef86e9b90b0fc0cfbc6d84e987e1c2fc,ec7edc4d47e4e9d5ebfd24a4b9b4f82ebdcaa0e87dfe9ba08a86e52ca9a8f580,7d1aa6ae0ec67cf09f679565de7423971ae5d0d766581deb6f27fd58403de2fe,3000
uncapped,dqn,50,controlled_synthetic,executed_closed_loop,1973.5474276838293,0.8579072158459052,0.14200885457101492,47659,40887,6768,4,2.0,2,2,8,0.7000000000000001,0,0,0,0.14783347167394822,0.25074135082832,60,2,2.068350361998455,b2a3508702ba14613f7bda81bfaa6e77761850a990fa5af495d9d23aadd1e5f5,84ee131d6d2cea60f26a438fcda02b7e102500d4ccefe8ed3ed6da9f64d1820e,ec7edc4d47e4e9d5ebfd24a4b9b4f82ebdcaa0e87dfe9ba08a86e52ca9a8f580,7d1aa6ae0ec67cf09f679565de7423971ae5d0d766581deb6f27fd58403de2fe,3000
no_disagreement,dqn,50,controlled_synthetic,executed_closed_loop,1973.5474276838293,0.8579072158459052,0.14200885457101492,47659,40887,6768,4,2.0,2,2,8,0.7000000000000001,0,0,0,0.11784893228832516,0.28849344907939667,60,2,1.9809670860013284,b2a3508702ba14613f7bda81bfaa6e77761850a990fa5af495d9d23aadd1e5f5,75cb9a81e232f80b187a7f97ae622105e463fdd09492994c3f67e7bca2fe6464,ec7edc4d47e4e9d5ebfd24a4b9b4f82ebdcaa0e87dfe9ba08a86e52ca9a8f580,7d1aa6ae0ec67cf09f679565de7423971ae5d0d766581deb6f27fd58403de2fe,3000
no_delayed,dqn,50,controlled_synthetic,executed_closed_loop,1975.6027219543726,0.8584947229274639,0.14142134748945634,47659,40915,6740,4,2.0,0,0,0,0.0,0,0,0,0.11485645430730074,0.2532284008339046,60,0,1.9235217030000058,b2a3508702ba14613f7bda81bfaa6e77761850a990fa5af495d9d23aadd1e5f5,b2a3508702ba14613f7bda81bfaa6e77761850a990fa5af495d9d23aadd1e5f5,ec7edc4d47e4e9d5ebfd24a4b9b4f82ebdcaa0e87dfe9ba08a86e52ca9a8f580,7d1aa6ae0ec67cf09f679565de7423971ae5d0d766581deb6f27fd58403de2fe,3000
fusion,ppo,50,controlled_synthetic,executed_closed_loop,1928.7413488810175,0.8680417130027906,0.13187435741412953,47659,41370,6285,4,2.0,2,2,8,0.7000000000000001,0,0,0,0.11668529391075329,0.22248494933592147,60,2,1.976768290001928,b75f21e85b026d19ae256a7abc9d468b0bca1b4611d6224f51dc595a0211abfc,12a6674a9d8babea5c98fec93f9bed842a80d231cf8a51a15d9b2ca1905fe889,ec7edc4d47e4e9d5ebfd24a4b9b4f82ebdcaa0e87dfe9ba08a86e52ca9a8f580,ea8052cec931bf1307505f48017654eb53accaf11ba541509d7c5963723741cd,3000
no_rt,ppo,50,controlled_synthetic,executed_closed_loop,1932.5883956879688,0.8683774313351098,0.13153863908181035,47659,41386,6269,4,2.0,0,0,0,0.0,0,0,0,0.12598425830947235,0.16577940023125845,60,0,1.9771516440014238,b75f21e85b026d19ae256a7abc9d468b0bca1b4611d6224f51dc595a0211abfc,b75f21e85b026d19ae256a7abc9d468b0bca1b4611d6224f51dc595a0211abfc,ec7edc4d47e4e9d5ebfd24a4b9b4f82ebdcaa0e87dfe9ba08a86e52ca9a8f580,ea8052cec931bf1307505f48017654eb53accaf11ba541509d7c5963723741cd,3000
periodic,ppo,50,controlled_synthetic,executed_closed_loop,1929.96637314914,0.8683984137308798,0.1315176566860404,47659,41387,6268,4,2.0,14,14,28,2.800000000000001,0,0,0,0.10271449736440748,0.11893940063600883,60,14,1.945220186997176,b75f21e85b026d19ae256a7abc9d468b0bca1b4611d6224f51dc595a0211abfc,2b8b9935143ca80bc257a6e23ee55efb3dbef6e5234692fe215802696758ab3a,ec7edc4d47e4e9d5ebfd24a4b9b4f82ebdcaa0e87dfe9ba08a86e52ca9a8f580,ea8052cec931bf1307505f48017654eb53accaf11ba541509d7c5963723741cd,3000
reactive,ppo,50,controlled_synthetic,executed_closed_loop,1928.7531346698836,0.8679997482112508,0.13191632220566946,47659,41368,6287,4,2.0,2,2,8,0.7000000000000001,0,0,0,0.12035042736533796,0.24965190168586524,60,2,1.5975594789997558,b75f21e85b026d19ae256a7abc9d468b0bca1b4611d6224f51dc595a0211abfc,f7bcded114d0a46cc61c4f447a4485a36c2c8afd36abfc3456ad54ae84b088b4,ec7edc4d47e4e9d5ebfd24a4b9b4f82ebdcaa0e87dfe9ba08a86e52ca9a8f580,ea8052cec931bf1307505f48017654eb53accaf11ba541509d7c5963723741cd,3000
dpp,ppo,50,controlled_synthetic,executed_closed_loop,1880.3016302923636,0.860886716045238,0.1390083719759122,47659,41029,6625,5,3.0,18,18,123,7.8,0,0,0,0.3024552256865718,0.39386485113936937,60,18,2.8259453200007556,b75f21e85b026d19ae256a7abc9d468b0bca1b4611d6224f51dc595a0211abfc,7e11c5e14260eec6aeed59c17b7907304542807f393673ea09dbf8824089c84c,ec7edc4d47e4e9d5ebfd24a4b9b4f82ebdcaa0e87dfe9ba08a86e52ca9a8f580,ea8052cec931bf1307505f48017654eb53accaf11ba541509d7c5963723741cd,3000
