seed,state,profile_pairs,exact_objective,ao_objective,proxy_gap,exact_ms,ao_ms,exact_pairs,ao_pairs,same_pair,coordinate_converged,scope
10,0,750,0.8068616384047347,0.7198900572240792,0.08697158118065551,10.83134600048652,3.377931996510597,750,156,False,True,"controlled synthetic states, interpolated profiles, current proxy only"
10,1,750,0.7860090554882394,0.758176685953575,0.027832369534664392,11.87958999798866,1.362189999781549,750,156,False,True,"controlled synthetic states, interpolated profiles, current proxy only"
10,2,750,1.8294857635231636,1.8294857635231636,0.0,5.134365001140395,1.675693998549832,750,221,True,True,"controlled synthetic states, interpolated profiles, current proxy only"
10,3,750,0.8799264837937176,0.8799264837937176,0.0,6.026970000675647,0.7943390010041185,750,83,True,True,"controlled synthetic states, interpolated profiles, current proxy only"
10,4,750,0.9018587302053354,0.9018587302053354,0.0,5.828409000969259,1.419152999005746,750,156,True,True,"controlled synthetic states, interpolated profiles, current proxy only"
10,5,750,0.7480112815121469,0.7259819970409367,0.02202928447121022,6.421165999199729,1.1597070006246213,750,135,False,True,"controlled synthetic states, interpolated profiles, current proxy only"
10,6,750,0.8149999114411777,0.8149999114411777,0.0,6.035533999238396,1.4445229971897788,750,156,True,True,"controlled synthetic states, interpolated profiles, current proxy only"
10,7,750,1.0676707692451481,1.0676707692451481,0.0,5.840697001985973,1.9821299974864814,750,264,True,True,"controlled synthetic states, interpolated profiles, current proxy only"
10,8,750,0.7156210349145576,0.7156210349145576,0.0,6.170041000586934,2.08659199779504,750,168,True,True,"controlled synthetic states, interpolated profiles, current proxy only"
10,9,750,1.066877461143103,1.066877461143103,0.0,6.614499001443619,1.2694340002781246,750,156,True,True,"controlled synthetic states, interpolated profiles, current proxy only"
10,10,750,0.7413479906930648,0.7413479906930648,0.0,5.981700000120327,1.3516049984900746,750,156,True,True,"controlled synthetic states, interpolated profiles, current proxy only"
10,11,750,0.8756033837041229,0.8756033837041229,0.0,5.8436479994270485,1.4092920027906075,750,156,True,True,"controlled synthetic states, interpolated profiles, current proxy only"
10,12,750,0.9923311583774361,0.9445084425848771,0.047822715792559034,5.211269999563228,1.98130399803631,750,291,False,True,"controlled synthetic states, interpolated profiles, current proxy only"
10,13,750,0.640118854666687,0.640118854666687,0.0,6.081240000639809,0.8165740000549704,750,83,True,True,"controlled synthetic states, interpolated profiles, current proxy only"
10,14,750,0.8404633515507768,0.8404633515507768,0.0,6.003374001011252,1.3285879977047443,750,156,True,True,"controlled synthetic states, interpolated profiles, current proxy only"
10,15,750,1.1636618464622894,1.1316003234304328,0.03206152303185661,5.107467000925681,1.444481997168623,750,218,False,True,"controlled synthetic states, interpolated profiles, current proxy only"
10,16,750,0.8011951205166682,0.7825116243357809,0.01868349618088727,5.86141199892154,1.218786997924326,750,140,False,True,"controlled synthetic states, interpolated profiles, current proxy only"
10,17,750,0.7361117318899433,0.7277630501882344,0.008348681701708882,5.708869000955019,1.3488580007106066,750,163,False,True,"controlled synthetic states, interpolated profiles, current proxy only"
10,18,750,0.6712174592409984,0.6581255323776318,0.013091926863366576,6.172643003083067,1.1847530004160944,750,143,False,True,"controlled synthetic states, interpolated profiles, current proxy only"
10,19,750,0.8237586550045481,0.8237586550045481,0.0,6.470688997069374,0.8909690004657023,750,83,True,True,"controlled synthetic states, interpolated profiles, current proxy only"
10,20,750,0.8893972270791586,0.8893972270791586,0.0,5.980750000162516,0.882897998963017,750,83,True,True,"controlled synthetic states, interpolated profiles, current proxy only"
10,21,750,0.8136311106722048,0.7711980049032773,0.04243310576892756,5.383337997045601,1.217410001117969,750,156,False,True,"controlled synthetic states, interpolated profiles, current proxy only"
10,22,750,0.7995365888107002,0.7918493703385906,0.007687218472109625,5.659214002662338,1.272010002139723,750,161,False,True,"controlled synthetic states, interpolated profiles, current proxy only"
10,23,750,1.3615503014393733,1.3592070321082523,0.002343269331120945,5.932206000579754,1.4040460009709932,750,156,False,True,"controlled synthetic states, interpolated profiles, current proxy only"
10,24,750,1.5586776662235224,1.5586776662235224,0.0,4.915636000077939,2.458765997289447,750,358,True,True,"controlled synthetic states, interpolated profiles, current proxy only"
10,25,750,1.7570338801534553,1.7570338801534553,0.0,4.902279000816634,1.6671800003678072,750,237,True,True,"controlled synthetic states, interpolated profiles, current proxy only"
10,26,750,0.8068073137239018,0.699168000840343,0.10763931288355877,5.804240001452854,1.0739809986262117,750,134,False,True,"controlled synthetic states, interpolated profiles, current proxy only"
10,27,750,0.8107799041114043,0.7601856432919181,0.05059426081948626,5.582202997175045,1.3244149995443877,750,165,False,True,"controlled synthetic states, interpolated profiles, current proxy only"
10,28,750,1.0521694147831187,1.0521694147831187,0.0,5.700846999388887,0.7807749971107114,750,83,True,True,"controlled synthetic states, interpolated profiles, current proxy only"
10,29,750,1.0543921336320774,1.0426038910738706,0.011788242558206763,6.216189998667687,1.5263429995684419,750,156,False,True,"controlled synthetic states, interpolated profiles, current proxy only"
10,30,750,0.9559812232866427,0.9559812232866427,0.0,5.809386999317212,1.2757209988194518,750,156,True,True,"controlled synthetic states, interpolated profiles, current proxy only"
10,31,750,1.0297682336367862,0.9916964818360511,0.038071751800735076,5.84768499902566,1.5747930010547861,750,218,False,True,"controlled synthetic states, interpolated profiles, current proxy only"
10,32,750,1.28325804492216,1.28325804492216,0.0,5.465713999001309,1.1848349968204275,750,156,True,True,"controlled synthetic states, interpolated profiles, current proxy only"
10,33,750,0.7943711532420634,0.6960941555807317,0.09827699766133169,5.970673002593685,1.5205470008368138,750,190,False,True,"controlled synthetic states, interpolated profiles, current proxy only"
10,34,750,0.6416602702407262,0.6415534285330308,0.00010684170769548196,5.127480999362888,1.3093199995637406,750,170,False,True,"controlled synthetic states, interpolated profiles, current proxy only"
10,35,750,0.8389058189578693,0.8389058189578693,0.0,5.995583000185434,1.3669139989360701,750,156,True,True,"controlled synthetic states, interpolated profiles, current proxy only"
10,36,750,0.8548625421759445,0.8548625421759445,0.0,5.663010000716895,1.2925840019306634,750,156,True,True,"controlled synthetic states, interpolated profiles, current proxy only"
10,37,750,0.8660040146465997,0.8660040146465997,0.0,6.03379399763071,1.0117839992744848,750,106,True,True,"controlled synthetic states, interpolated profiles, current proxy only"
10,38,750,0.8903768275566033,0.8779297279063373,0.012447099650266025,4.950780999934068,1.3296430006448645,750,183,False,True,"controlled synthetic states, interpolated profiles, current proxy only"
10,39,750,0.865867220044388,0.8600680857745449,0.005799134269843131,5.051131996879121,1.9134489994030446,750,274,False,True,"controlled synthetic states, interpolated profiles, current proxy only"
10,40,750,1.6524180403012814,1.6524180403012814,0.0,6.401918002666207,1.2086379974789452,750,156,True,True,"controlled synthetic states, interpolated profiles, current proxy only"
10,41,750,0.6883823473014484,0.6215907477485886,0.06679159955285985,4.840744000830455,1.8657079999684356,750,287,False,True,"controlled synthetic states, interpolated profiles, current proxy only"
10,42,750,0.8641322706253572,0.8641322706253572,0.0,6.527018998895073,0.8001480018720031,750,83,True,True,"controlled synthetic states, interpolated profiles, current proxy only"
10,43,750,1.0172658567961,1.0172658567961,0.0,6.306635001237737,0.9712410028441809,750,106,True,True,"controlled synthetic states, interpolated profiles, current proxy only"
10,44,750,0.9972607131901063,0.9972607131901063,0.0,5.83503700181609,1.3231190023361705,750,156,True,True,"controlled synthetic states, interpolated profiles, current proxy only"
10,45,750,0.8272761884735143,0.785313770541679,0.041962417931835305,5.963805997453164,1.2534179986687377,750,156,False,True,"controlled synthetic states, interpolated profiles, current proxy only"
10,46,750,0.99009347500178,0.9281084938348286,0.06198498116695139,7.013773996732198,1.4708449998579454,750,139,False,True,"controlled synthetic states, interpolated profiles, current proxy only"
10,47,750,0.7511945688569885,0.7511945688569885,0.0,6.907773997227196,2.6416479995532427,750,166,True,True,"controlled synthetic states, interpolated profiles, current proxy only"
10,48,750,0.5739469554817358,0.5739469554817358,0.0,7.541192000644514,1.8267470004502684,750,165,True,True,"controlled synthetic states, interpolated profiles, current proxy only"
10,49,750,0.6581621028187555,0.6570899179419698,0.0010721848767857312,5.562440001085633,1.5897530029178597,750,166,False,True,"controlled synthetic states, interpolated profiles, current proxy only"
10,50,750,0.7726994482644134,0.7477256627592938,0.02497378550511964,5.633495999063598,1.4044099989405368,750,162,False,True,"controlled synthetic states, interpolated profiles, current proxy only"
10,51,750,0.7860084873802838,0.7666088736309077,0.019399613749376154,5.065997000201605,1.9646949986054096,750,272,False,True,"controlled synthetic states, interpolated profiles, current proxy only"
10,52,750,0.7303818759702276,0.7268845025295583,0.00349737344066936,5.278320000797976,1.393800001096679,750,167,False,True,"controlled synthetic states, interpolated profiles, current proxy only"
10,53,750,0.4741674626717549,0.4741674626717549,0.0,5.986072999803582,1.2866400029452052,750,134,True,True,"controlled synthetic states, interpolated profiles, current proxy only"
10,54,750,0.7718319983880543,0.7253249205517495,0.04650707783630481,5.889226998988306,1.2700209990725853,750,156,False,True,"controlled synthetic states, interpolated profiles, current proxy only"
10,55,750,0.6666818794683709,0.6500023654192986,0.016679514049072308,5.361442003049888,1.3232890014478471,750,170,False,True,"controlled synthetic states, interpolated profiles, current proxy only"
10,56,750,0.9191150252662089,0.9191150252662089,0.0,5.9294370003044605,4.059987000800902,750,106,True,True,"controlled synthetic states, interpolated profiles, current proxy only"
10,57,750,0.7516912755794062,0.7322565578567403,0.019434717722665917,9.655538000515662,1.3063880032859743,750,156,False,True,"controlled synthetic states, interpolated profiles, current proxy only"
10,58,750,0.8184370169788133,0.8184370169788133,0.0,6.0951630002819,0.9273399991798215,750,83,True,True,"controlled synthetic states, interpolated profiles, current proxy only"
10,59,750,0.9359511657569973,0.9359511657569973,0.0,6.326954000542173,1.0167629989155103,750,83,True,True,"controlled synthetic states, interpolated profiles, current proxy only"
10,60,750,0.8029026019184222,0.7899886104079966,0.012913991510425604,5.506655001227045,1.842240002588369,750,245,False,True,"controlled synthetic states, interpolated profiles, current proxy only"
10,61,750,0.8320582754320627,0.8255414301663662,0.006516845265696514,5.495997000252828,1.3550929979828652,750,156,False,True,"controlled synthetic states, interpolated profiles, current proxy only"
10,62,750,0.9560402765973686,0.9432792956099689,0.01276098098739964,5.515733999345684,1.9980159995611757,750,257,False,True,"controlled synthetic states, interpolated profiles, current proxy only"
10,63,750,0.6822629772001672,0.6490092584671493,0.033253718733017856,5.063846001576167,1.3276049976411741,750,190,False,True,"controlled synthetic states, interpolated profiles, current proxy only"
10,64,750,0.5549174620064179,0.5549174620064179,0.0,5.919289000303252,0.8569800011173356,750,83,True,True,"controlled synthetic states, interpolated profiles, current proxy only"
10,65,750,1.3148658797196155,1.3148658797196155,0.0,5.9057979997305665,1.2651399993046653,750,159,True,True,"controlled synthetic states, interpolated profiles, current proxy only"
10,66,750,0.7975128443946826,0.7777750360237229,0.01973780837095973,5.848839002283057,1.3004850006836932,750,160,False,True,"controlled synthetic states, interpolated profiles, current proxy only"
10,67,750,0.9082250769302603,0.9082250769302603,0.0,6.080204002500977,1.4324340008897707,750,156,True,True,"controlled synthetic states, interpolated profiles, current proxy only"
10,68,750,1.1785844810659292,1.1637869238160161,0.014797557249913051,5.435276001662714,2.4197009988711216,750,301,False,True,"controlled synthetic states, interpolated profiles, current proxy only"
10,69,750,0.8536824299966581,0.8536824299966581,0.0,6.883891997858882,1.3650459986820351,750,156,True,True,"controlled synthetic states, interpolated profiles, current proxy only"
10,70,750,1.1224409750907722,1.115550427363846,0.0068905477269263216,5.95483899815008,1.9130030013911892,750,156,False,True,"controlled synthetic states, interpolated profiles, current proxy only"
10,71,750,0.7842268989167049,0.7124351773426392,0.07179172157406577,8.524345001205802,1.6171260031114798,750,190,False,True,"controlled synthetic states, interpolated profiles, current proxy only"
10,72,750,0.9493411879503395,0.9310505221442477,0.018290665806091844,7.054794001305709,1.4429670009121764,750,156,False,True,"controlled synthetic states, interpolated profiles, current proxy only"
10,73,750,1.2093785367923846,1.2088313771436496,0.0005471596487349739,5.830476002302021,1.686827999947127,750,227,False,True,"controlled synthetic states, interpolated profiles, current proxy only"
10,74,750,0.9016632071640455,0.8685687694866191,0.03309443767742637,4.935306998959277,1.0811870015459135,750,146,False,True,"controlled synthetic states, interpolated profiles, current proxy only"
10,75,750,0.7725859356094807,0.7431567355214466,0.02942920008803418,5.201383999519749,1.7142180004157126,750,243,False,True,"controlled synthetic states, interpolated profiles, current proxy only"
10,76,750,0.5500126297912132,0.5445092630711801,0.005503366720033154,5.719705997762503,1.6137829989020247,750,144,False,True,"controlled synthetic states, interpolated profiles, current proxy only"
10,77,750,0.7495112696862212,0.6690836609239081,0.08042760876231303,5.163666002772516,1.7375999996147584,750,227,False,True,"controlled synthetic states, interpolated profiles, current proxy only"
10,78,750,0.7154563944251474,0.7024578048977037,0.012998589527443705,5.637874000967713,1.404280999850016,750,163,False,True,"controlled synthetic states, interpolated profiles, current proxy only"
10,79,750,0.7302482638090998,0.7302482638090998,0.0,6.319505999272224,1.3650580003741197,750,156,True,True,"controlled synthetic states, interpolated profiles, current proxy only"
10,80,750,1.0001522277136141,1.0001522277136141,0.0,6.136946998594794,1.3436879999062512,750,156,True,True,"controlled synthetic states, interpolated profiles, current proxy only"
10,81,750,0.6975652823188795,0.6617085844632024,0.03585669785567713,5.145210998307448,1.4283669988799375,750,190,False,True,"controlled synthetic states, interpolated profiles, current proxy only"
10,82,750,0.8805153578151702,0.8805153578151702,0.0,6.030016000295291,0.8139179990394041,750,83,True,True,"controlled synthetic states, interpolated profiles, current proxy only"
10,83,750,0.9157087563713894,0.9154693552034909,0.00023940116789844534,5.817844998091459,1.4124209992587566,750,156,False,True,"controlled synthetic states, interpolated profiles, current proxy only"
10,84,750,0.8447213954979262,0.8071574532809411,0.03756394221698511,5.670075999660185,1.3378539988480043,750,156,False,True,"controlled synthetic states, interpolated profiles, current proxy only"
10,85,750,0.7911988427278226,0.7911988427278226,0.0,5.307794999680482,1.291759999730857,750,167,True,True,"controlled synthetic states, interpolated profiles, current proxy only"
10,86,750,0.7870699841482259,0.7870699841482259,0.0,5.895638001675252,0.7837669982109219,750,83,True,True,"controlled synthetic states, interpolated profiles, current proxy only"
10,87,750,1.114114547158569,1.114114547158569,0.0,5.582472000241978,1.2367230010568164,750,156,True,True,"controlled synthetic states, interpolated profiles, current proxy only"
10,88,750,0.7555675977188959,0.721979767869322,0.03358782984957387,5.702623999241041,1.3177360015106387,750,163,False,True,"controlled synthetic states, interpolated profiles, current proxy only"
10,89,750,1.2597129229183726,1.2303013940440082,0.02941152887436438,6.326564001938095,1.28165600108332,750,156,False,True,"controlled synthetic states, interpolated profiles, current proxy only"
10,90,750,0.7827638699767181,0.7827638699767181,0.0,6.26602299962542,0.85151399980532,750,83,True,True,"controlled synthetic states, interpolated profiles, current proxy only"
10,91,750,0.7001081797065135,0.6810007895038926,0.019107390202620866,5.885251001018332,1.4431210001930594,750,163,False,True,"controlled synthetic states, interpolated profiles, current proxy only"
10,92,750,1.256914095770354,1.230564374733343,0.026349721037010942,9.935398000379791,1.5384100006485824,750,156,False,True,"controlled synthetic states, interpolated profiles, current proxy only"
10,93,750,0.9272855704000742,0.8649775318370616,0.06230803856301259,5.0665220005612355,1.6279379997286014,750,237,False,True,"controlled synthetic states, interpolated profiles, current proxy only"
10,94,750,0.8597333896463796,0.8597333896463796,0.0,5.974414001684636,1.7927799999597482,750,218,True,True,"controlled synthetic states, interpolated profiles, current proxy only"
10,95,750,0.8592578238476231,0.8592578238476231,0.0,6.1061699998390395,1.187328998639714,750,106,True,True,"controlled synthetic states, interpolated profiles, current proxy only"
10,96,750,0.8376703014598675,0.8289283344506503,0.008741967009217255,5.941315001109615,1.4826910010015126,750,158,False,True,"controlled synthetic states, interpolated profiles, current proxy only"
10,97,750,0.756457147066326,0.7530624594642717,0.0033946876020543026,5.783237000287045,1.4839960022072773,750,165,False,True,"controlled synthetic states, interpolated profiles, current proxy only"
10,98,750,0.8677148530899247,0.8677148530899247,0.0,6.575461000466021,1.358228997560218,750,156,True,True,"controlled synthetic states, interpolated profiles, current proxy only"
10,99,750,0.8859068218781823,0.8859068218781823,0.0,5.696898999303812,1.2885049982287455,750,156,True,True,"controlled synthetic states, interpolated profiles, current proxy only"
20,0,750,0.9191523942536077,0.9064332371034135,0.012719157150194227,5.508366000867682,1.818938002543291,750,246,False,True,"controlled synthetic states, interpolated profiles, current proxy only"
20,1,750,1.329451415201417,1.3089573157134298,0.020494099487987194,5.9392779985500965,1.3664309990417678,750,184,False,True,"controlled synthetic states, interpolated profiles, current proxy only"
20,2,750,0.8541554973142874,0.8541554973142874,0.0,5.727421998017235,1.379462999466341,750,157,True,True,"controlled synthetic states, interpolated profiles, current proxy only"
20,3,750,0.7598952461390762,0.7268345557373036,0.03306069040177262,5.255668998870533,1.4120800005912315,750,165,False,True,"controlled synthetic states, interpolated profiles, current proxy only"
20,4,750,1.2424046692397455,1.2337618451994843,0.008642824040261177,5.804896998597542,1.2343550006335136,750,156,False,True,"controlled synthetic states, interpolated profiles, current proxy only"
20,5,750,0.8518715760147093,0.848784188029128,0.0030873879855812802,5.582197998592164,1.2185300001874566,750,156,False,True,"controlled synthetic states, interpolated profiles, current proxy only"
20,6,750,1.1066435445859821,1.1066435445859821,0.0,5.625167999824043,1.4347079995786771,750,160,True,True,"controlled synthetic states, interpolated profiles, current proxy only"
20,7,750,0.7236135278207281,0.6977996709201298,0.02581385690059823,5.026147999160457,1.761637999152299,750,248,False,True,"controlled synthetic states, interpolated profiles, current proxy only"
20,8,750,0.8898217891894293,0.8851345525591721,0.004687236630257274,5.3821229994355235,1.4280950017564464,750,190,False,True,"controlled synthetic states, interpolated profiles, current proxy only"
20,9,750,1.114853169230527,1.0592086085630616,0.05564456066746537,5.1932699971075635,2.11345500065363,750,237,False,True,"controlled synthetic states, interpolated profiles, current proxy only"
20,10,750,0.6419265503931029,0.6350268949682972,0.00689965542480564,5.425303002994042,1.3521469991246704,750,168,False,True,"controlled synthetic states, interpolated profiles, current proxy only"
20,11,750,1.386058220867038,1.386058220867038,0.0,4.952890998538351,1.5239659987855703,750,222,True,True,"controlled synthetic states, interpolated profiles, current proxy only"
20,12,750,0.7769895171454971,0.6962718752108481,0.08071764193464903,5.015424998418894,2.232584000012139,750,302,False,True,"controlled synthetic states, interpolated profiles, current proxy only"
20,13,750,1.3642997749766845,1.3642997749766845,0.0,6.007027001032839,1.3812429970130324,750,156,True,True,"controlled synthetic states, interpolated profiles, current proxy only"
20,14,750,0.7895806828409888,0.7412849719634432,0.04829571087754558,5.660426999384072,1.231551003002096,750,156,False,True,"controlled synthetic states, interpolated profiles, current proxy only"
20,15,750,1.1856677409953846,1.1856677409953846,0.0,5.246982000244316,1.2785219987563323,750,157,True,True,"controlled synthetic states, interpolated profiles, current proxy only"
20,16,750,0.991179096497024,0.991179096497024,0.0,5.744181002228288,0.9338109994132537,750,106,True,True,"controlled synthetic states, interpolated profiles, current proxy only"
20,17,750,0.8459980679119996,0.8459980679119996,0.0,4.986461997759761,2.1575299979303963,750,330,True,True,"controlled synthetic states, interpolated profiles, current proxy only"
20,18,750,0.9075764350615104,0.9075764350615104,0.0,5.985285999486223,0.8267109988082666,750,83,True,True,"controlled synthetic states, interpolated profiles, current proxy only"
20,19,750,0.7604971456415549,0.720043258453722,0.04045388718783294,5.367390000174055,1.5247889969032258,750,210,False,True,"controlled synthetic states, interpolated profiles, current proxy only"
20,20,750,0.8026098226891918,0.7853833762552362,0.017226446433955545,6.226950998097891,1.2944649970449973,750,157,False,True,"controlled synthetic states, interpolated profiles, current proxy only"
20,21,750,1.426482915954915,1.4146850713328178,0.011797844622097209,6.006817999150371,1.2843490003433544,750,156,False,True,"controlled synthetic states, interpolated profiles, current proxy only"
20,22,750,1.1431626177534644,1.129675677896678,0.013486939856786284,5.564085997320944,1.2326360010774806,750,156,False,True,"controlled synthetic states, interpolated profiles, current proxy only"
20,23,750,0.7731415005153652,0.7481505983713268,0.02499090214403843,5.158459000085713,1.5071130001160782,750,220,False,True,"controlled synthetic states, interpolated profiles, current proxy only"
20,24,750,0.9201431544639187,0.8926425805034081,0.027500573960510644,5.678026998793939,1.2607919998117723,750,156,False,True,"controlled synthetic states, interpolated profiles, current proxy only"
20,25,750,0.9100343127336231,0.9100343127336231,0.0,5.78974300151458,0.9278690013161395,750,106,True,True,"controlled synthetic states, interpolated profiles, current proxy only"
20,26,750,0.9280689846369943,0.9280689846369943,0.0,6.078328999137739,1.3368399995670188,750,156,True,True,"controlled synthetic states, interpolated profiles, current proxy only"
20,27,750,1.0652103563601623,1.0633834972218714,0.0018268591382908372,5.9965050022583455,1.7033059993991628,750,210,False,True,"controlled synthetic states, interpolated profiles, current proxy only"
20,28,750,0.9466707930952741,0.9466707930952741,0.0,5.704169001546688,1.2931140008731745,750,167,True,True,"controlled synthetic states, interpolated profiles, current proxy only"
20,29,750,0.8623966351497363,0.8623966351497363,0.0,6.2315819996001665,0.8743940015847329,750,83,True,True,"controlled synthetic states, interpolated profiles, current proxy only"
20,30,750,0.8511386807612541,0.7985289287383652,0.05260975202288887,5.313482000929071,1.6919810004765168,750,248,False,True,"controlled synthetic states, interpolated profiles, current proxy only"
20,31,750,0.7945423817183697,0.7461836201760002,0.04835876154236951,5.977967000944773,1.3511449978977907,750,156,False,True,"controlled synthetic states, interpolated profiles, current proxy only"
20,32,750,1.4031348243089823,1.344552283606709,0.05858254070227331,5.6739680003374815,1.8219000012322795,750,218,False,True,"controlled synthetic states, interpolated profiles, current proxy only"
20,33,750,1.5155175611952594,1.5155175611952594,0.0,5.1998649978486355,2.019388000917388,750,291,True,True,"controlled synthetic states, interpolated profiles, current proxy only"
20,34,750,0.8157255096769355,0.7912497999726429,0.02447570970429258,5.80691000141087,1.3645789986185264,750,162,False,True,"controlled synthetic states, interpolated profiles, current proxy only"
20,35,750,0.6963576752250983,0.6786521236482448,0.017705551576853495,5.8369379985379055,2.583380999567453,750,318,False,True,"controlled synthetic states, interpolated profiles, current proxy only"
20,36,750,0.7211126176269242,0.7141531427614152,0.006959474865509074,5.33540999822435,1.2979620005353354,750,165,False,True,"controlled synthetic states, interpolated profiles, current proxy only"
20,37,750,0.839091211580189,0.766754780820651,0.072336430759538,5.839656001626281,1.5284900000551715,750,198,False,True,"controlled synthetic states, interpolated profiles, current proxy only"
20,38,750,0.89641159367046,0.89641159367046,0.0,5.789213999378262,1.4818210001976695,750,156,True,True,"controlled synthetic states, interpolated profiles, current proxy only"
20,39,750,0.9271490905669658,0.9271490905669658,0.0,5.974318002699874,1.6951280013017822,750,237,True,True,"controlled synthetic states, interpolated profiles, current proxy only"
20,40,750,0.8262293731685038,0.8262293731685038,0.0,5.88603199867066,1.2773299968102947,750,171,True,True,"controlled synthetic states, interpolated profiles, current proxy only"
20,41,750,1.0285173943588888,1.0285173943588888,0.0,5.9075919998576865,1.407872998242965,750,156,True,True,"controlled synthetic states, interpolated profiles, current proxy only"
20,42,750,1.0775824213593528,1.0052173993041456,0.07236502205520723,5.491299001732841,2.052519001153996,750,294,False,True,"controlled synthetic states, interpolated profiles, current proxy only"
20,43,750,0.8219886248731549,0.804273876951884,0.017714747921270924,5.984923001960851,1.4142380023258738,750,158,False,True,"controlled synthetic states, interpolated profiles, current proxy only"
20,44,750,1.218277719976491,1.1863640931150647,0.03191362686142618,5.8055160006915685,1.32604299869854,750,156,False,True,"controlled synthetic states, interpolated profiles, current proxy only"
20,45,750,0.7994401327285322,0.7132653568748646,0.08617477585366762,4.9131269988720305,1.865997001004871,750,291,False,True,"controlled synthetic states, interpolated profiles, current proxy only"
20,46,750,0.7935632306671173,0.7863153683030646,0.007247862364052726,5.172930999833625,1.288600997213507,750,168,False,True,"controlled synthetic states, interpolated profiles, current proxy only"
20,47,750,0.7677903717186509,0.7677903717186509,0.0,5.925235000177054,1.3236169979791157,750,159,True,True,"controlled synthetic states, interpolated profiles, current proxy only"
20,48,750,0.8093389576831314,0.8093389576831314,0.0,6.361029998515733,1.3080659991828725,750,156,True,True,"controlled synthetic states, interpolated profiles, current proxy only"
20,49,750,1.5950437226842484,1.5950437226842484,0.0,5.584182999882614,1.3975830006529577,750,156,True,True,"controlled synthetic states, interpolated profiles, current proxy only"
20,50,750,0.9385987541387336,0.9385987541387336,0.0,6.544137999298982,0.961480000114534,750,83,True,True,"controlled synthetic states, interpolated profiles, current proxy only"
20,51,750,0.7674863962009945,0.6924022800912695,0.07508411610972499,5.382529001508374,1.4135999990685377,750,190,False,True,"controlled synthetic states, interpolated profiles, current proxy only"
20,52,750,1.091972340186002,1.0908493391729515,0.0011230010130505175,5.6952810009534005,1.4578699992853217,750,160,False,True,"controlled synthetic states, interpolated profiles, current proxy only"
20,53,750,0.8278239551130471,0.8156200465968629,0.012203908516184137,5.536430999200093,1.227172000653809,750,157,False,True,"controlled synthetic states, interpolated profiles, current proxy only"
20,54,750,1.1829094127419526,1.1829094127419526,0.0,5.939645998296328,0.8861669994075783,750,83,True,True,"controlled synthetic states, interpolated profiles, current proxy only"
20,55,750,0.7357833534011665,0.6489448448491459,0.08683850855202058,5.076534998806892,1.724113000818761,750,246,False,True,"controlled synthetic states, interpolated profiles, current proxy only"
20,56,750,0.7295502504273578,0.689376942364558,0.04017330806279973,5.39057599962689,1.2272059975657612,750,156,False,True,"controlled synthetic states, interpolated profiles, current proxy only"
20,57,750,0.9507854812522967,0.9507854812522967,0.0,5.553908998990664,1.606940000783652,750,210,True,True,"controlled synthetic states, interpolated profiles, current proxy only"
20,58,750,0.7785047078653404,0.7785047078653404,0.0,6.195788002514746,0.9629970008973032,750,106,True,True,"controlled synthetic states, interpolated profiles, current proxy only"
20,59,750,1.1688476301855049,1.09627822353403,0.07256940665147482,5.700241003069095,1.2897570013592485,750,156,False,True,"controlled synthetic states, interpolated profiles, current proxy only"
20,60,750,0.8606910808288318,0.8606910808288318,0.0,7.100362996425247,1.1863920008181594,750,83,True,True,"controlled synthetic states, interpolated profiles, current proxy only"
20,61,750,0.7351619664944411,0.7288950950385026,0.006266871455938516,5.284293001750484,1.1905899991688784,750,156,False,True,"controlled synthetic states, interpolated profiles, current proxy only"
20,62,750,0.7695358458141611,0.6969930634762506,0.07254278233791056,5.4562080003961455,1.1804959976871032,750,161,False,True,"controlled synthetic states, interpolated profiles, current proxy only"
20,63,750,0.7480241834910314,0.736428696077922,0.01159548741310934,5.566941999859409,1.8020460011030082,750,165,False,True,"controlled synthetic states, interpolated profiles, current proxy only"
20,64,750,0.7402160267075393,0.7213436143593485,0.018872412348190815,5.079021000710782,1.155059002485359,750,156,False,True,"controlled synthetic states, interpolated profiles, current proxy only"
20,65,750,0.8729091238668835,0.8605619948771309,0.012347128989752543,5.72463799835532,1.4935070030333009,750,210,False,True,"controlled synthetic states, interpolated profiles, current proxy only"
20,66,750,0.8430413066404964,0.8419737370458202,0.001067569594676132,5.72191399987787,1.4150269998935983,750,156,False,True,"controlled synthetic states, interpolated profiles, current proxy only"
20,67,750,0.6551143126933159,0.6551143126933159,0.0,5.591929002548568,1.2879349997092504,750,161,True,True,"controlled synthetic states, interpolated profiles, current proxy only"
20,68,750,0.941061814840016,0.941061814840016,0.0,5.999652999889804,1.388349999615457,750,156,True,True,"controlled synthetic states, interpolated profiles, current proxy only"
20,69,750,0.7177151909660182,0.6780937249711675,0.039621465994850724,5.481587999383919,1.7517460000817664,750,168,False,True,"controlled synthetic states, interpolated profiles, current proxy only"
20,70,750,1.3514490198217461,1.3514490198217461,0.0,8.568731002014829,2.6671260020521004,750,159,True,True,"controlled synthetic states, interpolated profiles, current proxy only"
20,71,750,1.044839021674413,1.044839021674413,0.0,5.563957001868403,1.366227999824332,750,156,True,True,"controlled synthetic states, interpolated profiles, current proxy only"
20,72,750,0.7139553954252762,0.6962749774600567,0.017680417965219464,5.0470720016164705,1.2648289994103834,750,156,False,True,"controlled synthetic states, interpolated profiles, current proxy only"
20,73,750,0.9480827746965257,0.9480827746965257,0.0,6.002675003401237,1.1042490004911087,750,106,True,True,"controlled synthetic states, interpolated profiles, current proxy only"
20,74,750,0.6686064890880684,0.6392537062648153,0.029352782823253154,5.135526000231039,1.3944639977125917,750,183,False,True,"controlled synthetic states, interpolated profiles, current proxy only"
20,75,750,0.8769669038447824,0.8583400089017715,0.01862689494301084,6.015369002852822,1.505864998762263,750,156,False,True,"controlled synthetic states, interpolated profiles, current proxy only"
20,76,750,0.9549304380483685,0.8953205523459542,0.05960988570241432,5.574349997914396,1.6612600011285394,750,210,False,True,"controlled synthetic states, interpolated profiles, current proxy only"
20,77,750,1.353920361807146,1.3419290736554865,0.011991288151659507,6.110878999606939,1.399060998664936,750,156,False,True,"controlled synthetic states, interpolated profiles, current proxy only"
20,78,750,0.7955536478098187,0.7597561715327336,0.03579747627708518,5.321900000126334,1.3523239977075718,750,165,False,True,"controlled synthetic states, interpolated profiles, current proxy only"
20,79,750,0.9199073636820623,0.9199073636820623,0.0,8.8635020001675,1.2152439994679298,750,106,True,True,"controlled synthetic states, interpolated profiles, current proxy only"
20,80,750,1.3537962252553435,1.341861157570949,0.011935067684394562,7.988208999449853,1.7968009997275658,750,156,False,True,"controlled synthetic states, interpolated profiles, current proxy only"
20,81,750,0.8936567045425106,0.8936567045425106,0.0,6.018537998897955,2.1226770004432183,750,291,True,True,"controlled synthetic states, interpolated profiles, current proxy only"
20,82,750,0.858795075625993,0.858795075625993,0.0,6.246380999073153,1.3730380014749244,750,156,True,True,"controlled synthetic states, interpolated profiles, current proxy only"
20,83,750,0.7233859009076478,0.7143987517857224,0.00898714912192533,5.717363001167541,1.40237899904605,750,160,False,True,"controlled synthetic states, interpolated profiles, current proxy only"
20,84,750,1.053147343179229,1.032282410166739,0.02086493301249015,5.195959998673061,1.3339190008991864,750,190,False,True,"controlled synthetic states, interpolated profiles, current proxy only"
20,85,750,0.7592151099205663,0.7175148382428795,0.04170027167768675,6.079077000322286,1.40340500001912,750,157,False,True,"controlled synthetic states, interpolated profiles, current proxy only"
20,86,750,0.8594927209906077,0.8005110349720648,0.05898168601854292,5.80999700105167,1.6882509989954997,750,218,False,True,"controlled synthetic states, interpolated profiles, current proxy only"
20,87,750,0.7719944216842776,0.7595182878226534,0.012476133861624161,5.673609000950819,1.3299599995661993,750,156,False,True,"controlled synthetic states, interpolated profiles, current proxy only"
20,88,750,1.4104202480364878,1.4104202480364878,0.0,5.801995001093019,1.3720000024477486,750,156,True,True,"controlled synthetic states, interpolated profiles, current proxy only"
20,89,750,1.2885052533932138,1.2885052533932138,0.0,6.126862001110567,1.3931709981989115,750,156,True,True,"controlled synthetic states, interpolated profiles, current proxy only"
20,90,750,0.6916357944431027,0.6889343523103537,0.0027014421327490323,6.132686001365073,1.3388960032898467,750,167,False,True,"controlled synthetic states, interpolated profiles, current proxy only"
20,91,750,1.0045157039663524,1.0045157039663524,0.0,5.721796998841455,1.4118139988568146,750,156,True,True,"controlled synthetic states, interpolated profiles, current proxy only"
20,92,750,0.9408268257310574,0.9408268257310574,0.0,6.439909000619082,1.4073460006329697,750,156,True,True,"controlled synthetic states, interpolated profiles, current proxy only"
20,93,750,0.6273940948612919,0.6191815373158231,0.00821255754546879,6.736413000908215,1.9382069986022543,750,142,False,True,"controlled synthetic states, interpolated profiles, current proxy only"
20,94,750,0.8508127899235189,0.8436772426853508,0.007135547238168116,9.637527997256257,2.487745001417352,750,163,False,True,"controlled synthetic states, interpolated profiles, current proxy only"
20,95,750,0.9123902047386288,0.9123902047386288,0.0,6.07989899799577,1.4413890021387488,750,156,True,True,"controlled synthetic states, interpolated profiles, current proxy only"
20,96,750,1.1078115399686974,1.0921275157931234,0.01568402417557402,5.9008429998357315,1.4049800010980107,750,156,False,True,"controlled synthetic states, interpolated profiles, current proxy only"
20,97,750,1.2844715564962752,1.2818956499266545,0.0025759065696207006,5.0654789993132,2.0705730021290947,750,282,False,True,"controlled synthetic states, interpolated profiles, current proxy only"
20,98,750,0.7237204914927002,0.696691037737636,0.02702945375506427,5.834742001752602,1.5851810021558776,750,168,False,True,"controlled synthetic states, interpolated profiles, current proxy only"
20,99,750,0.8717146755538332,0.8717146755538332,0.0,5.995962001179578,1.4411619995371439,750,156,True,True,"controlled synthetic states, interpolated profiles, current proxy only"
30,0,750,0.7757897594832373,0.7539947380411542,0.021795021442083007,5.594763999397401,1.5541899992967956,750,165,False,True,"controlled synthetic states, interpolated profiles, current proxy only"
30,1,750,0.9958568855379444,0.9756009431185182,0.020255942419426187,5.772258999058977,1.894869998068316,750,255,False,True,"controlled synthetic states, interpolated profiles, current proxy only"
30,2,750,1.1023370683199736,1.0331917550123082,0.06914531330766538,5.578207001235569,1.8375020008534193,750,237,False,True,"controlled synthetic states, interpolated profiles, current proxy only"
30,3,750,0.8290146185389017,0.7819288463411094,0.04708577219779231,5.8457849991100375,1.3093679990561213,750,160,False,True,"controlled synthetic states, interpolated profiles, current proxy only"
30,4,750,0.8398679694730206,0.7782246923706654,0.061643277102355176,5.279734999930952,1.2091909993614536,750,156,False,True,"controlled synthetic states, interpolated profiles, current proxy only"
30,5,750,1.7454309955231246,1.7454309955231246,0.0,4.876082002738258,1.9238460008637048,750,291,True,True,"controlled synthetic states, interpolated profiles, current proxy only"
30,6,750,1.2729641729929735,1.2729641729929735,0.0,5.769687999418238,1.2926739982503932,750,156,True,True,"controlled synthetic states, interpolated profiles, current proxy only"
30,7,750,1.860389222787191,1.860389222787191,0.0,5.733857997256564,1.2243409983057063,750,156,True,True,"controlled synthetic states, interpolated profiles, current proxy only"
30,8,750,0.8579049281436223,0.8095318372615632,0.0483730908820591,4.988165997929173,1.5278860009857453,750,210,False,True,"controlled synthetic states, interpolated profiles, current proxy only"
30,9,750,0.8135801088726357,0.8135801088726357,0.0,5.969518999336287,1.3558380014728755,750,156,True,True,"controlled synthetic states, interpolated profiles, current proxy only"
30,10,750,1.6460375984534168,1.6460375984534168,0.0,6.071874999179272,1.6764709980634507,750,210,True,True,"controlled synthetic states, interpolated profiles, current proxy only"
30,11,750,1.0136529247461779,0.9532471121621112,0.06040581258406663,6.043786997906864,1.4670740019937512,750,156,False,True,"controlled synthetic states, interpolated profiles, current proxy only"
30,12,750,0.6987231180354784,0.6987231180354784,0.0,5.738006999308709,1.3785130031465087,750,167,True,True,"controlled synthetic states, interpolated profiles, current proxy only"
30,13,750,0.7592043898754559,0.7467983117446308,0.01240607813082506,5.6956679982249625,1.1367539991624653,750,138,False,True,"controlled synthetic states, interpolated profiles, current proxy only"
30,14,750,1.0754312081805157,1.0583403018019553,0.017090906378560478,4.968963999999687,4.053864999150392,750,291,False,True,"controlled synthetic states, interpolated profiles, current proxy only"
30,15,750,0.9793048727719618,0.9793048727719618,0.0,9.373201999551384,1.5250779979396611,750,156,True,True,"controlled synthetic states, interpolated profiles, current proxy only"
30,16,750,0.638252922853699,0.638252922853699,0.0,5.5181990028359,1.4218450014595874,750,167,True,True,"controlled synthetic states, interpolated profiles, current proxy only"
30,17,750,0.7751247538366944,0.7653440430861651,0.009780710750529331,6.098132002080092,1.4890880011080299,750,134,False,True,"controlled synthetic states, interpolated profiles, current proxy only"
30,18,750,0.8117683801397612,0.7611832765265981,0.05058510361316304,5.1515880004444625,1.7478180016041733,750,250,False,True,"controlled synthetic states, interpolated profiles, current proxy only"
30,19,750,0.7632671156550974,0.7066278333390861,0.05663928231601134,5.642143998557003,2.120126999216154,750,285,False,True,"controlled synthetic states, interpolated profiles, current proxy only"
30,20,750,0.7771339219346426,0.7678332309871448,0.009300690947497747,6.931772000825731,1.4073149977775756,750,160,False,True,"controlled synthetic states, interpolated profiles, current proxy only"
30,21,750,1.321766291128519,1.30767737538001,0.014088915748509123,6.128970002464484,1.6529349995835219,750,218,False,True,"controlled synthetic states, interpolated profiles, current proxy only"
30,22,750,2.017321843589169,2.017321843589169,0.0,5.8826929998758715,2.018709001276875,750,291,True,True,"controlled synthetic states, interpolated profiles, current proxy only"
30,23,750,0.6952375876624486,0.6833748447223452,0.011862742940103366,5.999471999530215,1.2381980013742577,750,140,False,True,"controlled synthetic states, interpolated profiles, current proxy only"
30,24,750,0.6551127644961353,0.6456509265557181,0.009461837940417217,5.444285001431126,1.210507998621324,750,134,False,True,"controlled synthetic states, interpolated profiles, current proxy only"
30,25,750,0.712857693729437,0.7021004851769624,0.010757208552474529,5.793805001303554,1.21287300135009,750,139,False,True,"controlled synthetic states, interpolated profiles, current proxy only"
30,26,750,0.9867323664922274,0.9867323664922274,0.0,5.944714001088869,0.7719819986959919,750,83,True,True,"controlled synthetic states, interpolated profiles, current proxy only"
30,27,750,1.5740523764785008,1.5740523764785008,0.0,4.846593001275323,1.9109069980913773,750,299,True,True,"controlled synthetic states, interpolated profiles, current proxy only"
30,28,750,1.9911033433876528,1.9911033433876528,0.0,5.585373000940308,1.8222930011688732,750,237,True,True,"controlled synthetic states, interpolated profiles, current proxy only"
30,29,750,0.8222203223694206,0.774804625581394,0.047415696788026596,5.322846998751629,1.2566929981403518,750,161,False,True,"controlled synthetic states, interpolated profiles, current proxy only"
30,30,750,1.0404882067172827,1.0404882067172827,0.0,5.8633180015021935,1.5223319969663862,750,156,True,True,"controlled synthetic states, interpolated profiles, current proxy only"
30,31,750,1.3122335450978637,1.2890870872246163,0.023146457873247428,5.984564999380382,1.4439660008065403,750,183,False,True,"controlled synthetic states, interpolated profiles, current proxy only"
30,32,750,0.70509699217643,0.6881074359341277,0.01698955624230225,5.374563999794191,1.4168179986882024,750,156,False,True,"controlled synthetic states, interpolated profiles, current proxy only"
30,33,750,0.7573424157342721,0.7573424157342721,0.0,6.032323999534128,0.8284579998871777,750,83,True,True,"controlled synthetic states, interpolated profiles, current proxy only"
30,34,750,0.8861964796306349,0.8861964796306349,0.0,6.1878060005255975,0.784830997872632,750,83,True,True,"controlled synthetic states, interpolated profiles, current proxy only"
30,35,750,1.0540601010397954,1.0440438960413594,0.010016204998436029,5.7565579991205595,1.3048569999227766,750,156,False,True,"controlled synthetic states, interpolated profiles, current proxy only"
30,36,750,0.8987980107144269,0.8666625987641623,0.03213541195026459,5.203005999646848,1.5175959997577593,750,218,False,True,"controlled synthetic states, interpolated profiles, current proxy only"
30,37,750,0.7798492736838122,0.7518266655423589,0.028022608141453298,5.371007002395345,1.2935770027979743,750,163,False,True,"controlled synthetic states, interpolated profiles, current proxy only"
30,38,750,1.070557610632088,1.070557610632088,0.0,5.500842999026645,1.3024149993725587,750,156,True,True,"controlled synthetic states, interpolated profiles, current proxy only"
30,39,750,0.8671353090032723,0.8522466902916281,0.014888618711644153,5.157473002327606,1.620897000975674,750,202,False,True,"controlled synthetic states, interpolated profiles, current proxy only"
30,40,750,2.233832581848349,2.233832581848349,0.0,4.869147000135854,1.5468189994862769,750,224,True,True,"controlled synthetic states, interpolated profiles, current proxy only"
30,41,750,0.6465036930804686,0.6465036930804686,0.0,5.45075599802658,1.3281179999466985,750,166,True,True,"controlled synthetic states, interpolated profiles, current proxy only"
30,42,750,2.2066422832608414,2.2066422832608414,0.0,6.226059998880373,1.3580930026364513,750,156,True,True,"controlled synthetic states, interpolated profiles, current proxy only"
30,43,750,0.9995809657452699,0.9838148116712032,0.015766154074066674,5.616916001599748,1.360318001388805,750,156,False,True,"controlled synthetic states, interpolated profiles, current proxy only"
30,44,750,0.7961152805778561,0.7961152805778561,0.0,5.589923999650637,1.296792001085123,750,156,True,True,"controlled synthetic states, interpolated profiles, current proxy only"
30,45,750,0.7883683951495517,0.7883683951495517,0.0,6.070085997635033,0.8561789982195478,750,83,True,True,"controlled synthetic states, interpolated profiles, current proxy only"
30,46,750,0.7947389134484346,0.7718725264650641,0.022866386983370512,5.3716039983555675,1.3617449985758867,750,156,False,True,"controlled synthetic states, interpolated profiles, current proxy only"
30,47,750,0.701728513588818,0.6968928400955076,0.004835673493310488,5.817688997922232,1.241273002960952,750,140,False,True,"controlled synthetic states, interpolated profiles, current proxy only"
30,48,750,0.7833338696238829,0.7558142479492376,0.027519621674645278,4.712112997367512,1.5824399997654837,750,260,False,True,"controlled synthetic states, interpolated profiles, current proxy only"
30,49,750,0.7535431926872697,0.6879166412698363,0.06562655141743334,4.700344001321355,1.9191289975424297,750,316,False,True,"controlled synthetic states, interpolated profiles, current proxy only"
30,50,750,1.4461662192179874,1.3740134068493741,0.07215281236861326,5.628169998090016,1.7827070005296264,750,218,False,True,"controlled synthetic states, interpolated profiles, current proxy only"
30,51,750,0.8380322134505749,0.8345981418991326,0.0034340715514422637,5.384916999901179,1.2691470001300331,750,168,False,True,"controlled synthetic states, interpolated profiles, current proxy only"
30,52,750,1.2983133165112202,1.2983133165112202,0.0,5.067267000413267,1.7759609982022084,750,249,True,True,"controlled synthetic states, interpolated profiles, current proxy only"
30,53,750,0.9479343088095022,0.9479343088095022,0.0,5.806314999063034,1.3473039980453905,750,156,True,True,"controlled synthetic states, interpolated profiles, current proxy only"
30,54,750,0.8602419012649452,0.8602419012649452,0.0,5.92494699958479,1.3047770007688086,750,156,True,True,"controlled synthetic states, interpolated profiles, current proxy only"
30,55,750,1.1170125993702524,1.0883297092528874,0.028682890117365023,5.171951997908764,1.2096790014766157,750,158,False,True,"controlled synthetic states, interpolated profiles, current proxy only"
30,56,750,0.8620364827307109,0.8620364827307109,0.0,5.635399997117929,1.411912999174092,750,156,True,True,"controlled synthetic states, interpolated profiles, current proxy only"
30,57,750,0.7508188366254798,0.675584776923217,0.07523405970226282,5.222212999797193,1.852762001362862,750,255,False,True,"controlled synthetic states, interpolated profiles, current proxy only"
30,58,750,0.6460548283076541,0.6251407956067638,0.020914032700890317,5.32327700057067,1.320514998951694,750,156,False,True,"controlled synthetic states, interpolated profiles, current proxy only"
30,59,750,1.3546951138740853,1.3546951138740853,0.0,6.0838220015284605,1.3979529976495542,750,156,True,True,"controlled synthetic states, interpolated profiles, current proxy only"
30,60,750,0.7766117562723523,0.7388719534179864,0.037739802854365956,4.988878998119617,1.8301820018677972,750,257,False,True,"controlled synthetic states, interpolated profiles, current proxy only"
30,61,750,1.2028139725101956,1.1635308028922289,0.03928316961796674,5.7882020009856205,2.115068000421161,750,237,False,True,"controlled synthetic states, interpolated profiles, current proxy only"
30,62,750,0.5978502293059745,0.5978502293059745,0.0,5.527176002942724,1.3184039999032393,750,165,True,True,"controlled synthetic states, interpolated profiles, current proxy only"
30,63,750,0.8162256972197371,0.7734148458967156,0.04281085132302154,5.561509999097325,1.8439449995639734,750,247,False,True,"controlled synthetic states, interpolated profiles, current proxy only"
30,64,750,0.774167615785182,0.7283052895706585,0.04586232621452346,5.466416998388013,1.7445749981561676,750,252,False,True,"controlled synthetic states, interpolated profiles, current proxy only"
30,65,750,0.9636631874104069,0.9636631874104069,0.0,5.834839001181535,1.3139399998181034,750,156,True,True,"controlled synthetic states, interpolated profiles, current proxy only"
30,66,750,1.2019071566053783,1.190774663362495,0.011132493242883346,5.508917001861846,1.5601729974150658,750,211,False,True,"controlled synthetic states, interpolated profiles, current proxy only"
30,67,750,0.9703284165336059,0.9618670416799935,0.008461374853612424,5.835836000187555,1.3358989999687765,750,156,False,True,"controlled synthetic states, interpolated profiles, current proxy only"
30,68,750,0.8425289572460027,0.7765230662214813,0.06600589102452148,5.252699000266148,1.3377550021687057,750,165,False,True,"controlled synthetic states, interpolated profiles, current proxy only"
30,69,750,0.9601659405434455,0.9601659405434455,0.0,6.073410997487372,1.3338770004338585,750,156,True,True,"controlled synthetic states, interpolated profiles, current proxy only"
30,70,750,0.8510930218226895,0.8461405332777517,0.004952488544937794,5.693717997928616,1.5051560003485065,750,156,False,True,"controlled synthetic states, interpolated profiles, current proxy only"
30,71,750,0.7479328888715481,0.7398580476607851,0.008074841210762962,5.228682999586454,2.1519469992199447,750,318,False,True,"controlled synthetic states, interpolated profiles, current proxy only"
30,72,750,0.8133232205447256,0.7281006600701819,0.08522256047454368,5.9850759971595835,1.5944949991535395,750,218,False,True,"controlled synthetic states, interpolated profiles, current proxy only"
30,73,750,0.6969657530698532,0.6854748050529121,0.01149094801694106,6.133992999821203,1.214968000567751,750,140,False,True,"controlled synthetic states, interpolated profiles, current proxy only"
30,74,750,1.2992113771961054,1.2992113771961054,0.0,5.41635999979917,1.631991002795985,750,240,True,True,"controlled synthetic states, interpolated profiles, current proxy only"
30,75,750,0.7967739252741279,0.7967739252741279,0.0,5.82241700249142,1.1353020017850213,750,134,True,True,"controlled synthetic states, interpolated profiles, current proxy only"
30,76,750,0.6826163705877359,0.6402400593078564,0.04237631127987951,5.022954002924962,1.4018349975231104,750,201,False,True,"controlled synthetic states, interpolated profiles, current proxy only"
30,77,750,0.7308816391771386,0.7136017844147693,0.017279854762369262,5.634588000248186,1.1415970002417453,750,136,False,True,"controlled synthetic states, interpolated profiles, current proxy only"
30,78,750,1.013524753596586,0.9673822800705729,0.04614247352601297,5.526343000383349,1.5009950002422556,750,218,False,True,"controlled synthetic states, interpolated profiles, current proxy only"
30,79,750,1.0974611931579323,1.0772934562412542,0.02016773691667817,5.65037799970014,1.2857170004281215,750,156,False,True,"controlled synthetic states, interpolated profiles, current proxy only"
30,80,750,0.8050132070231304,0.7947153495449679,0.010297857478162475,5.799435999506386,1.3027219974901527,750,157,False,True,"controlled synthetic states, interpolated profiles, current proxy only"
30,81,750,0.9685257577647092,0.9685257577647092,0.0,5.691606998880161,1.277578001463553,750,156,True,True,"controlled synthetic states, interpolated profiles, current proxy only"
30,82,750,0.8051126386308698,0.7934056460905191,0.01170699254035068,5.455869002616964,1.3519540007109754,750,196,False,True,"controlled synthetic states, interpolated profiles, current proxy only"
30,83,750,1.4580525197469136,1.4580525197469136,0.0,6.128234999778215,1.3479970002663322,750,156,True,True,"controlled synthetic states, interpolated profiles, current proxy only"
30,84,750,0.7320525820539088,0.6491687515115572,0.0828838305423516,4.809853999176994,1.6935649982769974,750,246,False,True,"controlled synthetic states, interpolated profiles, current proxy only"
30,85,750,0.9480115947312546,0.9480115947312546,0.0,6.164979997265618,0.811936999525642,750,83,True,True,"controlled synthetic states, interpolated profiles, current proxy only"
30,86,750,1.3834972443889548,1.3834972443889548,0.0,6.4747379983600695,1.5086330022313632,750,156,True,True,"controlled synthetic states, interpolated profiles, current proxy only"
30,87,750,1.2305728838854015,1.2305728838854015,0.0,5.390654998336686,1.5161629999056458,750,218,True,True,"controlled synthetic states, interpolated profiles, current proxy only"
30,88,750,0.8896510277114313,0.8896510277114313,0.0,5.982644001051085,1.4542669996444602,750,183,True,True,"controlled synthetic states, interpolated profiles, current proxy only"
30,89,750,0.644537618064334,0.6372925886674456,0.007245029396888314,5.586875999142649,1.2224199999764096,750,144,False,True,"controlled synthetic states, interpolated profiles, current proxy only"
30,90,750,1.3046732112730253,1.30389224806961,0.0007809632034152525,5.630902000120841,1.2515079979493748,750,156,False,True,"controlled synthetic states, interpolated profiles, current proxy only"
30,91,750,0.7940217386703795,0.785221489482092,0.008800249188287479,5.408077999163652,1.24829500055057,750,158,False,True,"controlled synthetic states, interpolated profiles, current proxy only"
30,92,750,0.8274290296553788,0.810821928725938,0.016607100929440843,5.458965999423526,1.3077659968985245,750,160,False,True,"controlled synthetic states, interpolated profiles, current proxy only"
30,93,750,0.8235770084592265,0.8083986068290935,0.015178401630133065,8.007445998373441,2.4099399997794535,750,156,False,True,"controlled synthetic states, interpolated profiles, current proxy only"
30,94,750,1.0932996550702283,1.0932996550702283,0.0,8.886879000783665,1.4802810001128819,750,83,True,True,"controlled synthetic states, interpolated profiles, current proxy only"
30,95,750,1.097348266455389,1.0902804749735555,0.007067791481833563,5.275499999697786,2.2178079998411704,750,274,False,True,"controlled synthetic states, interpolated profiles, current proxy only"
30,96,750,0.8405557961871473,0.8387905844327758,0.0017652117543714985,6.285358002060093,1.3771760022791568,750,156,False,True,"controlled synthetic states, interpolated profiles, current proxy only"
30,97,750,0.46711319778925287,0.46711319778925287,0.0,5.7775950008363,1.4473339979304,750,165,True,True,"controlled synthetic states, interpolated profiles, current proxy only"
30,98,750,0.8785811278175522,0.8688485733772696,0.009732554440282537,5.610920998151414,1.2839419978263322,750,162,False,True,"controlled synthetic states, interpolated profiles, current proxy only"
30,99,750,1.5637277710942834,1.5637277710942834,0.0,6.251769998925738,1.343544001429109,750,156,True,True,"controlled synthetic states, interpolated profiles, current proxy only"
40,0,750,0.8190730935946395,0.8190730935946395,0.0,6.247238998184912,1.4743579995410983,750,156,True,True,"controlled synthetic states, interpolated profiles, current proxy only"
40,1,750,0.750484298982922,0.7128923692452481,0.03759192973767389,5.615443998976843,1.2583070019900333,750,162,False,True,"controlled synthetic states, interpolated profiles, current proxy only"
40,2,750,0.747553607831289,0.7081106171657439,0.03944299066554513,10.570627000561217,2.349179998418549,750,160,False,True,"controlled synthetic states, interpolated profiles, current proxy only"
40,3,750,0.6730174504686559,0.6567559914938373,0.016261458974818566,5.337023998436052,1.7830990000220481,750,274,False,True,"controlled synthetic states, interpolated profiles, current proxy only"
40,4,750,0.7076069808770671,0.7076069808770671,0.0,5.801346000225749,0.8554640007787384,750,83,True,True,"controlled synthetic states, interpolated profiles, current proxy only"
40,5,750,0.898296777255091,0.898296777255091,0.0,5.835247000504751,1.3159950030967593,750,161,True,True,"controlled synthetic states, interpolated profiles, current proxy only"
40,6,750,1.2132899147408287,1.2031034880117086,0.010186426729120068,5.925392000790453,1.4143590015009977,750,156,False,True,"controlled synthetic states, interpolated profiles, current proxy only"
40,7,750,0.6550494635394888,0.6040888825763927,0.05096058096309608,6.149974000436487,2.0962119997420814,750,288,False,True,"controlled synthetic states, interpolated profiles, current proxy only"
40,8,750,0.5995041843039606,0.5946575809599419,0.004846603344018652,6.08487099816557,1.1763500006054528,750,147,False,True,"controlled synthetic states, interpolated profiles, current proxy only"
40,9,750,1.1404046326806034,1.0556294660758476,0.08477516660475581,5.864980001206277,2.0847970008617267,750,218,False,True,"controlled synthetic states, interpolated profiles, current proxy only"
40,10,750,0.8214289994965065,0.8103802016330002,0.011048797863506321,5.889386997296242,1.331765997747425,750,162,False,True,"controlled synthetic states, interpolated profiles, current proxy only"
40,11,750,0.6432178289227342,0.6432178289227342,0.0,7.052313001622679,1.4152090006973594,750,167,True,True,"controlled synthetic states, interpolated profiles, current proxy only"
40,12,750,1.098193485610751,1.098193485610751,0.0,5.823082999995677,1.5011430004960857,750,183,True,True,"controlled synthetic states, interpolated profiles, current proxy only"
40,13,750,1.1438657359830033,1.1263363432055273,0.017529392777476005,5.962898998404853,1.2360069995338563,750,156,False,True,"controlled synthetic states, interpolated profiles, current proxy only"
40,14,750,0.9796000873632914,0.9796000873632914,0.0,6.266483000217704,0.9427149998373352,750,106,True,True,"controlled synthetic states, interpolated profiles, current proxy only"
40,15,750,0.8778885373388968,0.8778885373388968,0.0,6.0060809992137365,1.3832049990014639,750,183,True,True,"controlled synthetic states, interpolated profiles, current proxy only"
40,16,750,1.0069518481211979,1.0067123440906842,0.00023950403051364866,5.8295019989600405,3.02983000074164,750,156,False,True,"controlled synthetic states, interpolated profiles, current proxy only"
40,17,750,1.3730306083148183,1.3552451015419957,0.017785506772822535,7.333055000344757,1.9688030006363988,750,210,False,True,"controlled synthetic states, interpolated profiles, current proxy only"
40,18,750,0.9713670528832247,0.967257539408392,0.004109513474832682,5.719291999412235,1.8918179994216189,750,183,False,True,"controlled synthetic states, interpolated profiles, current proxy only"
40,19,750,1.1337436389235291,1.067213037864017,0.06653060105951214,6.029383999702986,1.6670500008331146,750,223,False,True,"controlled synthetic states, interpolated profiles, current proxy only"
40,20,750,1.2355874663508266,1.2355874663508266,0.0,5.567198000790086,1.596160996996332,750,210,True,True,"controlled synthetic states, interpolated profiles, current proxy only"
40,21,750,0.6723808285506553,0.6430688950359903,0.02931193351466499,5.5967549997149035,1.297671999054728,750,156,False,True,"controlled synthetic states, interpolated profiles, current proxy only"
40,22,750,0.8289871112560463,0.7499642831254485,0.0790228281305978,5.885045000468381,1.782912000635406,750,228,False,True,"controlled synthetic states, interpolated profiles, current proxy only"
40,23,750,1.5484817407562546,1.5484817407562546,0.0,5.09977100227843,1.9227669981773943,750,291,True,True,"controlled synthetic states, interpolated profiles, current proxy only"
40,24,750,0.8186114053277902,0.7835076294450385,0.03510377588275171,5.822873001307016,1.3500950008165091,750,156,False,True,"controlled synthetic states, interpolated profiles, current proxy only"
40,25,750,0.9484323852667162,0.9484323852667162,0.0,5.818605997774284,1.285891998122679,750,156,True,True,"controlled synthetic states, interpolated profiles, current proxy only"
40,26,750,0.7407871776858054,0.7220300587098347,0.018757118975970655,5.209386999922572,1.3576599994848948,750,156,False,True,"controlled synthetic states, interpolated profiles, current proxy only"
40,27,750,0.8460140455374039,0.8070520210948811,0.038962024442522836,5.701532998500625,1.357192999421386,750,161,False,True,"controlled synthetic states, interpolated profiles, current proxy only"
40,28,750,1.0784810047697637,1.0499604092104282,0.028520595559335504,4.987700001947815,1.468149999709567,750,225,False,True,"controlled synthetic states, interpolated profiles, current proxy only"
40,29,750,0.8529531373920859,0.8096016203443539,0.04335151704773199,6.4816710000741296,1.8070459991577081,750,157,False,True,"controlled synthetic states, interpolated profiles, current proxy only"
40,30,750,0.4862070233522473,0.4862070233522473,0.0,6.295285002124729,1.008191000437364,750,106,True,True,"controlled synthetic states, interpolated profiles, current proxy only"
40,31,750,1.07659827960728,1.07659827960728,0.0,6.158072999824071,1.4423790016735438,750,156,True,True,"controlled synthetic states, interpolated profiles, current proxy only"
40,32,750,1.5897180625646459,1.5897180625646459,0.0,5.396862001362024,1.7102620004152413,750,183,True,True,"controlled synthetic states, interpolated profiles, current proxy only"
40,33,750,0.8564846402075096,0.8564846402075096,0.0,5.969761998130707,1.4669589982077014,750,210,True,True,"controlled synthetic states, interpolated profiles, current proxy only"
40,34,750,0.6766402483951899,0.6629682348780519,0.013672013517137982,5.01495600110502,1.428643001418095,750,156,False,True,"controlled synthetic states, interpolated profiles, current proxy only"
40,35,750,0.7678614060346796,0.7471594870607301,0.020701918973949462,5.496920999576105,1.2226600010762922,750,161,False,True,"controlled synthetic states, interpolated profiles, current proxy only"
40,36,750,1.1673446791403828,1.1673446791403828,0.0,5.48324899864383,1.4582509975298308,750,191,True,True,"controlled synthetic states, interpolated profiles, current proxy only"
40,37,750,1.0144416532401879,1.0144416532401879,0.0,5.75083699732204,1.4732799972989596,750,183,True,True,"controlled synthetic states, interpolated profiles, current proxy only"
40,38,750,1.2501047198417325,1.2501047198417325,0.0,7.626972001162358,2.7193589994567446,750,274,True,True,"controlled synthetic states, interpolated profiles, current proxy only"
40,39,750,0.8828227349775426,0.8828227349775426,0.0,6.544644002133282,0.8235700006480329,750,83,True,True,"controlled synthetic states, interpolated profiles, current proxy only"
40,40,750,0.5900829207984338,0.5900829207984338,0.0,6.208201000845293,1.634472002479015,750,161,True,True,"controlled synthetic states, interpolated profiles, current proxy only"
40,41,750,0.8059670475099117,0.7205314947305681,0.08543555277934356,5.931278003117768,1.5083180005603936,750,222,False,True,"controlled synthetic states, interpolated profiles, current proxy only"
40,42,750,1.2081075335740767,1.2081075335740767,0.0,5.994659000862157,0.9488059986324515,750,106,True,True,"controlled synthetic states, interpolated profiles, current proxy only"
40,43,750,0.6120503941735638,0.6084179743439445,0.00363241982961926,5.289417997119017,1.4941310000722297,750,148,False,True,"controlled synthetic states, interpolated profiles, current proxy only"
40,44,750,0.9631069476779395,0.9631069476779395,0.0,6.128183998953318,1.3029889996687416,750,156,True,True,"controlled synthetic states, interpolated profiles, current proxy only"
40,45,750,0.9426157982547377,0.9426157982547377,0.0,6.229569000424817,1.372475002426654,750,156,True,True,"controlled synthetic states, interpolated profiles, current proxy only"
40,46,750,0.7107249454097084,0.707751513026061,0.0029734323836474452,6.070144001569133,1.2361240005702712,750,136,False,True,"controlled synthetic states, interpolated profiles, current proxy only"
40,47,750,0.8269344782384402,0.7690141368750025,0.05792034136343771,5.377369998313952,1.7286010006500874,750,237,False,True,"controlled synthetic states, interpolated profiles, current proxy only"
40,48,750,0.8823736942204813,0.8823736942204813,0.0,5.841295998834539,1.3312780029082205,750,156,True,True,"controlled synthetic states, interpolated profiles, current proxy only"
40,49,750,1.2006655278103644,1.083765477391362,0.11690005041900231,5.565247000049567,1.7530449986224994,750,237,False,True,"controlled synthetic states, interpolated profiles, current proxy only"
40,50,750,0.8663924162509644,0.8180605868977027,0.048331829353261746,4.85566099814605,1.925787997606676,750,291,False,True,"controlled synthetic states, interpolated profiles, current proxy only"
40,51,750,0.9652450877227154,0.9652450877227154,0.0,5.836983997141942,1.2666550028370693,750,156,True,True,"controlled synthetic states, interpolated profiles, current proxy only"
40,52,750,1.020435485039455,0.9985018206362699,0.021933664403185116,5.503967000549892,1.2163240025984123,750,156,False,True,"controlled synthetic states, interpolated profiles, current proxy only"
40,53,750,1.7483168233175386,1.7333437853335247,0.014973037984013837,5.491092000738718,1.5797760024724994,750,218,False,True,"controlled synthetic states, interpolated profiles, current proxy only"
40,54,750,0.738592309279369,0.7314953882186312,0.007096921060737782,5.900415999349207,1.2771670008078218,750,164,False,True,"controlled synthetic states, interpolated profiles, current proxy only"
40,55,750,0.8925557407317122,0.8925557407317122,0.0,5.586806000792421,1.392311001836788,750,166,True,True,"controlled synthetic states, interpolated profiles, current proxy only"
40,56,750,0.79039578505041,0.79039578505041,0.0,5.801718001748668,1.2944770023750607,750,156,True,True,"controlled synthetic states, interpolated profiles, current proxy only"
40,57,750,0.9535172837677792,0.9535172837677792,0.0,6.289612996624783,1.481843999499688,750,156,True,True,"controlled synthetic states, interpolated profiles, current proxy only"
40,58,750,1.0822881108450986,1.0796333582562685,0.0026547525888300783,5.346476998965954,1.2444249987311196,750,161,False,True,"controlled synthetic states, interpolated profiles, current proxy only"
40,59,750,1.1245712964645613,1.1245712964645613,0.0,5.060556999524124,1.5749209997011349,750,237,True,True,"controlled synthetic states, interpolated profiles, current proxy only"
40,60,750,0.9604284103079022,0.8075131577780866,0.15291525252981553,5.202494001423474,1.603288998012431,750,237,False,True,"controlled synthetic states, interpolated profiles, current proxy only"
40,61,750,0.8838986929836201,0.838809073800789,0.045089619182831164,5.813439998746617,1.282770997931948,750,156,False,True,"controlled synthetic states, interpolated profiles, current proxy only"
40,62,750,0.9575255810154701,0.9465019032475803,0.011023677767889817,5.799726000986993,1.2379869986034464,750,156,False,True,"controlled synthetic states, interpolated profiles, current proxy only"
40,63,750,0.6391205228764996,0.6064332310570312,0.03268729181946839,5.6628310012456495,1.0706159991968889,750,134,False,True,"controlled synthetic states, interpolated profiles, current proxy only"
40,64,750,0.6855501162996114,0.6116054461228009,0.0739446701768105,4.901341002550907,1.4713769996888004,750,218,False,True,"controlled synthetic states, interpolated profiles, current proxy only"
40,65,750,0.7744332594740779,0.7671472204199254,0.007286039054152482,5.411076999735087,1.3754610008618329,750,164,False,True,"controlled synthetic states, interpolated profiles, current proxy only"
40,66,750,0.9258360756995163,0.9258360756995163,0.0,5.973749000986572,0.9987080011342186,750,106,True,True,"controlled synthetic states, interpolated profiles, current proxy only"
40,67,750,0.9665968888305085,0.9665968888305085,0.0,6.0354429988365155,1.031679999869084,750,106,True,True,"controlled synthetic states, interpolated profiles, current proxy only"
40,68,750,0.8588827272546657,0.8588827272546657,0.0,5.684725001628976,2.8869399975519627,750,165,True,True,"controlled synthetic states, interpolated profiles, current proxy only"
40,69,750,0.8344223023224493,0.8256079448993188,0.008814357423130526,5.720868997741491,2.166802998544881,750,165,False,True,"controlled synthetic states, interpolated profiles, current proxy only"
40,70,750,0.6599693251438492,0.6563280780326035,0.0036412471112456934,5.739853000704898,1.207039000291843,750,147,False,True,"controlled synthetic states, interpolated profiles, current proxy only"
40,71,750,0.8274035609999241,0.7800072382420695,0.04739632275785455,5.9814080013893545,1.5440780007338617,750,156,False,True,"controlled synthetic states, interpolated profiles, current proxy only"
40,72,750,1.5516980636700406,1.5516980636700406,0.0,7.607180999912089,1.692661000561202,750,218,True,True,"controlled synthetic states, interpolated profiles, current proxy only"
40,73,750,1.0653276479108118,1.0653276479108118,0.0,5.9014510006818455,1.7252520010515582,750,156,True,True,"controlled synthetic states, interpolated profiles, current proxy only"
40,74,750,0.7837955585567165,0.7304486811919897,0.053346877364726764,5.96200600193697,1.2770940011250786,750,161,False,True,"controlled synthetic states, interpolated profiles, current proxy only"
40,75,750,1.601277842277894,1.601277842277894,0.0,5.591165001533227,1.3553680000768509,750,163,True,True,"controlled synthetic states, interpolated profiles, current proxy only"
40,76,750,0.8894802506018494,0.8894802506018494,0.0,5.928176000452368,1.3530420001188759,750,156,True,True,"controlled synthetic states, interpolated profiles, current proxy only"
40,77,750,0.871584282975669,0.781234699545976,0.09034958342969301,5.6835859977582,1.9403570004214998,750,274,False,True,"controlled synthetic states, interpolated profiles, current proxy only"
40,78,750,0.7697222680782376,0.7471496134695631,0.022572654608674525,5.883673999051098,1.3552809978136793,750,134,False,True,"controlled synthetic states, interpolated profiles, current proxy only"
40,79,750,0.8854176287051846,0.8854176287051846,0.0,6.095389999245526,1.4112399985606316,750,156,True,True,"controlled synthetic states, interpolated profiles, current proxy only"
40,80,750,2.1219003954262114,2.1219003954262114,0.0,5.728478001401527,1.523901999462396,750,218,True,True,"controlled synthetic states, interpolated profiles, current proxy only"
40,81,750,0.7031886305494529,0.7031886305494529,0.0,5.507474001205992,1.4669429983769078,750,168,True,True,"controlled synthetic states, interpolated profiles, current proxy only"
40,82,750,0.6926094165908935,0.6617422623440607,0.03086715424683273,5.167411000002176,1.9432049994065892,750,291,False,True,"controlled synthetic states, interpolated profiles, current proxy only"
40,83,750,0.7530854872775602,0.7428825781139912,0.01020290916356903,5.86134999684873,1.382280999678187,750,156,False,True,"controlled synthetic states, interpolated profiles, current proxy only"
40,84,750,0.6178546229957553,0.6178546229957553,0.0,5.4316890018526465,1.2946669994562399,750,164,True,True,"controlled synthetic states, interpolated profiles, current proxy only"
40,85,750,0.8940672174862646,0.799340405008115,0.09472681247814962,5.828477002069121,1.2453760027710814,750,156,False,True,"controlled synthetic states, interpolated profiles, current proxy only"
40,86,750,0.7963494625085872,0.7942935640295602,0.002055898479026985,5.647448997478932,1.5719479997642338,750,160,False,True,"controlled synthetic states, interpolated profiles, current proxy only"
40,87,750,1.5587298284167763,1.5101396717713278,0.04859015664544852,5.772206997789908,1.6611020000709686,750,183,False,True,"controlled synthetic states, interpolated profiles, current proxy only"
40,88,750,0.9329764477659026,0.8500951356046944,0.0828813121612082,5.630167997878743,1.3461470007314347,750,159,False,True,"controlled synthetic states, interpolated profiles, current proxy only"
40,89,750,0.9058077121665111,0.9058077121665111,0.0,5.883900001208531,1.6573369975958485,750,156,True,True,"controlled synthetic states, interpolated profiles, current proxy only"
40,90,750,0.9874058221337441,0.9546751890183441,0.03273063311539992,6.28803300060099,1.3111789994582068,750,156,False,True,"controlled synthetic states, interpolated profiles, current proxy only"
40,91,750,1.5223343907278546,1.5223343907278546,0.0,6.167248000565451,1.4189940011419822,750,156,True,True,"controlled synthetic states, interpolated profiles, current proxy only"
40,92,750,0.7962175615813941,0.7962175615813941,0.0,7.219356997666182,1.680681001744233,750,156,True,True,"controlled synthetic states, interpolated profiles, current proxy only"
40,93,750,0.9304899840006696,0.8755862445372653,0.05490373946340432,6.65975499941851,1.5411079984914977,750,190,False,True,"controlled synthetic states, interpolated profiles, current proxy only"
40,94,750,0.6574810817494252,0.6574810817494252,0.0,6.61821099856752,1.0442020029586274,750,106,True,True,"controlled synthetic states, interpolated profiles, current proxy only"
40,95,750,0.9166561100858001,0.8670679757781254,0.049588134307674614,6.391599999915343,1.2945199996465817,750,156,False,True,"controlled synthetic states, interpolated profiles, current proxy only"
40,96,750,0.9530362989223244,0.9530362989223244,0.0,5.801457999041304,0.9228970011463389,750,106,True,True,"controlled synthetic states, interpolated profiles, current proxy only"
40,97,750,1.1920539641978503,1.1920539641978503,0.0,5.685792002623202,1.27506200078642,750,156,True,True,"controlled synthetic states, interpolated profiles, current proxy only"
40,98,750,0.8856632770396451,0.8856632770396451,0.0,5.763832999946317,1.4813459965807851,750,156,True,True,"controlled synthetic states, interpolated profiles, current proxy only"
40,99,750,0.8541773414595726,0.8526392353184008,0.00153810614117178,6.21521299763117,1.336290002655005,750,161,False,True,"controlled synthetic states, interpolated profiles, current proxy only"
50,0,750,0.7766566109344297,0.7766566109344297,0.0,6.28794699878199,0.889954997546738,750,83,True,True,"controlled synthetic states, interpolated profiles, current proxy only"
50,1,750,0.8541182976342103,0.7994831401340156,0.054635157500194764,5.394170002546161,2.009779000218259,750,164,False,True,"controlled synthetic states, interpolated profiles, current proxy only"
50,2,750,0.9612057026971492,0.9611506151047968,5.508759235239857e-05,8.627459999843268,1.4003679971210659,750,156,False,True,"controlled synthetic states, interpolated profiles, current proxy only"
50,3,750,1.127865145274522,1.1227532085758556,0.005111936698666497,6.122881997725926,1.3572879979619756,750,156,False,True,"controlled synthetic states, interpolated profiles, current proxy only"
50,4,750,0.7722535707768228,0.7722535707768228,0.0,5.894238998735091,1.3672780005435925,750,168,True,True,"controlled synthetic states, interpolated profiles, current proxy only"
50,5,750,0.8302769526765612,0.7613000289904917,0.06897692368606956,5.885285001568263,1.5424459998030216,750,156,False,True,"controlled synthetic states, interpolated profiles, current proxy only"
50,6,750,1.0652507760930279,1.0652507760930279,0.0,5.710984001780162,1.2971649994142354,750,156,True,True,"controlled synthetic states, interpolated profiles, current proxy only"
50,7,750,1.0669866559334047,1.0667050103824636,0.0002816455509411231,6.05950699900859,1.299693001783453,750,156,False,True,"controlled synthetic states, interpolated profiles, current proxy only"
50,8,750,0.8538036994752538,0.8538036994752538,0.0,6.03953399695456,1.5325320018746424,750,156,True,True,"controlled synthetic states, interpolated profiles, current proxy only"
50,9,750,1.5944064372757343,1.5804505946557939,0.013955842619940428,5.9136519994353876,1.8079450019286014,750,237,False,True,"controlled synthetic states, interpolated profiles, current proxy only"
50,10,750,0.910898857843339,0.8430580294932576,0.06784082835008143,5.705588999262545,1.5609410002070945,750,210,False,True,"controlled synthetic states, interpolated profiles, current proxy only"
50,11,750,0.9646893743719611,0.9646893743719611,0.0,5.748063002101844,1.3555459991039243,750,159,True,True,"controlled synthetic states, interpolated profiles, current proxy only"
50,12,750,1.0506387430777,1.0506387430777,0.0,5.871926001418615,2.653616000316106,750,156,True,True,"controlled synthetic states, interpolated profiles, current proxy only"
50,13,750,1.075422783392336,1.075422783392336,0.0,7.280091002030531,2.9000940012338106,750,156,True,True,"controlled synthetic states, interpolated profiles, current proxy only"
50,14,750,1.287734392087628,1.287734392087628,0.0,8.619257998361718,1.8302930002391804,750,192,True,True,"controlled synthetic states, interpolated profiles, current proxy only"
50,15,750,0.668433920013153,0.6309955904335746,0.03743832957957849,9.274427000491414,2.0433999998203944,750,166,False,True,"controlled synthetic states, interpolated profiles, current proxy only"
50,16,750,0.9307194044934349,0.9307194044934349,0.0,5.9965879991068505,2.2103689989307895,750,264,True,True,"controlled synthetic states, interpolated profiles, current proxy only"
50,17,750,0.8706707391479352,0.7832339048371129,0.08743683431082239,5.490256997290999,1.431323998986045,750,162,False,True,"controlled synthetic states, interpolated profiles, current proxy only"
50,18,750,0.7208332974933968,0.7073272159507232,0.01350608154267352,5.6597430011606775,1.4153550000628456,750,156,False,True,"controlled synthetic states, interpolated profiles, current proxy only"
50,19,750,1.2295537676099084,1.2213861724372796,0.008167595172628772,5.554991999815684,1.379998000629712,750,156,False,True,"controlled synthetic states, interpolated profiles, current proxy only"
50,20,750,1.2376454845510632,1.2376454845510632,0.0,6.095197000831831,1.385251001920551,750,156,True,True,"controlled synthetic states, interpolated profiles, current proxy only"
50,21,750,1.0077463858396762,1.0077463858396762,0.0,4.894682002486661,1.9961150028393604,750,237,True,True,"controlled synthetic states, interpolated profiles, current proxy only"
50,22,750,1.079146644112758,1.0202833017468618,0.05886334236589619,8.379824001167435,3.4149189996242058,750,223,False,True,"controlled synthetic states, interpolated profiles, current proxy only"
50,23,750,1.0133337910186264,0.9280057067718244,0.08532808424680205,8.109657999739284,2.0297490009397734,750,237,False,True,"controlled synthetic states, interpolated profiles, current proxy only"
50,24,750,0.8106742656957728,0.796333957340601,0.01434030835517186,6.284424998739269,1.3358489995880518,750,157,False,True,"controlled synthetic states, interpolated profiles, current proxy only"
50,25,750,0.7035688766738418,0.6963640352858433,0.007204841387998484,6.381720999343088,1.5723149990662932,750,163,False,True,"controlled synthetic states, interpolated profiles, current proxy only"
50,26,750,0.8600049559940401,0.8600049559940401,0.0,5.755494999903021,1.3228240022726823,750,160,True,True,"controlled synthetic states, interpolated profiles, current proxy only"
50,27,750,0.9733635567900893,0.9426199900562424,0.030743566733846928,5.634157998429146,1.6125480033224449,750,218,False,True,"controlled synthetic states, interpolated profiles, current proxy only"
50,28,750,0.819001428875102,0.754792868372627,0.06420856050247492,5.54431199998362,2.1676210017176345,750,274,False,True,"controlled synthetic states, interpolated profiles, current proxy only"
50,29,750,1.3061560131213679,1.2791377791240275,0.02701823399734038,6.147266001789831,1.9874230019922834,750,291,False,True,"controlled synthetic states, interpolated profiles, current proxy only"
50,30,750,0.5832759656838523,0.5832759656838523,0.0,6.185365997225745,1.4542649987561163,750,163,True,True,"controlled synthetic states, interpolated profiles, current proxy only"
50,31,750,0.3526187420846,0.3526187420846,0.0,5.445359001896577,1.7973089998122305,750,165,True,True,"controlled synthetic states, interpolated profiles, current proxy only"
50,32,750,0.6761122543301579,0.6542333608458842,0.02187889348427363,5.559666999033652,1.283256002352573,750,156,False,True,"controlled synthetic states, interpolated profiles, current proxy only"
50,33,750,0.8235405355764682,0.7991015804417301,0.02443895513473815,5.916327998420456,1.323528998909751,750,158,False,True,"controlled synthetic states, interpolated profiles, current proxy only"
50,34,750,0.7735943175403915,0.7623240713354071,0.011270246204984402,5.750362000981113,1.3530830001400318,750,161,False,True,"controlled synthetic states, interpolated profiles, current proxy only"
50,35,750,1.3276207731009992,1.3276207731009992,0.0,5.289470002026064,1.569767999171745,750,218,True,True,"controlled synthetic states, interpolated profiles, current proxy only"
50,36,750,1.1010598280816375,1.0735510775320434,0.02750875054959412,5.7967879984062165,1.475659002608154,750,156,False,True,"controlled synthetic states, interpolated profiles, current proxy only"
50,37,750,0.9338919814613851,0.9311764271182572,0.0027155543431278684,7.123203999071848,1.3265159977891017,750,156,False,True,"controlled synthetic states, interpolated profiles, current proxy only"
50,38,750,0.8371681408900955,0.7886324236847215,0.048535717205373974,5.671853999956511,1.267780997295631,750,157,False,True,"controlled synthetic states, interpolated profiles, current proxy only"
50,39,750,0.8774642972282934,0.8665576831691133,0.010906614059180142,6.553305000124965,1.264227001229301,750,156,False,True,"controlled synthetic states, interpolated profiles, current proxy only"
50,40,750,1.2350225985482108,1.2350225985482108,0.0,7.705010000790935,1.7854229990916792,750,210,True,True,"controlled synthetic states, interpolated profiles, current proxy only"
50,41,750,1.0188364697647005,0.9560858015462839,0.06275066821841668,6.838061999587808,1.6609979975328315,750,237,False,True,"controlled synthetic states, interpolated profiles, current proxy only"
50,42,750,1.111984596740953,1.089478588788463,0.022506007952489915,6.306455998128513,1.5046269982121885,750,156,False,True,"controlled synthetic states, interpolated profiles, current proxy only"
50,43,750,1.1525937895489267,1.13451993117615,0.01807385837277664,6.281828998908168,1.3797460014757235,750,156,False,True,"controlled synthetic states, interpolated profiles, current proxy only"
50,44,750,0.6780446142536065,0.6780446142536065,0.0,5.574590999458451,1.4412230011657812,750,165,True,True,"controlled synthetic states, interpolated profiles, current proxy only"
50,45,750,0.5767266126784287,0.5767266126784287,0.0,5.478574999870034,1.3196549989515916,750,166,True,True,"controlled synthetic states, interpolated profiles, current proxy only"
50,46,750,0.7209162425595944,0.7209162425595944,0.0,5.081233000964858,1.2679589999606833,750,169,True,True,"controlled synthetic states, interpolated profiles, current proxy only"
50,47,750,1.120654882479408,1.120654882479408,0.0,5.713452002964914,1.616782999917632,750,156,True,True,"controlled synthetic states, interpolated profiles, current proxy only"
50,48,750,0.8065164274664616,0.8065164274664616,0.0,5.993658000079449,0.9801779997360427,750,83,True,True,"controlled synthetic states, interpolated profiles, current proxy only"
50,49,750,0.6959358223886712,0.6959358223886712,0.0,6.329759999061935,1.340607999736676,750,163,True,True,"controlled synthetic states, interpolated profiles, current proxy only"
50,50,750,0.7050201819160831,0.6448965000874257,0.06012368182865735,7.028343999991193,1.231328998983372,750,156,False,True,"controlled synthetic states, interpolated profiles, current proxy only"
50,51,750,0.687290376932473,0.6780500137454535,0.009240363187019485,5.356344998290297,1.337178000540007,750,169,False,True,"controlled synthetic states, interpolated profiles, current proxy only"
50,52,750,0.7516524274917215,0.7465272494707947,0.005125178020926713,5.794548000267241,1.3707119978789706,750,162,False,True,"controlled synthetic states, interpolated profiles, current proxy only"
50,53,750,0.7417848879239685,0.7156096807575391,0.026175207166429404,5.317668998031877,1.3351400011742953,750,163,False,True,"controlled synthetic states, interpolated profiles, current proxy only"
50,54,750,0.6916873349209725,0.6834150871836933,0.008272247737279192,5.465992999234004,1.2076739985786844,750,141,False,True,"controlled synthetic states, interpolated profiles, current proxy only"
50,55,750,0.8897387265292633,0.8763432446071815,0.013395481922081842,5.567221000092104,1.2745619969791733,750,157,False,True,"controlled synthetic states, interpolated profiles, current proxy only"
50,56,750,0.8409088480902176,0.8409088480902176,0.0,5.459919997520046,1.4011559978825971,750,163,True,True,"controlled synthetic states, interpolated profiles, current proxy only"
50,57,750,0.9531216185111224,0.9382581963327358,0.014863422178386654,5.531627997697797,3.5560750002332497,750,156,False,True,"controlled synthetic states, interpolated profiles, current proxy only"
50,58,750,0.9105705422512079,0.9096161728222775,0.0009543694289304572,9.751352001330815,1.5172519997577183,750,156,False,True,"controlled synthetic states, interpolated profiles, current proxy only"
50,59,750,0.9222854041020909,0.8961837964268086,0.026101607675282357,5.500245999428444,1.5789450008014683,750,192,False,True,"controlled synthetic states, interpolated profiles, current proxy only"
50,60,750,1.7232127412452536,1.7232127412452536,0.0,6.25332200070261,3.0072859990468714,750,156,True,True,"controlled synthetic states, interpolated profiles, current proxy only"
50,61,750,0.7782770123216657,0.730436632032331,0.04784038028933468,7.83515900184284,1.4460249985859264,750,158,False,True,"controlled synthetic states, interpolated profiles, current proxy only"
50,62,750,0.6775218451526819,0.6775218451526819,0.0,6.960276998142945,1.38693899862119,750,160,True,True,"controlled synthetic states, interpolated profiles, current proxy only"
50,63,750,0.6122867956905975,0.6122867956905975,0.0,6.323970999801531,0.9395369997946545,750,83,True,True,"controlled synthetic states, interpolated profiles, current proxy only"
50,64,750,0.705886344733316,0.6927347611786393,0.013151583554676716,5.897844999708468,1.286119000724284,750,156,False,True,"controlled synthetic states, interpolated profiles, current proxy only"
50,65,750,0.8174863341626668,0.7597012561670513,0.0577850779956155,5.778090002422687,1.3185190000513103,750,162,False,True,"controlled synthetic states, interpolated profiles, current proxy only"
50,66,750,0.7635388120668686,0.717608381120143,0.04593043094672555,5.3408329986268654,1.2118900012865197,750,156,False,True,"controlled synthetic states, interpolated profiles, current proxy only"
50,67,750,0.8840107059933179,0.8766556081650071,0.007355097828310786,5.816045002575265,1.4216140007192735,750,157,False,True,"controlled synthetic states, interpolated profiles, current proxy only"
50,68,750,0.8945539514224462,0.8945539514224462,0.0,5.717610001738649,1.3844000022800174,750,156,True,True,"controlled synthetic states, interpolated profiles, current proxy only"
50,69,750,1.1180355405049225,1.089004596494112,0.029030944010810522,5.317172999639297,1.7635600015637465,750,217,False,True,"controlled synthetic states, interpolated profiles, current proxy only"
50,70,750,0.8458647557695309,0.7278649178878285,0.11799983788170243,5.005510000046343,1.6207500011660159,750,226,False,True,"controlled synthetic states, interpolated profiles, current proxy only"
50,71,750,0.6498853397241101,0.6401936595420937,0.009691680182016382,5.378095000196481,1.0718459998315666,750,134,False,True,"controlled synthetic states, interpolated profiles, current proxy only"
50,72,750,0.9465951061742665,0.9465951061742665,0.0,5.99903100010124,1.0139660007553175,750,106,True,True,"controlled synthetic states, interpolated profiles, current proxy only"
50,73,750,0.7347342869942443,0.6705964152136955,0.06413787178054875,5.142986999999266,1.6018620008253492,750,228,False,True,"controlled synthetic states, interpolated profiles, current proxy only"
50,74,750,0.9054745314990338,0.8811183653689239,0.024356166130109935,5.805346001579892,1.3536959995690268,750,160,False,True,"controlled synthetic states, interpolated profiles, current proxy only"
50,75,750,0.7133207187327659,0.7055728789409643,0.007747839791801603,5.520021997654112,1.2261900010344107,750,156,False,True,"controlled synthetic states, interpolated profiles, current proxy only"
50,76,750,0.7479989436478603,0.7273128590830417,0.020686084564818685,5.3396820003399625,1.3072969995846506,750,170,False,True,"controlled synthetic states, interpolated profiles, current proxy only"
50,77,750,0.8954088019815322,0.8787616171856684,0.0166471847958638,5.7962030005001,1.2885680007457267,750,156,False,True,"controlled synthetic states, interpolated profiles, current proxy only"
50,78,750,1.8118811439757245,1.8118811439757245,0.0,5.318071001966018,2.3686159984208643,750,274,True,True,"controlled synthetic states, interpolated profiles, current proxy only"
50,79,750,0.7529156009039787,0.7468714693945178,0.006044131509460926,5.558914999710396,1.1540470004547387,750,137,False,True,"controlled synthetic states, interpolated profiles, current proxy only"
50,80,750,0.6979905044784989,0.6752369240046475,0.022753580473851343,5.81489199976204,1.2821069976780564,750,165,False,True,"controlled synthetic states, interpolated profiles, current proxy only"
50,81,750,0.8446150197921226,0.7584795404612966,0.08613547933082599,6.975436001084745,2.04326899984153,750,274,False,True,"controlled synthetic states, interpolated profiles, current proxy only"
50,82,750,0.7458056652109364,0.7314950568674146,0.014310608343521825,6.745758997567464,1.1430370032030623,750,137,False,True,"controlled synthetic states, interpolated profiles, current proxy only"
50,83,750,0.798361698094934,0.7929754246367626,0.005386273458171331,5.735493999964092,1.2508299987530336,750,156,False,True,"controlled synthetic states, interpolated profiles, current proxy only"
50,84,750,0.7894681025074705,0.6889948669266243,0.1004732355808462,5.072620999271749,2.0225570006005,750,302,False,True,"controlled synthetic states, interpolated profiles, current proxy only"
50,85,750,0.8937336578967894,0.7851501266705327,0.10858353122625664,5.461075998027809,1.7283670022152364,750,237,False,True,"controlled synthetic states, interpolated profiles, current proxy only"
50,86,750,1.2760060822600106,1.2201018981174814,0.05590418414252918,5.354580000130227,1.783024999895133,750,237,False,True,"controlled synthetic states, interpolated profiles, current proxy only"
50,87,750,0.8129967197473869,0.7905379573971372,0.022458762350249684,5.783951000921661,1.2516299975686707,750,156,False,True,"controlled synthetic states, interpolated profiles, current proxy only"
50,88,750,1.7067466514600487,1.7010499753413355,0.005696676118713162,6.814950000261888,2.128910000465112,750,156,False,True,"controlled synthetic states, interpolated profiles, current proxy only"
50,89,750,0.7167972137356072,0.7138839280517527,0.0029132856838545163,5.567332998907659,1.2983380001969635,750,156,False,True,"controlled synthetic states, interpolated profiles, current proxy only"
50,90,750,1.0147930418061955,1.0147930418061955,0.0,5.644520999339875,3.273592999903485,750,330,True,True,"controlled synthetic states, interpolated profiles, current proxy only"
50,91,750,0.7980417471295057,0.763086705498811,0.03495504163069474,8.189218999177683,1.3239759973657783,750,164,False,True,"controlled synthetic states, interpolated profiles, current proxy only"
50,92,750,0.8450264922287449,0.8450264922287449,0.0,5.891022003197577,0.8215759989980143,750,83,True,True,"controlled synthetic states, interpolated profiles, current proxy only"
50,93,750,0.6253899894318254,0.6253899894318254,0.0,5.492067000886891,1.3951199980510864,750,169,True,True,"controlled synthetic states, interpolated profiles, current proxy only"
50,94,750,0.8355966240462335,0.8264015566194867,0.009195067426746806,4.708920998382382,2.0332919993961696,750,316,False,True,"controlled synthetic states, interpolated profiles, current proxy only"
50,95,750,0.9278084828842631,0.8906686834786879,0.03713979940557521,5.772817999968538,1.4979500010667834,750,190,False,True,"controlled synthetic states, interpolated profiles, current proxy only"
50,96,750,0.6803079079703608,0.6676523681354312,0.012655539834929619,6.9293910019041505,1.2964449997525662,750,141,False,True,"controlled synthetic states, interpolated profiles, current proxy only"
50,97,750,0.9148037440041783,0.9115025293247885,0.003301214679389819,5.848968998179771,1.297326001804322,750,164,False,True,"controlled synthetic states, interpolated profiles, current proxy only"
50,98,750,0.7693928815333235,0.7634822101361601,0.005910671397163392,6.2381320021813735,1.2940699998580385,750,136,False,True,"controlled synthetic states, interpolated profiles, current proxy only"
50,99,750,1.1216187314419697,1.1216187314419697,0.0,5.5919450023793615,1.260416000150144,750,161,True,True,"controlled synthetic states, interpolated profiles, current proxy only"
