arm,mean_net,full_minus_mean,full_minus_values,conditional_t4_ci,changed_actions,mean_admissions,harmful,beneficial
mean_transfer,14060.579999999998,1.4,"[0.0, 2.0, 0.0, 0.0, 5.0]","[-1.3203495224392254, 4.120349522439225]",2,1.0,5,0
diagonal_transfer,14060.579999999998,1.4,"[0.0, 2.0, 0.0, 0.0, 5.0]","[-1.3203495224392254, 4.120349522439225]",2,1.0,5,0
joint_transfer,14060.579999999998,1.4,"[0.0, 2.0, 0.0, 0.0, 5.0]","[-1.3203495224392254, 4.120349522439225]",2,1.0,5,0
full_transfer,14061.98,0.0,"[0.0, 0.0, 0.0, 0.0, 0.0]","[0.0, 0.0]",0,0.6,3,0
bound_only,14061.98,0.0,"[0.0, 0.0, 0.0, 0.0, 0.0]","[0.0, 0.0]",0,0.6,3,0
point_transfer,14060.579999999998,1.4,"[0.0, 2.0, 0.0, 0.0, 5.0]","[-1.3203495224392254, 4.120349522439225]",2,1.0,5,0
reference,14063.179999999998,-1.2,"[0.0, 0.0, -2.0, -2.0, -2.0]","[-2.5601747612196126, 0.16017476121961294]",3,0.0,0,0
pdfj,14060.98,1.0,"[0.0, 0.0, 0.0, 0.0, 5.0]","[-1.776445105, 3.776445105]",1,0.8,4,0
qmfj,14060.179999999998,1.8,"[2.0, 2.0, 0.0, 0.0, 5.0]","[-0.744653971310423, 4.344653971310423]",3,1.2,6,0
saef,14062.779999999999,-0.8,"[0.0, 0.0, -2.0, -2.0, 0.0]","[-2.160174761219613, 0.5601747612196128]",2,0.2,1,0
