arm,all_issued,origin_disagreement,statistical_proposed,admitted,statistical_proposed_without_origin_disagreement,harmful,beneficial
mean_transfer,"[527, 585]","[10, 21]","[0, 5]","[0, 5]","[0, 1]",5,0
diagonal_transfer,"[527, 585]","[9, 21]","[0, 5]","[0, 5]","[0, 1]",5,0
joint_transfer,"[527, 585]","[10, 21]","[0, 5]","[0, 5]","[0, 1]",5,0
full_transfer,"[578, 585]","[16, 21]","[0, 3]","[0, 3]","[0, 0]",3,0
bound_only,"[578, 585]","[16, 21]","[0, 3]","[0, 3]","[0, 0]",3,0
point_transfer,"[527, 585]","[10, 21]","[0, 5]","[0, 5]","[0, 1]",5,0
reference,"[498, 585]","[9, 21]","[0, 0]","[0, 0]","[0, 0]",0,0
pdfj,"[527, 585]","[10, 21]","[0, 4]","[0, 4]","[0, 1]",4,0
qmfj,"[527, 585]","[7, 21]","[0, 6]","[0, 6]","[0, 1]",6,0
saef,"[532, 585]","[16, 21]","[0, 1]","[0, 1]","[0, 0]",1,0
