reserve,dataset,arm,budget,mean_increment,mean_net,mean_admissions,harmful,beneficial,negative_loss,max_negative_loss,budget_refusals,minimum_prefix_increment
fixed130,occupancy357,mean_transfer,0,0.0,7965.9,0.0,0,0,0.0,0.0,2,0.0
fixed130,occupancy357,mean_transfer,130,-0.2,7965.7,0.4,1,1,2.0,2.0,0,-4.0
fixed130,occupancy357,mean_transfer,133,-0.2,7965.7,0.4,1,1,2.0,2.0,0,-4.0
fixed130,occupancy357,mean_transfer,260,-0.2,7965.7,0.4,1,1,2.0,2.0,0,-4.0
fixed130,occupancy357,mean_transfer,266,-0.2,7965.7,0.4,1,1,2.0,2.0,0,-4.0
fixed130,occupancy357,mean_transfer,532,-0.2,7965.7,0.4,1,1,2.0,2.0,0,-4.0
fixed130,occupancy357,diagonal_transfer,0,0.0,7965.9,0.0,0,0,0.0,0.0,2,0.0
fixed130,occupancy357,diagonal_transfer,130,-0.2,7965.7,0.4,1,1,2.0,2.0,0,-4.0
fixed130,occupancy357,diagonal_transfer,133,-0.2,7965.7,0.4,1,1,2.0,2.0,0,-4.0
fixed130,occupancy357,diagonal_transfer,260,-0.2,7965.7,0.4,1,1,2.0,2.0,0,-4.0
fixed130,occupancy357,diagonal_transfer,266,-0.2,7965.7,0.4,1,1,2.0,2.0,0,-4.0
fixed130,occupancy357,diagonal_transfer,532,-0.2,7965.7,0.4,1,1,2.0,2.0,0,-4.0
fixed130,occupancy357,joint_transfer,0,0.0,7965.9,0.0,0,0,0.0,0.0,0,0.0
fixed130,occupancy357,joint_transfer,130,0.0,7965.9,0.0,0,0,0.0,0.0,0,0.0
fixed130,occupancy357,joint_transfer,133,0.0,7965.9,0.0,0,0,0.0,0.0,0,0.0
fixed130,occupancy357,joint_transfer,260,0.0,7965.9,0.0,0,0,0.0,0.0,0,0.0
fixed130,occupancy357,joint_transfer,266,0.0,7965.9,0.0,0,0,0.0,0.0,0,0.0
fixed130,occupancy357,joint_transfer,532,0.0,7965.9,0.0,0,0,0.0,0.0,0,0.0
fixed130,occupancy357,full_transfer,0,0.0,7965.9,0.0,0,0,0.0,0.0,1,0.0
fixed130,occupancy357,full_transfer,130,0.2,7966.1,0.2,0,1,0.0,0.0,0,-4.0
fixed130,occupancy357,full_transfer,133,0.2,7966.1,0.2,0,1,0.0,0.0,0,-4.0
fixed130,occupancy357,full_transfer,260,0.2,7966.1,0.2,0,1,0.0,0.0,0,-4.0
fixed130,occupancy357,full_transfer,266,0.2,7966.1,0.2,0,1,0.0,0.0,0,-4.0
fixed130,occupancy357,full_transfer,532,0.2,7966.1,0.2,0,1,0.0,0.0,0,-4.0
fixed130,occupancy357,bound_only,0,0.0,7965.9,0.0,0,0,0.0,0.0,1,0.0
fixed130,occupancy357,bound_only,130,0.2,7966.1,0.2,0,1,0.0,0.0,0,-4.0
fixed130,occupancy357,bound_only,133,0.2,7966.1,0.2,0,1,0.0,0.0,0,-4.0
fixed130,occupancy357,bound_only,260,0.2,7966.1,0.2,0,1,0.0,0.0,0,-4.0
fixed130,occupancy357,bound_only,266,0.2,7966.1,0.2,0,1,0.0,0.0,0,-4.0
fixed130,occupancy357,bound_only,532,0.2,7966.1,0.2,0,1,0.0,0.0,0,-4.0
fixed130,occupancy357,point_transfer,0,0.0,7965.9,0.0,0,0,0.0,0.0,2,0.0
fixed130,occupancy357,point_transfer,130,-0.2,7965.7,0.4,1,1,2.0,2.0,0,-4.0
fixed130,occupancy357,point_transfer,133,-0.2,7965.7,0.4,1,1,2.0,2.0,0,-4.0
fixed130,occupancy357,point_transfer,260,-0.2,7965.7,0.4,1,1,2.0,2.0,0,-4.0
fixed130,occupancy357,point_transfer,266,-0.2,7965.7,0.4,1,1,2.0,2.0,0,-4.0
fixed130,occupancy357,point_transfer,532,-0.2,7965.7,0.4,1,1,2.0,2.0,0,-4.0
fixed130,occupancy357,kish_adaptive,0,0.0,7965.9,0.0,0,0,0.0,0.0,1,0.0
fixed130,occupancy357,kish_adaptive,130,0.2,7966.1,0.2,0,1,0.0,0.0,0,-4.0
fixed130,occupancy357,kish_adaptive,133,0.2,7966.1,0.2,0,1,0.0,0.0,0,-4.0
fixed130,occupancy357,kish_adaptive,260,0.2,7966.1,0.2,0,1,0.0,0.0,0,-4.0
fixed130,occupancy357,kish_adaptive,266,0.2,7966.1,0.2,0,1,0.0,0.0,0,-4.0
fixed130,occupancy357,kish_adaptive,532,0.2,7966.1,0.2,0,1,0.0,0.0,0,-4.0
fixed130,occupancy357,pdf_point,0,0.0,7965.9,0.0,0,0,0.0,0.0,0,0.0
fixed130,occupancy357,pdf_point,130,0.0,7965.9,0.0,0,0,0.0,0.0,0,0.0
fixed130,occupancy357,pdf_point,133,0.0,7965.9,0.0,0,0,0.0,0.0,0,0.0
fixed130,occupancy357,pdf_point,260,0.0,7965.9,0.0,0,0,0.0,0.0,0,0.0
fixed130,occupancy357,pdf_point,266,0.0,7965.9,0.0,0,0,0.0,0.0,0,0.0
fixed130,occupancy357,pdf_point,532,0.0,7965.9,0.0,0,0,0.0,0.0,0,0.0
fixed130,occupancy357,pdf_calibrated,0,0.0,7965.9,0.0,0,0,0.0,0.0,0,0.0
fixed130,occupancy357,pdf_calibrated,130,0.0,7965.9,0.0,0,0,0.0,0.0,0,0.0
fixed130,occupancy357,pdf_calibrated,133,0.0,7965.9,0.0,0,0,0.0,0.0,0,0.0
fixed130,occupancy357,pdf_calibrated,260,0.0,7965.9,0.0,0,0,0.0,0.0,0,0.0
fixed130,occupancy357,pdf_calibrated,266,0.0,7965.9,0.0,0,0,0.0,0.0,0,0.0
fixed130,occupancy357,pdf_calibrated,532,0.0,7965.9,0.0,0,0,0.0,0.0,0,0.0
fixed130,occupancy357,qmf_point,0,0.0,7965.9,0.0,0,0,0.0,0.0,0,0.0
fixed130,occupancy357,qmf_point,130,0.0,7965.9,0.0,0,0,0.0,0.0,0,0.0
fixed130,occupancy357,qmf_point,133,0.0,7965.9,0.0,0,0,0.0,0.0,0,0.0
fixed130,occupancy357,qmf_point,260,0.0,7965.9,0.0,0,0,0.0,0.0,0,0.0
fixed130,occupancy357,qmf_point,266,0.0,7965.9,0.0,0,0,0.0,0.0,0,0.0
fixed130,occupancy357,qmf_point,532,0.0,7965.9,0.0,0,0,0.0,0.0,0,0.0
fixed130,occupancy357,qmf_calibrated,0,0.0,7965.9,0.0,0,0,0.0,0.0,0,0.0
fixed130,occupancy357,qmf_calibrated,130,0.0,7965.9,0.0,0,0,0.0,0.0,0,0.0
fixed130,occupancy357,qmf_calibrated,133,0.0,7965.9,0.0,0,0,0.0,0.0,0,0.0
fixed130,occupancy357,qmf_calibrated,260,0.0,7965.9,0.0,0,0,0.0,0.0,0,0.0
fixed130,occupancy357,qmf_calibrated,266,0.0,7965.9,0.0,0,0,0.0,0.0,0,0.0
fixed130,occupancy357,qmf_calibrated,532,0.0,7965.9,0.0,0,0,0.0,0.0,0,0.0
fixed130,occupancy864,mean_transfer,0,0.0,3782.56,0.0,0,0,0.0,0.0,3,0.0
fixed130,occupancy864,mean_transfer,130,-22.6,3759.96,0.6,3,0,113.0,38.0,0,-38.0
fixed130,occupancy864,mean_transfer,133,-22.6,3759.96,0.6,3,0,113.0,38.0,0,-38.0
fixed130,occupancy864,mean_transfer,260,-22.6,3759.96,0.6,3,0,113.0,38.0,0,-38.0
fixed130,occupancy864,mean_transfer,266,-22.6,3759.96,0.6,3,0,113.0,38.0,0,-38.0
fixed130,occupancy864,mean_transfer,532,-22.6,3759.96,0.6,3,0,113.0,38.0,0,-38.0
fixed130,occupancy864,diagonal_transfer,0,0.0,3782.56,0.0,0,0,0.0,0.0,3,0.0
fixed130,occupancy864,diagonal_transfer,130,-22.6,3759.96,0.6,3,0,113.0,38.0,0,-38.0
fixed130,occupancy864,diagonal_transfer,133,-22.6,3759.96,0.6,3,0,113.0,38.0,0,-38.0
fixed130,occupancy864,diagonal_transfer,260,-22.6,3759.96,0.6,3,0,113.0,38.0,0,-38.0
fixed130,occupancy864,diagonal_transfer,266,-22.6,3759.96,0.6,3,0,113.0,38.0,0,-38.0
fixed130,occupancy864,diagonal_transfer,532,-22.6,3759.96,0.6,3,0,113.0,38.0,0,-38.0
fixed130,occupancy864,joint_transfer,0,0.0,3782.56,0.0,0,0,0.0,0.0,3,0.0
fixed130,occupancy864,joint_transfer,130,-22.6,3759.96,0.6,3,0,113.0,38.0,0,-38.0
fixed130,occupancy864,joint_transfer,133,-22.6,3759.96,0.6,3,0,113.0,38.0,0,-38.0
fixed130,occupancy864,joint_transfer,260,-22.6,3759.96,0.6,3,0,113.0,38.0,0,-38.0
fixed130,occupancy864,joint_transfer,266,-22.6,3759.96,0.6,3,0,113.0,38.0,0,-38.0
fixed130,occupancy864,joint_transfer,532,-22.6,3759.96,0.6,3,0,113.0,38.0,0,-38.0
fixed130,occupancy864,full_transfer,0,0.0,3782.56,0.0,0,0,0.0,0.0,2,0.0
fixed130,occupancy864,full_transfer,130,-15.0,3767.56,0.4,2,0,75.0,38.0,0,-38.0
fixed130,occupancy864,full_transfer,133,-15.0,3767.56,0.4,2,0,75.0,38.0,0,-38.0
fixed130,occupancy864,full_transfer,260,-15.0,3767.56,0.4,2,0,75.0,38.0,0,-38.0
fixed130,occupancy864,full_transfer,266,-15.0,3767.56,0.4,2,0,75.0,38.0,0,-38.0
fixed130,occupancy864,full_transfer,532,-15.0,3767.56,0.4,2,0,75.0,38.0,0,-38.0
fixed130,occupancy864,bound_only,0,0.0,3782.56,0.0,0,0,0.0,0.0,2,0.0
fixed130,occupancy864,bound_only,130,-15.0,3767.56,0.4,2,0,75.0,38.0,0,-38.0
fixed130,occupancy864,bound_only,133,-15.0,3767.56,0.4,2,0,75.0,38.0,0,-38.0
fixed130,occupancy864,bound_only,260,-15.0,3767.56,0.4,2,0,75.0,38.0,0,-38.0
fixed130,occupancy864,bound_only,266,-15.0,3767.56,0.4,2,0,75.0,38.0,0,-38.0
fixed130,occupancy864,bound_only,532,-15.0,3767.56,0.4,2,0,75.0,38.0,0,-38.0
fixed130,occupancy864,point_transfer,0,0.0,3782.56,0.0,0,0,0.0,0.0,4,0.0
fixed130,occupancy864,point_transfer,130,-25.8,3756.7599999999998,0.8,4,0,129.0,38.0,0,-38.0
fixed130,occupancy864,point_transfer,133,-25.8,3756.7599999999998,0.8,4,0,129.0,38.0,0,-38.0
fixed130,occupancy864,point_transfer,260,-25.8,3756.7599999999998,0.8,4,0,129.0,38.0,0,-38.0
fixed130,occupancy864,point_transfer,266,-25.8,3756.7599999999998,0.8,4,0,129.0,38.0,0,-38.0
fixed130,occupancy864,point_transfer,532,-25.8,3756.7599999999998,0.8,4,0,129.0,38.0,0,-38.0
fixed130,occupancy864,kish_adaptive,0,0.0,3782.56,0.0,0,0,0.0,0.0,3,0.0
fixed130,occupancy864,kish_adaptive,130,-22.6,3759.96,0.6,3,0,113.0,38.0,0,-38.0
fixed130,occupancy864,kish_adaptive,133,-22.6,3759.96,0.6,3,0,113.0,38.0,0,-38.0
fixed130,occupancy864,kish_adaptive,260,-22.6,3759.96,0.6,3,0,113.0,38.0,0,-38.0
fixed130,occupancy864,kish_adaptive,266,-22.6,3759.96,0.6,3,0,113.0,38.0,0,-38.0
fixed130,occupancy864,kish_adaptive,532,-22.6,3759.96,0.6,3,0,113.0,38.0,0,-38.0
fixed130,occupancy864,pdf_point,0,0.0,3782.56,0.0,0,0,0.0,0.0,0,0.0
fixed130,occupancy864,pdf_point,130,0.0,3782.56,0.0,0,0,0.0,0.0,0,0.0
fixed130,occupancy864,pdf_point,133,0.0,3782.56,0.0,0,0,0.0,0.0,0,0.0
fixed130,occupancy864,pdf_point,260,0.0,3782.56,0.0,0,0,0.0,0.0,0,0.0
fixed130,occupancy864,pdf_point,266,0.0,3782.56,0.0,0,0,0.0,0.0,0,0.0
fixed130,occupancy864,pdf_point,532,0.0,3782.56,0.0,0,0,0.0,0.0,0,0.0
fixed130,occupancy864,pdf_calibrated,0,0.0,3782.56,0.0,0,0,0.0,0.0,0,0.0
fixed130,occupancy864,pdf_calibrated,130,0.0,3782.56,0.0,0,0,0.0,0.0,0,0.0
fixed130,occupancy864,pdf_calibrated,133,0.0,3782.56,0.0,0,0,0.0,0.0,0,0.0
fixed130,occupancy864,pdf_calibrated,260,0.0,3782.56,0.0,0,0,0.0,0.0,0,0.0
fixed130,occupancy864,pdf_calibrated,266,0.0,3782.56,0.0,0,0,0.0,0.0,0,0.0
fixed130,occupancy864,pdf_calibrated,532,0.0,3782.56,0.0,0,0,0.0,0.0,0,0.0
fixed130,occupancy864,qmf_point,0,0.0,3782.56,0.0,0,0,0.0,0.0,0,0.0
fixed130,occupancy864,qmf_point,130,0.0,3782.56,0.0,0,0,0.0,0.0,0,0.0
fixed130,occupancy864,qmf_point,133,0.0,3782.56,0.0,0,0,0.0,0.0,0,0.0
fixed130,occupancy864,qmf_point,260,0.0,3782.56,0.0,0,0,0.0,0.0,0,0.0
fixed130,occupancy864,qmf_point,266,0.0,3782.56,0.0,0,0,0.0,0.0,0,0.0
fixed130,occupancy864,qmf_point,532,0.0,3782.56,0.0,0,0,0.0,0.0,0,0.0
fixed130,occupancy864,qmf_calibrated,0,0.0,3782.56,0.0,0,0,0.0,0.0,0,0.0
fixed130,occupancy864,qmf_calibrated,130,0.0,3782.56,0.0,0,0,0.0,0.0,0,0.0
fixed130,occupancy864,qmf_calibrated,133,0.0,3782.56,0.0,0,0,0.0,0.0,0,0.0
fixed130,occupancy864,qmf_calibrated,260,0.0,3782.56,0.0,0,0,0.0,0.0,0,0.0
fixed130,occupancy864,qmf_calibrated,266,0.0,3782.56,0.0,0,0,0.0,0.0,0,0.0
fixed130,occupancy864,qmf_calibrated,532,0.0,3782.56,0.0,0,0,0.0,0.0,0,0.0
fixed130,mhealth319,mean_transfer,0,0.0,1521.24,0.0,0,0,0.0,0.0,12,0.0
fixed130,mhealth319,mean_transfer,130,-18.8,1502.44,1.0,5,0,94.0,22.0,7,-22.0
fixed130,mhealth319,mean_transfer,133,-18.8,1502.44,1.0,5,0,94.0,22.0,7,-22.0
fixed130,mhealth319,mean_transfer,260,-30.0,1491.24,2.4,12,0,150.0,45.0,0,-45.0
fixed130,mhealth319,mean_transfer,266,-30.0,1491.24,2.4,12,0,150.0,45.0,0,-45.0
fixed130,mhealth319,mean_transfer,532,-30.0,1491.24,2.4,12,0,150.0,45.0,0,-45.0
fixed130,mhealth319,diagonal_transfer,0,0.0,1521.24,0.0,0,0,0.0,0.0,14,0.0
fixed130,mhealth319,diagonal_transfer,130,-18.8,1502.44,1.0,5,0,94.0,22.0,9,-22.0
fixed130,mhealth319,diagonal_transfer,133,-18.8,1502.44,1.0,5,0,94.0,22.0,9,-22.0
fixed130,mhealth319,diagonal_transfer,260,-33.8,1487.44,2.8,14,0,169.0,45.0,0,-45.0
fixed130,mhealth319,diagonal_transfer,266,-33.8,1487.44,2.8,14,0,169.0,45.0,0,-45.0
fixed130,mhealth319,diagonal_transfer,532,-33.8,1487.44,2.8,14,0,169.0,45.0,0,-45.0
fixed130,mhealth319,joint_transfer,0,0.0,1521.24,0.0,0,0,0.0,0.0,12,0.0
fixed130,mhealth319,joint_transfer,130,-18.8,1502.44,1.0,5,0,94.0,22.0,7,-22.0
fixed130,mhealth319,joint_transfer,133,-18.8,1502.44,1.0,5,0,94.0,22.0,7,-22.0
fixed130,mhealth319,joint_transfer,260,-30.0,1491.24,2.4,12,0,150.0,45.0,0,-45.0
fixed130,mhealth319,joint_transfer,266,-30.0,1491.24,2.4,12,0,150.0,45.0,0,-45.0
fixed130,mhealth319,joint_transfer,532,-30.0,1491.24,2.4,12,0,150.0,45.0,0,-45.0
fixed130,mhealth319,full_transfer,0,0.0,1521.24,0.0,0,0,0.0,0.0,6,0.0
fixed130,mhealth319,full_transfer,130,-19.6,1501.6399999999999,1.0,5,0,98.0,22.0,1,-22.0
fixed130,mhealth319,full_transfer,133,-19.6,1501.6399999999999,1.0,5,0,98.0,22.0,1,-22.0
fixed130,mhealth319,full_transfer,260,-21.2,1500.04,1.2,6,0,106.0,30.0,0,-31.0
fixed130,mhealth319,full_transfer,266,-21.2,1500.04,1.2,6,0,106.0,30.0,0,-31.0
fixed130,mhealth319,full_transfer,532,-21.2,1500.04,1.2,6,0,106.0,30.0,0,-31.0
fixed130,mhealth319,bound_only,0,0.0,1521.24,0.0,0,0,0.0,0.0,6,0.0
fixed130,mhealth319,bound_only,130,-19.6,1501.6399999999999,1.0,5,0,98.0,22.0,1,-22.0
fixed130,mhealth319,bound_only,133,-19.6,1501.6399999999999,1.0,5,0,98.0,22.0,1,-22.0
fixed130,mhealth319,bound_only,260,-21.2,1500.04,1.2,6,0,106.0,30.0,0,-31.0
fixed130,mhealth319,bound_only,266,-21.2,1500.04,1.2,6,0,106.0,30.0,0,-31.0
fixed130,mhealth319,bound_only,532,-21.2,1500.04,1.2,6,0,106.0,30.0,0,-31.0
fixed130,mhealth319,point_transfer,0,0.0,1521.24,0.0,0,0,0.0,0.0,22,0.0
fixed130,mhealth319,point_transfer,130,-18.8,1502.44,1.0,5,0,94.0,22.0,17,-22.0
fixed130,mhealth319,point_transfer,133,-18.8,1502.44,1.0,5,0,94.0,22.0,17,-22.0
fixed130,mhealth319,point_transfer,260,-44.8,1476.44,4.4,22,0,224.0,50.0,0,-50.0
fixed130,mhealth319,point_transfer,266,-44.8,1476.44,4.4,22,0,224.0,50.0,0,-50.0
fixed130,mhealth319,point_transfer,532,-44.8,1476.44,4.4,22,0,224.0,50.0,0,-50.0
fixed130,mhealth319,kish_adaptive,0,0.0,1521.24,0.0,0,0,0.0,0.0,7,0.0
fixed130,mhealth319,kish_adaptive,130,-19.6,1501.6399999999999,1.0,5,0,98.0,22.0,2,-22.0
fixed130,mhealth319,kish_adaptive,133,-19.6,1501.6399999999999,1.0,5,0,98.0,22.0,2,-22.0
fixed130,mhealth319,kish_adaptive,260,-24.8,1496.44,1.4,7,0,124.0,40.0,0,-40.0
fixed130,mhealth319,kish_adaptive,266,-24.8,1496.44,1.4,7,0,124.0,40.0,0,-40.0
fixed130,mhealth319,kish_adaptive,532,-24.8,1496.44,1.4,7,0,124.0,40.0,0,-40.0
fixed130,mhealth319,pdf_point,0,0.0,1521.24,0.0,0,0,0.0,0.0,22,0.0
fixed130,mhealth319,pdf_point,130,-18.8,1502.44,1.0,5,0,94.0,22.0,17,-22.0
fixed130,mhealth319,pdf_point,133,-18.8,1502.44,1.0,5,0,94.0,22.0,17,-22.0
fixed130,mhealth319,pdf_point,260,-44.8,1476.44,4.4,22,0,224.0,50.0,0,-50.0
fixed130,mhealth319,pdf_point,266,-44.8,1476.44,4.4,22,0,224.0,50.0,0,-50.0
fixed130,mhealth319,pdf_point,532,-44.8,1476.44,4.4,22,0,224.0,50.0,0,-50.0
fixed130,mhealth319,pdf_calibrated,0,0.0,1521.24,0.0,0,0,0.0,0.0,14,0.0
fixed130,mhealth319,pdf_calibrated,130,-18.8,1502.44,1.0,5,0,94.0,22.0,9,-22.0
fixed130,mhealth319,pdf_calibrated,133,-18.8,1502.44,1.0,5,0,94.0,22.0,9,-22.0
fixed130,mhealth319,pdf_calibrated,260,-33.8,1487.44,2.8,14,0,169.0,45.0,0,-45.0
fixed130,mhealth319,pdf_calibrated,266,-33.8,1487.44,2.8,14,0,169.0,45.0,0,-45.0
fixed130,mhealth319,pdf_calibrated,532,-33.8,1487.44,2.8,14,0,169.0,45.0,0,-45.0
fixed130,mhealth319,qmf_point,0,0.0,1521.24,0.0,0,0,0.0,0.0,22,0.0
fixed130,mhealth319,qmf_point,130,-18.8,1502.44,1.0,5,0,94.0,22.0,17,-22.0
fixed130,mhealth319,qmf_point,133,-18.8,1502.44,1.0,5,0,94.0,22.0,17,-22.0
fixed130,mhealth319,qmf_point,260,-44.8,1476.44,4.4,22,0,224.0,50.0,0,-50.0
fixed130,mhealth319,qmf_point,266,-44.8,1476.44,4.4,22,0,224.0,50.0,0,-50.0
fixed130,mhealth319,qmf_point,532,-44.8,1476.44,4.4,22,0,224.0,50.0,0,-50.0
fixed130,mhealth319,qmf_calibrated,0,0.0,1521.24,0.0,0,0,0.0,0.0,14,0.0
fixed130,mhealth319,qmf_calibrated,130,-18.8,1502.44,1.0,5,0,94.0,22.0,9,-22.0
fixed130,mhealth319,qmf_calibrated,133,-18.8,1502.44,1.0,5,0,94.0,22.0,9,-22.0
fixed130,mhealth319,qmf_calibrated,260,-33.8,1487.44,2.8,14,0,169.0,45.0,0,-45.0
fixed130,mhealth319,qmf_calibrated,266,-33.8,1487.44,2.8,14,0,169.0,45.0,0,-45.0
fixed130,mhealth319,qmf_calibrated,532,-33.8,1487.44,2.8,14,0,169.0,45.0,0,-45.0
fixed130,har240,mean_transfer,0,0.0,3284.0199999999995,0.0,0,0,0.0,0.0,2,0.0
fixed130,har240,mean_transfer,130,6.6,3290.62,0.4,0,2,0.0,0.0,0,-4.0
fixed130,har240,mean_transfer,133,6.6,3290.62,0.4,0,2,0.0,0.0,0,-4.0
fixed130,har240,mean_transfer,260,6.6,3290.62,0.4,0,2,0.0,0.0,0,-4.0
fixed130,har240,mean_transfer,266,6.6,3290.62,0.4,0,2,0.0,0.0,0,-4.0
fixed130,har240,mean_transfer,532,6.6,3290.62,0.4,0,2,0.0,0.0,0,-4.0
fixed130,har240,diagonal_transfer,0,0.0,3284.0199999999995,0.0,0,0,0.0,0.0,3,0.0
fixed130,har240,diagonal_transfer,130,9.4,3293.4199999999996,0.6,0,3,0.0,0.0,0,-4.0
fixed130,har240,diagonal_transfer,133,9.4,3293.4199999999996,0.6,0,3,0.0,0.0,0,-4.0
fixed130,har240,diagonal_transfer,260,9.4,3293.4199999999996,0.6,0,3,0.0,0.0,0,-4.0
fixed130,har240,diagonal_transfer,266,9.4,3293.4199999999996,0.6,0,3,0.0,0.0,0,-4.0
fixed130,har240,diagonal_transfer,532,9.4,3293.4199999999996,0.6,0,3,0.0,0.0,0,-4.0
fixed130,har240,joint_transfer,0,0.0,3284.0199999999995,0.0,0,0,0.0,0.0,2,0.0
fixed130,har240,joint_transfer,130,6.6,3290.62,0.4,0,2,0.0,0.0,0,-4.0
fixed130,har240,joint_transfer,133,6.6,3290.62,0.4,0,2,0.0,0.0,0,-4.0
fixed130,har240,joint_transfer,260,6.6,3290.62,0.4,0,2,0.0,0.0,0,-4.0
fixed130,har240,joint_transfer,266,6.6,3290.62,0.4,0,2,0.0,0.0,0,-4.0
fixed130,har240,joint_transfer,532,6.6,3290.62,0.4,0,2,0.0,0.0,0,-4.0
fixed130,har240,full_transfer,0,0.0,3284.0199999999995,0.0,0,0,0.0,0.0,3,0.0
fixed130,har240,full_transfer,130,9.4,3293.4199999999996,0.6,0,3,0.0,0.0,0,-4.0
fixed130,har240,full_transfer,133,9.4,3293.4199999999996,0.6,0,3,0.0,0.0,0,-4.0
fixed130,har240,full_transfer,260,9.4,3293.4199999999996,0.6,0,3,0.0,0.0,0,-4.0
fixed130,har240,full_transfer,266,9.4,3293.4199999999996,0.6,0,3,0.0,0.0,0,-4.0
fixed130,har240,full_transfer,532,9.4,3293.4199999999996,0.6,0,3,0.0,0.0,0,-4.0
fixed130,har240,bound_only,0,0.0,3284.0199999999995,0.0,0,0,0.0,0.0,3,0.0
fixed130,har240,bound_only,130,9.4,3293.4199999999996,0.6,0,3,0.0,0.0,0,-4.0
fixed130,har240,bound_only,133,9.4,3293.4199999999996,0.6,0,3,0.0,0.0,0,-4.0
fixed130,har240,bound_only,260,9.4,3293.4199999999996,0.6,0,3,0.0,0.0,0,-4.0
fixed130,har240,bound_only,266,9.4,3293.4199999999996,0.6,0,3,0.0,0.0,0,-4.0
fixed130,har240,bound_only,532,9.4,3293.4199999999996,0.6,0,3,0.0,0.0,0,-4.0
fixed130,har240,point_transfer,0,0.0,3284.0199999999995,0.0,0,0,0.0,0.0,13,0.0
fixed130,har240,point_transfer,130,-5.6,3278.4199999999996,1.0,5,0,28.0,6.0,8,-6.0
fixed130,har240,point_transfer,133,-5.6,3278.4199999999996,1.0,5,0,28.0,6.0,8,-6.0
fixed130,har240,point_transfer,260,4.2,3288.22,2.6,8,5,43.0,20.0,0,-19.0
fixed130,har240,point_transfer,266,4.2,3288.22,2.6,8,5,43.0,20.0,0,-19.0
fixed130,har240,point_transfer,532,4.2,3288.22,2.6,8,5,43.0,20.0,0,-19.0
fixed130,har240,kish_adaptive,0,0.0,3284.0199999999995,0.0,0,0,0.0,0.0,3,0.0
fixed130,har240,kish_adaptive,130,9.4,3293.4199999999996,0.6,0,3,0.0,0.0,0,-4.0
fixed130,har240,kish_adaptive,133,9.4,3293.4199999999996,0.6,0,3,0.0,0.0,0,-4.0
fixed130,har240,kish_adaptive,260,9.4,3293.4199999999996,0.6,0,3,0.0,0.0,0,-4.0
fixed130,har240,kish_adaptive,266,9.4,3293.4199999999996,0.6,0,3,0.0,0.0,0,-4.0
fixed130,har240,kish_adaptive,532,9.4,3293.4199999999996,0.6,0,3,0.0,0.0,0,-4.0
fixed130,har240,pdf_point,0,0.0,3284.0199999999995,0.0,0,0,0.0,0.0,13,0.0
fixed130,har240,pdf_point,130,-5.6,3278.4199999999996,1.0,5,0,28.0,6.0,8,-6.0
fixed130,har240,pdf_point,133,-5.6,3278.4199999999996,1.0,5,0,28.0,6.0,8,-6.0
fixed130,har240,pdf_point,260,4.2,3288.22,2.6,8,5,43.0,20.0,0,-19.0
fixed130,har240,pdf_point,266,4.2,3288.22,2.6,8,5,43.0,20.0,0,-19.0
fixed130,har240,pdf_point,532,4.2,3288.22,2.6,8,5,43.0,20.0,0,-19.0
fixed130,har240,pdf_calibrated,0,0.0,3284.0199999999995,0.0,0,0,0.0,0.0,3,0.0
fixed130,har240,pdf_calibrated,130,9.4,3293.4199999999996,0.6,0,3,0.0,0.0,0,-4.0
fixed130,har240,pdf_calibrated,133,9.4,3293.4199999999996,0.6,0,3,0.0,0.0,0,-4.0
fixed130,har240,pdf_calibrated,260,9.4,3293.4199999999996,0.6,0,3,0.0,0.0,0,-4.0
fixed130,har240,pdf_calibrated,266,9.4,3293.4199999999996,0.6,0,3,0.0,0.0,0,-4.0
fixed130,har240,pdf_calibrated,532,9.4,3293.4199999999996,0.6,0,3,0.0,0.0,0,-4.0
fixed130,har240,qmf_point,0,0.0,3284.0199999999995,0.0,0,0,0.0,0.0,12,0.0
fixed130,har240,qmf_point,130,-5.6,3278.4199999999996,1.0,5,0,28.0,6.0,7,-6.0
fixed130,har240,qmf_point,133,-5.6,3278.4199999999996,1.0,5,0,28.0,6.0,7,-6.0
fixed130,har240,qmf_point,260,5.2,3289.22,2.4,7,5,38.0,15.0,0,-19.0
fixed130,har240,qmf_point,266,5.2,3289.22,2.4,7,5,38.0,15.0,0,-19.0
fixed130,har240,qmf_point,532,5.2,3289.22,2.4,7,5,38.0,15.0,0,-19.0
fixed130,har240,qmf_calibrated,0,0.0,3284.0199999999995,0.0,0,0,0.0,0.0,3,0.0
fixed130,har240,qmf_calibrated,130,9.4,3293.4199999999996,0.6,0,3,0.0,0.0,0,-4.0
fixed130,har240,qmf_calibrated,133,9.4,3293.4199999999996,0.6,0,3,0.0,0.0,0,-4.0
fixed130,har240,qmf_calibrated,260,9.4,3293.4199999999996,0.6,0,3,0.0,0.0,0,-4.0
fixed130,har240,qmf_calibrated,266,9.4,3293.4199999999996,0.6,0,3,0.0,0.0,0,-4.0
fixed130,har240,qmf_calibrated,532,9.4,3293.4199999999996,0.6,0,3,0.0,0.0,0,-4.0
fixed130,gas224,mean_transfer,0,0.0,7025.5,0.0,0,0,0.0,0.0,21,0.0
fixed130,gas224,mean_transfer,130,240.80000000000055,7266.3,3.6,1,17,21.0,21.0,3,-2.0
fixed130,gas224,mean_transfer,133,240.80000000000055,7266.3,3.6,1,17,21.0,21.0,3,-2.0
fixed130,gas224,mean_transfer,260,273.2000000000007,7298.7,4.2,1,20,21.0,21.0,0,-2.0
fixed130,gas224,mean_transfer,266,273.2000000000007,7298.7,4.2,1,20,21.0,21.0,0,-2.0
fixed130,gas224,mean_transfer,532,273.2000000000007,7298.7,4.2,1,20,21.0,21.0,0,-2.0
fixed130,gas224,diagonal_transfer,0,0.0,7025.5,0.0,0,0,0.0,0.0,26,0.0
fixed130,gas224,diagonal_transfer,130,252.40000000000055,7277.9,4.2,2,19,23.0,21.0,5,-2.0
fixed130,gas224,diagonal_transfer,133,272.20000000000056,7297.7,4.4,2,20,23.0,21.0,4,-2.0
fixed130,gas224,diagonal_transfer,260,307.80000000000075,7333.3,5.2,2,24,23.0,21.0,0,-2.0
fixed130,gas224,diagonal_transfer,266,307.80000000000075,7333.3,5.2,2,24,23.0,21.0,0,-2.0
fixed130,gas224,diagonal_transfer,532,307.80000000000075,7333.3,5.2,2,24,23.0,21.0,0,-2.0
fixed130,gas224,joint_transfer,0,0.0,7025.5,0.0,0,0,0.0,0.0,21,0.0
fixed130,gas224,joint_transfer,130,240.80000000000055,7266.3,3.6,1,17,21.0,21.0,3,-2.0
fixed130,gas224,joint_transfer,133,240.80000000000055,7266.3,3.6,1,17,21.0,21.0,3,-2.0
fixed130,gas224,joint_transfer,260,273.2000000000007,7298.7,4.2,1,20,21.0,21.0,0,-2.0
fixed130,gas224,joint_transfer,266,273.2000000000007,7298.7,4.2,1,20,21.0,21.0,0,-2.0
fixed130,gas224,joint_transfer,532,273.2000000000007,7298.7,4.2,1,20,21.0,21.0,0,-2.0
fixed130,gas224,full_transfer,0,0.0,7025.5,0.0,0,0,0.0,0.0,27,0.0
fixed130,gas224,full_transfer,130,260.4000000000007,7285.9,4.4,2,20,23.0,21.0,5,-2.0
fixed130,gas224,full_transfer,133,280.2000000000007,7305.7,4.6,2,21,23.0,21.0,4,-2.0
fixed130,gas224,full_transfer,260,315.8000000000009,7341.3,5.4,2,25,23.0,21.0,0,-2.0
fixed130,gas224,full_transfer,266,315.8000000000009,7341.3,5.4,2,25,23.0,21.0,0,-2.0
fixed130,gas224,full_transfer,532,315.8000000000009,7341.3,5.4,2,25,23.0,21.0,0,-2.0
fixed130,gas224,bound_only,0,0.0,7025.5,0.0,0,0,0.0,0.0,27,0.0
fixed130,gas224,bound_only,130,260.4000000000007,7285.9,4.4,2,20,23.0,21.0,5,-2.0
fixed130,gas224,bound_only,133,280.2000000000007,7305.7,4.6,2,21,23.0,21.0,4,-2.0
fixed130,gas224,bound_only,260,315.8000000000009,7341.3,5.4,2,25,23.0,21.0,0,-2.0
fixed130,gas224,bound_only,266,315.8000000000009,7341.3,5.4,2,25,23.0,21.0,0,-2.0
fixed130,gas224,bound_only,532,315.8000000000009,7341.3,5.4,2,25,23.0,21.0,0,-2.0
fixed130,gas224,point_transfer,0,0.0,7025.5,0.0,0,0,0.0,0.0,56,0.0
fixed130,gas224,point_transfer,130,98.0,7123.5,2.0,5,5,115.0,26.0,46,-2.0
fixed130,gas224,point_transfer,133,98.0,7123.5,2.0,5,5,115.0,26.0,46,-2.0
fixed130,gas224,point_transfer,260,446.0000000000009,7471.5,11.2,10,46,147.0,42.0,0,-2.0
fixed130,gas224,point_transfer,266,446.0000000000009,7471.5,11.2,10,46,147.0,42.0,0,-2.0
fixed130,gas224,point_transfer,532,446.0000000000009,7471.5,11.2,10,46,147.0,42.0,0,-2.0
fixed130,gas224,kish_adaptive,0,0.0,7025.5,0.0,0,0,0.0,0.0,26,0.0
fixed130,gas224,kish_adaptive,130,252.40000000000055,7277.9,4.2,2,19,23.0,21.0,5,-2.0
fixed130,gas224,kish_adaptive,133,272.20000000000056,7297.7,4.4,2,20,23.0,21.0,4,-2.0
fixed130,gas224,kish_adaptive,260,307.80000000000075,7333.3,5.2,2,24,23.0,21.0,0,-2.0
fixed130,gas224,kish_adaptive,266,307.80000000000075,7333.3,5.2,2,24,23.0,21.0,0,-2.0
fixed130,gas224,kish_adaptive,532,307.80000000000075,7333.3,5.2,2,24,23.0,21.0,0,-2.0
fixed130,gas224,pdf_point,0,0.0,7025.5,0.0,0,0,0.0,0.0,41,0.0
fixed130,gas224,pdf_point,130,264.60000000000053,7290.1,4.8,4,20,35.0,20.0,17,-2.0
fixed130,gas224,pdf_point,133,284.40000000000055,7309.9,5.0,4,21,35.0,20.0,16,-2.0
fixed130,gas224,pdf_point,260,403.0000000000009,7428.5,8.2,5,36,51.0,20.0,0,-2.0
fixed130,gas224,pdf_point,266,403.0000000000009,7428.5,8.2,5,36,51.0,20.0,0,-2.0
fixed130,gas224,pdf_point,532,403.0000000000009,7428.5,8.2,5,36,51.0,20.0,0,-2.0
fixed130,gas224,pdf_calibrated,0,0.0,7025.5,0.0,0,0,0.0,0.0,30,0.0
fixed130,gas224,pdf_calibrated,130,360.4000000000009,7385.9,5.8,1,28,16.0,16.0,1,-2.0
fixed130,gas224,pdf_calibrated,133,360.4000000000009,7385.9,5.8,1,28,16.0,16.0,1,-2.0
fixed130,gas224,pdf_calibrated,260,363.60000000000093,7389.1,6.0,1,29,16.0,16.0,0,-2.0
fixed130,gas224,pdf_calibrated,266,363.60000000000093,7389.1,6.0,1,29,16.0,16.0,0,-2.0
fixed130,gas224,pdf_calibrated,532,363.60000000000093,7389.1,6.0,1,29,16.0,16.0,0,-2.0
fixed130,gas224,qmf_point,0,0.0,7025.5,0.0,0,0,0.0,0.0,43,0.0
fixed130,gas224,qmf_point,130,264.60000000000053,7290.1,4.8,4,20,35.0,20.0,19,-2.0
fixed130,gas224,qmf_point,133,285.00000000000057,7310.5,5.2,4,22,35.0,20.0,17,-2.0
fixed130,gas224,qmf_point,260,402.60000000000093,7428.1,8.6,6,37,56.0,25.0,0,-2.0
fixed130,gas224,qmf_point,266,402.60000000000093,7428.1,8.6,6,37,56.0,25.0,0,-2.0
fixed130,gas224,qmf_point,532,402.60000000000093,7428.1,8.6,6,37,56.0,25.0,0,-2.0
fixed130,gas224,qmf_calibrated,0,0.0,7025.5,0.0,0,0,0.0,0.0,17,0.0
fixed130,gas224,qmf_calibrated,130,258.00000000000057,7283.5,3.4,0,17,0.0,0.0,0,-2.0
fixed130,gas224,qmf_calibrated,133,258.00000000000057,7283.5,3.4,0,17,0.0,0.0,0,-2.0
fixed130,gas224,qmf_calibrated,260,258.00000000000057,7283.5,3.4,0,17,0.0,0.0,0,-2.0
fixed130,gas224,qmf_calibrated,266,258.00000000000057,7283.5,3.4,0,17,0.0,0.0,0,-2.0
fixed130,gas224,qmf_calibrated,532,258.00000000000057,7283.5,3.4,0,17,0.0,0.0,0,-2.0
fixed130,dsads256,mean_transfer,0,0.0,2803.76,0.0,0,0,0.0,0.0,5,0.0
fixed130,dsads256,mean_transfer,130,4.0,2807.76,1.0,0,5,0.0,0.0,0,-3.0
fixed130,dsads256,mean_transfer,133,4.0,2807.76,1.0,0,5,0.0,0.0,0,-3.0
fixed130,dsads256,mean_transfer,260,4.0,2807.76,1.0,0,5,0.0,0.0,0,-3.0
fixed130,dsads256,mean_transfer,266,4.0,2807.76,1.0,0,5,0.0,0.0,0,-3.0
fixed130,dsads256,mean_transfer,532,4.0,2807.76,1.0,0,5,0.0,0.0,0,-3.0
fixed130,dsads256,diagonal_transfer,0,0.0,2803.76,0.0,0,0,0.0,0.0,5,0.0
fixed130,dsads256,diagonal_transfer,130,4.0,2807.76,1.0,0,5,0.0,0.0,0,-3.0
fixed130,dsads256,diagonal_transfer,133,4.0,2807.76,1.0,0,5,0.0,0.0,0,-3.0
fixed130,dsads256,diagonal_transfer,260,4.0,2807.76,1.0,0,5,0.0,0.0,0,-3.0
fixed130,dsads256,diagonal_transfer,266,4.0,2807.76,1.0,0,5,0.0,0.0,0,-3.0
fixed130,dsads256,diagonal_transfer,532,4.0,2807.76,1.0,0,5,0.0,0.0,0,-3.0
fixed130,dsads256,joint_transfer,0,0.0,2803.76,0.0,0,0,0.0,0.0,5,0.0
fixed130,dsads256,joint_transfer,130,4.0,2807.76,1.0,0,5,0.0,0.0,0,-3.0
fixed130,dsads256,joint_transfer,133,4.0,2807.76,1.0,0,5,0.0,0.0,0,-3.0
fixed130,dsads256,joint_transfer,260,4.0,2807.76,1.0,0,5,0.0,0.0,0,-3.0
fixed130,dsads256,joint_transfer,266,4.0,2807.76,1.0,0,5,0.0,0.0,0,-3.0
fixed130,dsads256,joint_transfer,532,4.0,2807.76,1.0,0,5,0.0,0.0,0,-3.0
fixed130,dsads256,full_transfer,0,0.0,2803.76,0.0,0,0,0.0,0.0,5,0.0
fixed130,dsads256,full_transfer,130,4.0,2807.76,1.0,0,5,0.0,0.0,0,-3.0
fixed130,dsads256,full_transfer,133,4.0,2807.76,1.0,0,5,0.0,0.0,0,-3.0
fixed130,dsads256,full_transfer,260,4.0,2807.76,1.0,0,5,0.0,0.0,0,-3.0
fixed130,dsads256,full_transfer,266,4.0,2807.76,1.0,0,5,0.0,0.0,0,-3.0
fixed130,dsads256,full_transfer,532,4.0,2807.76,1.0,0,5,0.0,0.0,0,-3.0
fixed130,dsads256,bound_only,0,0.0,2803.76,0.0,0,0,0.0,0.0,5,0.0
fixed130,dsads256,bound_only,130,4.0,2807.76,1.0,0,5,0.0,0.0,0,-3.0
fixed130,dsads256,bound_only,133,4.0,2807.76,1.0,0,5,0.0,0.0,0,-3.0
fixed130,dsads256,bound_only,260,4.0,2807.76,1.0,0,5,0.0,0.0,0,-3.0
fixed130,dsads256,bound_only,266,4.0,2807.76,1.0,0,5,0.0,0.0,0,-3.0
fixed130,dsads256,bound_only,532,4.0,2807.76,1.0,0,5,0.0,0.0,0,-3.0
fixed130,dsads256,point_transfer,0,0.0,2803.76,0.0,0,0,0.0,0.0,11,0.0
fixed130,dsads256,point_transfer,130,-2.4,2801.36,1.2,3,3,25.0,9.0,5,-9.0
fixed130,dsads256,point_transfer,133,-2.4,2801.36,1.2,3,3,25.0,9.0,5,-9.0
fixed130,dsads256,point_transfer,260,-6.2,2797.5600000000004,2.2,6,5,51.0,33.0,0,-33.0
fixed130,dsads256,point_transfer,266,-6.2,2797.5600000000004,2.2,6,5,51.0,33.0,0,-33.0
fixed130,dsads256,point_transfer,532,-6.2,2797.5600000000004,2.2,6,5,51.0,33.0,0,-33.0
fixed130,dsads256,kish_adaptive,0,0.0,2803.76,0.0,0,0,0.0,0.0,5,0.0
fixed130,dsads256,kish_adaptive,130,4.0,2807.76,1.0,0,5,0.0,0.0,0,-3.0
fixed130,dsads256,kish_adaptive,133,4.0,2807.76,1.0,0,5,0.0,0.0,0,-3.0
fixed130,dsads256,kish_adaptive,260,4.0,2807.76,1.0,0,5,0.0,0.0,0,-3.0
fixed130,dsads256,kish_adaptive,266,4.0,2807.76,1.0,0,5,0.0,0.0,0,-3.0
fixed130,dsads256,kish_adaptive,532,4.0,2807.76,1.0,0,5,0.0,0.0,0,-3.0
fixed130,dsads256,pdf_point,0,0.0,2803.76,0.0,0,0,0.0,0.0,12,0.0
fixed130,dsads256,pdf_point,130,-2.2,2801.5600000000004,1.4,3,4,29.0,11.0,5,-7.0
fixed130,dsads256,pdf_point,133,-2.2,2801.5600000000004,1.4,3,4,29.0,11.0,5,-7.0
fixed130,dsads256,pdf_point,260,-8.8,2794.96,2.4,7,5,64.0,33.0,0,-33.0
fixed130,dsads256,pdf_point,266,-8.8,2794.96,2.4,7,5,64.0,33.0,0,-33.0
fixed130,dsads256,pdf_point,532,-8.8,2794.96,2.4,7,5,64.0,33.0,0,-33.0
fixed130,dsads256,pdf_calibrated,0,0.0,2803.76,0.0,0,0,0.0,0.0,5,0.0
fixed130,dsads256,pdf_calibrated,130,4.0,2807.76,1.0,0,5,0.0,0.0,0,-3.0
fixed130,dsads256,pdf_calibrated,133,4.0,2807.76,1.0,0,5,0.0,0.0,0,-3.0
fixed130,dsads256,pdf_calibrated,260,4.0,2807.76,1.0,0,5,0.0,0.0,0,-3.0
fixed130,dsads256,pdf_calibrated,266,4.0,2807.76,1.0,0,5,0.0,0.0,0,-3.0
fixed130,dsads256,pdf_calibrated,532,4.0,2807.76,1.0,0,5,0.0,0.0,0,-3.0
fixed130,dsads256,qmf_point,0,0.0,2803.76,0.0,0,0,0.0,0.0,14,0.0
fixed130,dsads256,qmf_point,130,-5.0,2798.76,1.4,4,3,38.0,11.0,7,-9.0
fixed130,dsads256,qmf_point,133,-5.0,2798.76,1.4,4,3,38.0,11.0,7,-9.0
fixed130,dsads256,qmf_point,260,-11.8,2791.96,2.8,9,5,79.0,33.0,0,-33.0
fixed130,dsads256,qmf_point,266,-11.8,2791.96,2.8,9,5,79.0,33.0,0,-33.0
fixed130,dsads256,qmf_point,532,-11.8,2791.96,2.8,9,5,79.0,33.0,0,-33.0
fixed130,dsads256,qmf_calibrated,0,0.0,2803.76,0.0,0,0,0.0,0.0,9,0.0
fixed130,dsads256,qmf_calibrated,130,-3.0,2800.76,1.4,3,4,33.0,11.0,2,-11.0
fixed130,dsads256,qmf_calibrated,133,-3.0,2800.76,1.4,3,4,33.0,11.0,2,-11.0
fixed130,dsads256,qmf_calibrated,260,-4.6,2799.1600000000003,1.8,4,5,43.0,21.0,0,-21.0
fixed130,dsads256,qmf_calibrated,266,-4.6,2799.1600000000003,1.8,4,5,43.0,21.0,0,-21.0
fixed130,dsads256,qmf_calibrated,532,-4.6,2799.1600000000003,1.8,4,5,43.0,21.0,0,-21.0
decision,occupancy357,mean_transfer,0,0.0,7965.9,0.0,0,0,0.0,0.0,2,0.0
decision,occupancy357,mean_transfer,130,-0.2,7965.7,0.4,1,1,2.0,2.0,0,-4.0
decision,occupancy357,mean_transfer,133,-0.2,7965.7,0.4,1,1,2.0,2.0,0,-4.0
decision,occupancy357,mean_transfer,260,-0.2,7965.7,0.4,1,1,2.0,2.0,0,-4.0
decision,occupancy357,mean_transfer,266,-0.2,7965.7,0.4,1,1,2.0,2.0,0,-4.0
decision,occupancy357,mean_transfer,532,-0.2,7965.7,0.4,1,1,2.0,2.0,0,-4.0
decision,occupancy357,diagonal_transfer,0,0.0,7965.9,0.0,0,0,0.0,0.0,2,0.0
decision,occupancy357,diagonal_transfer,130,-0.2,7965.7,0.4,1,1,2.0,2.0,0,-4.0
decision,occupancy357,diagonal_transfer,133,-0.2,7965.7,0.4,1,1,2.0,2.0,0,-4.0
decision,occupancy357,diagonal_transfer,260,-0.2,7965.7,0.4,1,1,2.0,2.0,0,-4.0
decision,occupancy357,diagonal_transfer,266,-0.2,7965.7,0.4,1,1,2.0,2.0,0,-4.0
decision,occupancy357,diagonal_transfer,532,-0.2,7965.7,0.4,1,1,2.0,2.0,0,-4.0
decision,occupancy357,joint_transfer,0,0.0,7965.9,0.0,0,0,0.0,0.0,0,0.0
decision,occupancy357,joint_transfer,130,0.0,7965.9,0.0,0,0,0.0,0.0,0,0.0
decision,occupancy357,joint_transfer,133,0.0,7965.9,0.0,0,0,0.0,0.0,0,0.0
decision,occupancy357,joint_transfer,260,0.0,7965.9,0.0,0,0,0.0,0.0,0,0.0
decision,occupancy357,joint_transfer,266,0.0,7965.9,0.0,0,0,0.0,0.0,0,0.0
decision,occupancy357,joint_transfer,532,0.0,7965.9,0.0,0,0,0.0,0.0,0,0.0
decision,occupancy357,full_transfer,0,0.0,7965.9,0.0,0,0,0.0,0.0,1,0.0
decision,occupancy357,full_transfer,130,0.2,7966.1,0.2,0,1,0.0,0.0,0,-4.0
decision,occupancy357,full_transfer,133,0.2,7966.1,0.2,0,1,0.0,0.0,0,-4.0
decision,occupancy357,full_transfer,260,0.2,7966.1,0.2,0,1,0.0,0.0,0,-4.0
decision,occupancy357,full_transfer,266,0.2,7966.1,0.2,0,1,0.0,0.0,0,-4.0
decision,occupancy357,full_transfer,532,0.2,7966.1,0.2,0,1,0.0,0.0,0,-4.0
decision,occupancy357,bound_only,0,0.0,7965.9,0.0,0,0,0.0,0.0,1,0.0
decision,occupancy357,bound_only,130,0.2,7966.1,0.2,0,1,0.0,0.0,0,-4.0
decision,occupancy357,bound_only,133,0.2,7966.1,0.2,0,1,0.0,0.0,0,-4.0
decision,occupancy357,bound_only,260,0.2,7966.1,0.2,0,1,0.0,0.0,0,-4.0
decision,occupancy357,bound_only,266,0.2,7966.1,0.2,0,1,0.0,0.0,0,-4.0
decision,occupancy357,bound_only,532,0.2,7966.1,0.2,0,1,0.0,0.0,0,-4.0
decision,occupancy357,point_transfer,0,0.0,7965.9,0.0,0,0,0.0,0.0,2,0.0
decision,occupancy357,point_transfer,130,-0.2,7965.7,0.4,1,1,2.0,2.0,0,-4.0
decision,occupancy357,point_transfer,133,-0.2,7965.7,0.4,1,1,2.0,2.0,0,-4.0
decision,occupancy357,point_transfer,260,-0.2,7965.7,0.4,1,1,2.0,2.0,0,-4.0
decision,occupancy357,point_transfer,266,-0.2,7965.7,0.4,1,1,2.0,2.0,0,-4.0
decision,occupancy357,point_transfer,532,-0.2,7965.7,0.4,1,1,2.0,2.0,0,-4.0
decision,occupancy357,kish_adaptive,0,0.0,7965.9,0.0,0,0,0.0,0.0,1,0.0
decision,occupancy357,kish_adaptive,130,0.2,7966.1,0.2,0,1,0.0,0.0,0,-4.0
decision,occupancy357,kish_adaptive,133,0.2,7966.1,0.2,0,1,0.0,0.0,0,-4.0
decision,occupancy357,kish_adaptive,260,0.2,7966.1,0.2,0,1,0.0,0.0,0,-4.0
decision,occupancy357,kish_adaptive,266,0.2,7966.1,0.2,0,1,0.0,0.0,0,-4.0
decision,occupancy357,kish_adaptive,532,0.2,7966.1,0.2,0,1,0.0,0.0,0,-4.0
decision,occupancy357,pdf_point,0,0.0,7965.9,0.0,0,0,0.0,0.0,0,0.0
decision,occupancy357,pdf_point,130,0.0,7965.9,0.0,0,0,0.0,0.0,0,0.0
decision,occupancy357,pdf_point,133,0.0,7965.9,0.0,0,0,0.0,0.0,0,0.0
decision,occupancy357,pdf_point,260,0.0,7965.9,0.0,0,0,0.0,0.0,0,0.0
decision,occupancy357,pdf_point,266,0.0,7965.9,0.0,0,0,0.0,0.0,0,0.0
decision,occupancy357,pdf_point,532,0.0,7965.9,0.0,0,0,0.0,0.0,0,0.0
decision,occupancy357,pdf_calibrated,0,0.0,7965.9,0.0,0,0,0.0,0.0,0,0.0
decision,occupancy357,pdf_calibrated,130,0.0,7965.9,0.0,0,0,0.0,0.0,0,0.0
decision,occupancy357,pdf_calibrated,133,0.0,7965.9,0.0,0,0,0.0,0.0,0,0.0
decision,occupancy357,pdf_calibrated,260,0.0,7965.9,0.0,0,0,0.0,0.0,0,0.0
decision,occupancy357,pdf_calibrated,266,0.0,7965.9,0.0,0,0,0.0,0.0,0,0.0
decision,occupancy357,pdf_calibrated,532,0.0,7965.9,0.0,0,0,0.0,0.0,0,0.0
decision,occupancy357,qmf_point,0,0.0,7965.9,0.0,0,0,0.0,0.0,0,0.0
decision,occupancy357,qmf_point,130,0.0,7965.9,0.0,0,0,0.0,0.0,0,0.0
decision,occupancy357,qmf_point,133,0.0,7965.9,0.0,0,0,0.0,0.0,0,0.0
decision,occupancy357,qmf_point,260,0.0,7965.9,0.0,0,0,0.0,0.0,0,0.0
decision,occupancy357,qmf_point,266,0.0,7965.9,0.0,0,0,0.0,0.0,0,0.0
decision,occupancy357,qmf_point,532,0.0,7965.9,0.0,0,0,0.0,0.0,0,0.0
decision,occupancy357,qmf_calibrated,0,0.0,7965.9,0.0,0,0,0.0,0.0,0,0.0
decision,occupancy357,qmf_calibrated,130,0.0,7965.9,0.0,0,0,0.0,0.0,0,0.0
decision,occupancy357,qmf_calibrated,133,0.0,7965.9,0.0,0,0,0.0,0.0,0,0.0
decision,occupancy357,qmf_calibrated,260,0.0,7965.9,0.0,0,0,0.0,0.0,0,0.0
decision,occupancy357,qmf_calibrated,266,0.0,7965.9,0.0,0,0,0.0,0.0,0,0.0
decision,occupancy357,qmf_calibrated,532,0.0,7965.9,0.0,0,0,0.0,0.0,0,0.0
decision,occupancy864,mean_transfer,0,0.0,3782.56,0.0,0,0,0.0,0.0,3,0.0
decision,occupancy864,mean_transfer,130,-22.6,3759.96,0.6,3,0,113.0,38.0,0,-38.0
decision,occupancy864,mean_transfer,133,-22.6,3759.96,0.6,3,0,113.0,38.0,0,-38.0
decision,occupancy864,mean_transfer,260,-22.6,3759.96,0.6,3,0,113.0,38.0,0,-38.0
decision,occupancy864,mean_transfer,266,-22.6,3759.96,0.6,3,0,113.0,38.0,0,-38.0
decision,occupancy864,mean_transfer,532,-22.6,3759.96,0.6,3,0,113.0,38.0,0,-38.0
decision,occupancy864,diagonal_transfer,0,0.0,3782.56,0.0,0,0,0.0,0.0,3,0.0
decision,occupancy864,diagonal_transfer,130,-22.6,3759.96,0.6,3,0,113.0,38.0,0,-38.0
decision,occupancy864,diagonal_transfer,133,-22.6,3759.96,0.6,3,0,113.0,38.0,0,-38.0
decision,occupancy864,diagonal_transfer,260,-22.6,3759.96,0.6,3,0,113.0,38.0,0,-38.0
decision,occupancy864,diagonal_transfer,266,-22.6,3759.96,0.6,3,0,113.0,38.0,0,-38.0
decision,occupancy864,diagonal_transfer,532,-22.6,3759.96,0.6,3,0,113.0,38.0,0,-38.0
decision,occupancy864,joint_transfer,0,0.0,3782.56,0.0,0,0,0.0,0.0,3,0.0
decision,occupancy864,joint_transfer,130,-22.6,3759.96,0.6,3,0,113.0,38.0,0,-38.0
decision,occupancy864,joint_transfer,133,-22.6,3759.96,0.6,3,0,113.0,38.0,0,-38.0
decision,occupancy864,joint_transfer,260,-22.6,3759.96,0.6,3,0,113.0,38.0,0,-38.0
decision,occupancy864,joint_transfer,266,-22.6,3759.96,0.6,3,0,113.0,38.0,0,-38.0
decision,occupancy864,joint_transfer,532,-22.6,3759.96,0.6,3,0,113.0,38.0,0,-38.0
decision,occupancy864,full_transfer,0,0.0,3782.56,0.0,0,0,0.0,0.0,2,0.0
decision,occupancy864,full_transfer,130,-15.0,3767.56,0.4,2,0,75.0,38.0,0,-38.0
decision,occupancy864,full_transfer,133,-15.0,3767.56,0.4,2,0,75.0,38.0,0,-38.0
decision,occupancy864,full_transfer,260,-15.0,3767.56,0.4,2,0,75.0,38.0,0,-38.0
decision,occupancy864,full_transfer,266,-15.0,3767.56,0.4,2,0,75.0,38.0,0,-38.0
decision,occupancy864,full_transfer,532,-15.0,3767.56,0.4,2,0,75.0,38.0,0,-38.0
decision,occupancy864,bound_only,0,0.0,3782.56,0.0,0,0,0.0,0.0,2,0.0
decision,occupancy864,bound_only,130,-15.0,3767.56,0.4,2,0,75.0,38.0,0,-38.0
decision,occupancy864,bound_only,133,-15.0,3767.56,0.4,2,0,75.0,38.0,0,-38.0
decision,occupancy864,bound_only,260,-15.0,3767.56,0.4,2,0,75.0,38.0,0,-38.0
decision,occupancy864,bound_only,266,-15.0,3767.56,0.4,2,0,75.0,38.0,0,-38.0
decision,occupancy864,bound_only,532,-15.0,3767.56,0.4,2,0,75.0,38.0,0,-38.0
decision,occupancy864,point_transfer,0,0.0,3782.56,0.0,0,0,0.0,0.0,4,0.0
decision,occupancy864,point_transfer,130,-25.8,3756.7599999999998,0.8,4,0,129.0,38.0,0,-38.0
decision,occupancy864,point_transfer,133,-25.8,3756.7599999999998,0.8,4,0,129.0,38.0,0,-38.0
decision,occupancy864,point_transfer,260,-25.8,3756.7599999999998,0.8,4,0,129.0,38.0,0,-38.0
decision,occupancy864,point_transfer,266,-25.8,3756.7599999999998,0.8,4,0,129.0,38.0,0,-38.0
decision,occupancy864,point_transfer,532,-25.8,3756.7599999999998,0.8,4,0,129.0,38.0,0,-38.0
decision,occupancy864,kish_adaptive,0,0.0,3782.56,0.0,0,0,0.0,0.0,3,0.0
decision,occupancy864,kish_adaptive,130,-22.6,3759.96,0.6,3,0,113.0,38.0,0,-38.0
decision,occupancy864,kish_adaptive,133,-22.6,3759.96,0.6,3,0,113.0,38.0,0,-38.0
decision,occupancy864,kish_adaptive,260,-22.6,3759.96,0.6,3,0,113.0,38.0,0,-38.0
decision,occupancy864,kish_adaptive,266,-22.6,3759.96,0.6,3,0,113.0,38.0,0,-38.0
decision,occupancy864,kish_adaptive,532,-22.6,3759.96,0.6,3,0,113.0,38.0,0,-38.0
decision,occupancy864,pdf_point,0,0.0,3782.56,0.0,0,0,0.0,0.0,0,0.0
decision,occupancy864,pdf_point,130,0.0,3782.56,0.0,0,0,0.0,0.0,0,0.0
decision,occupancy864,pdf_point,133,0.0,3782.56,0.0,0,0,0.0,0.0,0,0.0
decision,occupancy864,pdf_point,260,0.0,3782.56,0.0,0,0,0.0,0.0,0,0.0
decision,occupancy864,pdf_point,266,0.0,3782.56,0.0,0,0,0.0,0.0,0,0.0
decision,occupancy864,pdf_point,532,0.0,3782.56,0.0,0,0,0.0,0.0,0,0.0
decision,occupancy864,pdf_calibrated,0,0.0,3782.56,0.0,0,0,0.0,0.0,0,0.0
decision,occupancy864,pdf_calibrated,130,0.0,3782.56,0.0,0,0,0.0,0.0,0,0.0
decision,occupancy864,pdf_calibrated,133,0.0,3782.56,0.0,0,0,0.0,0.0,0,0.0
decision,occupancy864,pdf_calibrated,260,0.0,3782.56,0.0,0,0,0.0,0.0,0,0.0
decision,occupancy864,pdf_calibrated,266,0.0,3782.56,0.0,0,0,0.0,0.0,0,0.0
decision,occupancy864,pdf_calibrated,532,0.0,3782.56,0.0,0,0,0.0,0.0,0,0.0
decision,occupancy864,qmf_point,0,0.0,3782.56,0.0,0,0,0.0,0.0,0,0.0
decision,occupancy864,qmf_point,130,0.0,3782.56,0.0,0,0,0.0,0.0,0,0.0
decision,occupancy864,qmf_point,133,0.0,3782.56,0.0,0,0,0.0,0.0,0,0.0
decision,occupancy864,qmf_point,260,0.0,3782.56,0.0,0,0,0.0,0.0,0,0.0
decision,occupancy864,qmf_point,266,0.0,3782.56,0.0,0,0,0.0,0.0,0,0.0
decision,occupancy864,qmf_point,532,0.0,3782.56,0.0,0,0,0.0,0.0,0,0.0
decision,occupancy864,qmf_calibrated,0,0.0,3782.56,0.0,0,0,0.0,0.0,0,0.0
decision,occupancy864,qmf_calibrated,130,0.0,3782.56,0.0,0,0,0.0,0.0,0,0.0
decision,occupancy864,qmf_calibrated,133,0.0,3782.56,0.0,0,0,0.0,0.0,0,0.0
decision,occupancy864,qmf_calibrated,260,0.0,3782.56,0.0,0,0,0.0,0.0,0,0.0
decision,occupancy864,qmf_calibrated,266,0.0,3782.56,0.0,0,0,0.0,0.0,0,0.0
decision,occupancy864,qmf_calibrated,532,0.0,3782.56,0.0,0,0,0.0,0.0,0,0.0
decision,mhealth319,mean_transfer,0,0.0,1521.24,0.0,0,0,0.0,0.0,12,0.0
decision,mhealth319,mean_transfer,130,-24.8,1496.44,2.0,10,0,124.0,27.0,2,-27.0
decision,mhealth319,mean_transfer,133,-24.8,1496.44,2.0,10,0,124.0,27.0,2,-27.0
decision,mhealth319,mean_transfer,260,-30.0,1491.24,2.4,12,0,150.0,45.0,0,-45.0
decision,mhealth319,mean_transfer,266,-30.0,1491.24,2.4,12,0,150.0,45.0,0,-45.0
decision,mhealth319,mean_transfer,532,-30.0,1491.24,2.4,12,0,150.0,45.0,0,-45.0
decision,mhealth319,diagonal_transfer,0,0.0,1521.24,0.0,0,0,0.0,0.0,14,0.0
decision,mhealth319,diagonal_transfer,130,-24.8,1496.44,2.0,10,0,124.0,27.0,4,-27.0
decision,mhealth319,diagonal_transfer,133,-24.8,1496.44,2.0,10,0,124.0,27.0,4,-27.0
decision,mhealth319,diagonal_transfer,260,-33.8,1487.44,2.8,14,0,169.0,45.0,0,-45.0
decision,mhealth319,diagonal_transfer,266,-33.8,1487.44,2.8,14,0,169.0,45.0,0,-45.0
decision,mhealth319,diagonal_transfer,532,-33.8,1487.44,2.8,14,0,169.0,45.0,0,-45.0
decision,mhealth319,joint_transfer,0,0.0,1521.24,0.0,0,0,0.0,0.0,12,0.0
decision,mhealth319,joint_transfer,130,-24.8,1496.44,2.0,10,0,124.0,27.0,2,-27.0
decision,mhealth319,joint_transfer,133,-24.8,1496.44,2.0,10,0,124.0,27.0,2,-27.0
decision,mhealth319,joint_transfer,260,-30.0,1491.24,2.4,12,0,150.0,45.0,0,-45.0
decision,mhealth319,joint_transfer,266,-30.0,1491.24,2.4,12,0,150.0,45.0,0,-45.0
decision,mhealth319,joint_transfer,532,-30.0,1491.24,2.4,12,0,150.0,45.0,0,-45.0
decision,mhealth319,full_transfer,0,0.0,1521.24,0.0,0,0,0.0,0.0,6,0.0
decision,mhealth319,full_transfer,130,-21.2,1500.04,1.2,6,0,106.0,30.0,0,-31.0
decision,mhealth319,full_transfer,133,-21.2,1500.04,1.2,6,0,106.0,30.0,0,-31.0
decision,mhealth319,full_transfer,260,-21.2,1500.04,1.2,6,0,106.0,30.0,0,-31.0
decision,mhealth319,full_transfer,266,-21.2,1500.04,1.2,6,0,106.0,30.0,0,-31.0
decision,mhealth319,full_transfer,532,-21.2,1500.04,1.2,6,0,106.0,30.0,0,-31.0
decision,mhealth319,bound_only,0,0.0,1521.24,0.0,0,0,0.0,0.0,6,0.0
decision,mhealth319,bound_only,130,-21.2,1500.04,1.2,6,0,106.0,30.0,0,-31.0
decision,mhealth319,bound_only,133,-21.2,1500.04,1.2,6,0,106.0,30.0,0,-31.0
decision,mhealth319,bound_only,260,-21.2,1500.04,1.2,6,0,106.0,30.0,0,-31.0
decision,mhealth319,bound_only,266,-21.2,1500.04,1.2,6,0,106.0,30.0,0,-31.0
decision,mhealth319,bound_only,532,-21.2,1500.04,1.2,6,0,106.0,30.0,0,-31.0
decision,mhealth319,point_transfer,0,0.0,1521.24,0.0,0,0,0.0,0.0,22,0.0
decision,mhealth319,point_transfer,130,-32.4,1488.84,3.2,16,0,162.0,34.0,6,-34.0
decision,mhealth319,point_transfer,133,-35.8,1485.44,3.6,18,0,179.0,41.0,4,-41.0
decision,mhealth319,point_transfer,260,-44.8,1476.44,4.4,22,0,224.0,50.0,0,-50.0
decision,mhealth319,point_transfer,266,-44.8,1476.44,4.4,22,0,224.0,50.0,0,-50.0
decision,mhealth319,point_transfer,532,-44.8,1476.44,4.4,22,0,224.0,50.0,0,-50.0
decision,mhealth319,kish_adaptive,0,0.0,1521.24,0.0,0,0,0.0,0.0,7,0.0
decision,mhealth319,kish_adaptive,130,-21.2,1500.04,1.2,6,0,106.0,30.0,1,-31.0
decision,mhealth319,kish_adaptive,133,-21.2,1500.04,1.2,6,0,106.0,30.0,1,-31.0
decision,mhealth319,kish_adaptive,260,-24.8,1496.44,1.4,7,0,124.0,40.0,0,-40.0
decision,mhealth319,kish_adaptive,266,-24.8,1496.44,1.4,7,0,124.0,40.0,0,-40.0
decision,mhealth319,kish_adaptive,532,-24.8,1496.44,1.4,7,0,124.0,40.0,0,-40.0
decision,mhealth319,pdf_point,0,0.0,1521.24,0.0,0,0,0.0,0.0,22,0.0
decision,mhealth319,pdf_point,130,-32.4,1488.84,3.2,16,0,162.0,34.0,6,-34.0
decision,mhealth319,pdf_point,133,-35.8,1485.44,3.6,18,0,179.0,41.0,4,-41.0
decision,mhealth319,pdf_point,260,-44.8,1476.44,4.4,22,0,224.0,50.0,0,-50.0
decision,mhealth319,pdf_point,266,-44.8,1476.44,4.4,22,0,224.0,50.0,0,-50.0
decision,mhealth319,pdf_point,532,-44.8,1476.44,4.4,22,0,224.0,50.0,0,-50.0
decision,mhealth319,pdf_calibrated,0,0.0,1521.24,0.0,0,0,0.0,0.0,14,0.0
decision,mhealth319,pdf_calibrated,130,-24.8,1496.44,2.0,10,0,124.0,27.0,4,-27.0
decision,mhealth319,pdf_calibrated,133,-24.8,1496.44,2.0,10,0,124.0,27.0,4,-27.0
decision,mhealth319,pdf_calibrated,260,-33.8,1487.44,2.8,14,0,169.0,45.0,0,-45.0
decision,mhealth319,pdf_calibrated,266,-33.8,1487.44,2.8,14,0,169.0,45.0,0,-45.0
decision,mhealth319,pdf_calibrated,532,-33.8,1487.44,2.8,14,0,169.0,45.0,0,-45.0
decision,mhealth319,qmf_point,0,0.0,1521.24,0.0,0,0,0.0,0.0,22,0.0
decision,mhealth319,qmf_point,130,-32.4,1488.84,3.2,16,0,162.0,34.0,6,-34.0
decision,mhealth319,qmf_point,133,-35.8,1485.44,3.6,18,0,179.0,41.0,4,-41.0
decision,mhealth319,qmf_point,260,-44.8,1476.44,4.4,22,0,224.0,50.0,0,-50.0
decision,mhealth319,qmf_point,266,-44.8,1476.44,4.4,22,0,224.0,50.0,0,-50.0
decision,mhealth319,qmf_point,532,-44.8,1476.44,4.4,22,0,224.0,50.0,0,-50.0
decision,mhealth319,qmf_calibrated,0,0.0,1521.24,0.0,0,0,0.0,0.0,14,0.0
decision,mhealth319,qmf_calibrated,130,-24.8,1496.44,2.0,10,0,124.0,27.0,4,-27.0
decision,mhealth319,qmf_calibrated,133,-24.8,1496.44,2.0,10,0,124.0,27.0,4,-27.0
decision,mhealth319,qmf_calibrated,260,-33.8,1487.44,2.8,14,0,169.0,45.0,0,-45.0
decision,mhealth319,qmf_calibrated,266,-33.8,1487.44,2.8,14,0,169.0,45.0,0,-45.0
decision,mhealth319,qmf_calibrated,532,-33.8,1487.44,2.8,14,0,169.0,45.0,0,-45.0
decision,har240,mean_transfer,0,0.0,3284.0199999999995,0.0,0,0,0.0,0.0,2,0.0
decision,har240,mean_transfer,130,6.6,3290.62,0.4,0,2,0.0,0.0,0,-4.0
decision,har240,mean_transfer,133,6.6,3290.62,0.4,0,2,0.0,0.0,0,-4.0
decision,har240,mean_transfer,260,6.6,3290.62,0.4,0,2,0.0,0.0,0,-4.0
decision,har240,mean_transfer,266,6.6,3290.62,0.4,0,2,0.0,0.0,0,-4.0
decision,har240,mean_transfer,532,6.6,3290.62,0.4,0,2,0.0,0.0,0,-4.0
decision,har240,diagonal_transfer,0,0.0,3284.0199999999995,0.0,0,0,0.0,0.0,3,0.0
decision,har240,diagonal_transfer,130,9.4,3293.4199999999996,0.6,0,3,0.0,0.0,0,-4.0
decision,har240,diagonal_transfer,133,9.4,3293.4199999999996,0.6,0,3,0.0,0.0,0,-4.0
decision,har240,diagonal_transfer,260,9.4,3293.4199999999996,0.6,0,3,0.0,0.0,0,-4.0
decision,har240,diagonal_transfer,266,9.4,3293.4199999999996,0.6,0,3,0.0,0.0,0,-4.0
decision,har240,diagonal_transfer,532,9.4,3293.4199999999996,0.6,0,3,0.0,0.0,0,-4.0
decision,har240,joint_transfer,0,0.0,3284.0199999999995,0.0,0,0,0.0,0.0,2,0.0
decision,har240,joint_transfer,130,6.6,3290.62,0.4,0,2,0.0,0.0,0,-4.0
decision,har240,joint_transfer,133,6.6,3290.62,0.4,0,2,0.0,0.0,0,-4.0
decision,har240,joint_transfer,260,6.6,3290.62,0.4,0,2,0.0,0.0,0,-4.0
decision,har240,joint_transfer,266,6.6,3290.62,0.4,0,2,0.0,0.0,0,-4.0
decision,har240,joint_transfer,532,6.6,3290.62,0.4,0,2,0.0,0.0,0,-4.0
decision,har240,full_transfer,0,0.0,3284.0199999999995,0.0,0,0,0.0,0.0,3,0.0
decision,har240,full_transfer,130,9.4,3293.4199999999996,0.6,0,3,0.0,0.0,0,-4.0
decision,har240,full_transfer,133,9.4,3293.4199999999996,0.6,0,3,0.0,0.0,0,-4.0
decision,har240,full_transfer,260,9.4,3293.4199999999996,0.6,0,3,0.0,0.0,0,-4.0
decision,har240,full_transfer,266,9.4,3293.4199999999996,0.6,0,3,0.0,0.0,0,-4.0
decision,har240,full_transfer,532,9.4,3293.4199999999996,0.6,0,3,0.0,0.0,0,-4.0
decision,har240,bound_only,0,0.0,3284.0199999999995,0.0,0,0,0.0,0.0,3,0.0
decision,har240,bound_only,130,9.4,3293.4199999999996,0.6,0,3,0.0,0.0,0,-4.0
decision,har240,bound_only,133,9.4,3293.4199999999996,0.6,0,3,0.0,0.0,0,-4.0
decision,har240,bound_only,260,9.4,3293.4199999999996,0.6,0,3,0.0,0.0,0,-4.0
decision,har240,bound_only,266,9.4,3293.4199999999996,0.6,0,3,0.0,0.0,0,-4.0
decision,har240,bound_only,532,9.4,3293.4199999999996,0.6,0,3,0.0,0.0,0,-4.0
decision,har240,point_transfer,0,0.0,3284.0199999999995,0.0,0,0,0.0,0.0,13,0.0
decision,har240,point_transfer,130,4.2,3288.22,2.6,8,5,43.0,20.0,0,-19.0
decision,har240,point_transfer,133,4.2,3288.22,2.6,8,5,43.0,20.0,0,-19.0
decision,har240,point_transfer,260,4.2,3288.22,2.6,8,5,43.0,20.0,0,-19.0
decision,har240,point_transfer,266,4.2,3288.22,2.6,8,5,43.0,20.0,0,-19.0
decision,har240,point_transfer,532,4.2,3288.22,2.6,8,5,43.0,20.0,0,-19.0
decision,har240,kish_adaptive,0,0.0,3284.0199999999995,0.0,0,0,0.0,0.0,3,0.0
decision,har240,kish_adaptive,130,9.4,3293.4199999999996,0.6,0,3,0.0,0.0,0,-4.0
decision,har240,kish_adaptive,133,9.4,3293.4199999999996,0.6,0,3,0.0,0.0,0,-4.0
decision,har240,kish_adaptive,260,9.4,3293.4199999999996,0.6,0,3,0.0,0.0,0,-4.0
decision,har240,kish_adaptive,266,9.4,3293.4199999999996,0.6,0,3,0.0,0.0,0,-4.0
decision,har240,kish_adaptive,532,9.4,3293.4199999999996,0.6,0,3,0.0,0.0,0,-4.0
decision,har240,pdf_point,0,0.0,3284.0199999999995,0.0,0,0,0.0,0.0,13,0.0
decision,har240,pdf_point,130,4.2,3288.22,2.6,8,5,43.0,20.0,0,-19.0
decision,har240,pdf_point,133,4.2,3288.22,2.6,8,5,43.0,20.0,0,-19.0
decision,har240,pdf_point,260,4.2,3288.22,2.6,8,5,43.0,20.0,0,-19.0
decision,har240,pdf_point,266,4.2,3288.22,2.6,8,5,43.0,20.0,0,-19.0
decision,har240,pdf_point,532,4.2,3288.22,2.6,8,5,43.0,20.0,0,-19.0
decision,har240,pdf_calibrated,0,0.0,3284.0199999999995,0.0,0,0,0.0,0.0,3,0.0
decision,har240,pdf_calibrated,130,9.4,3293.4199999999996,0.6,0,3,0.0,0.0,0,-4.0
decision,har240,pdf_calibrated,133,9.4,3293.4199999999996,0.6,0,3,0.0,0.0,0,-4.0
decision,har240,pdf_calibrated,260,9.4,3293.4199999999996,0.6,0,3,0.0,0.0,0,-4.0
decision,har240,pdf_calibrated,266,9.4,3293.4199999999996,0.6,0,3,0.0,0.0,0,-4.0
decision,har240,pdf_calibrated,532,9.4,3293.4199999999996,0.6,0,3,0.0,0.0,0,-4.0
decision,har240,qmf_point,0,0.0,3284.0199999999995,0.0,0,0,0.0,0.0,12,0.0
decision,har240,qmf_point,130,5.2,3289.22,2.4,7,5,38.0,15.0,0,-19.0
decision,har240,qmf_point,133,5.2,3289.22,2.4,7,5,38.0,15.0,0,-19.0
decision,har240,qmf_point,260,5.2,3289.22,2.4,7,5,38.0,15.0,0,-19.0
decision,har240,qmf_point,266,5.2,3289.22,2.4,7,5,38.0,15.0,0,-19.0
decision,har240,qmf_point,532,5.2,3289.22,2.4,7,5,38.0,15.0,0,-19.0
decision,har240,qmf_calibrated,0,0.0,3284.0199999999995,0.0,0,0,0.0,0.0,3,0.0
decision,har240,qmf_calibrated,130,9.4,3293.4199999999996,0.6,0,3,0.0,0.0,0,-4.0
decision,har240,qmf_calibrated,133,9.4,3293.4199999999996,0.6,0,3,0.0,0.0,0,-4.0
decision,har240,qmf_calibrated,260,9.4,3293.4199999999996,0.6,0,3,0.0,0.0,0,-4.0
decision,har240,qmf_calibrated,266,9.4,3293.4199999999996,0.6,0,3,0.0,0.0,0,-4.0
decision,har240,qmf_calibrated,532,9.4,3293.4199999999996,0.6,0,3,0.0,0.0,0,-4.0
decision,gas224,mean_transfer,0,0.0,7025.5,0.0,0,0,0.0,0.0,21,0.0
decision,gas224,mean_transfer,130,240.80000000000055,7266.3,3.6,1,17,21.0,21.0,3,-2.0
decision,gas224,mean_transfer,133,240.80000000000055,7266.3,3.6,1,17,21.0,21.0,3,-2.0
decision,gas224,mean_transfer,260,273.2000000000007,7298.7,4.2,1,20,21.0,21.0,0,-2.0
decision,gas224,mean_transfer,266,273.2000000000007,7298.7,4.2,1,20,21.0,21.0,0,-2.0
decision,gas224,mean_transfer,532,273.2000000000007,7298.7,4.2,1,20,21.0,21.0,0,-2.0
decision,gas224,diagonal_transfer,0,0.0,7025.5,0.0,0,0,0.0,0.0,26,0.0
decision,gas224,diagonal_transfer,130,255.60000000000053,7281.1,4.4,2,20,23.0,21.0,4,-2.0
decision,gas224,diagonal_transfer,133,275.40000000000055,7300.9,4.6,2,21,23.0,21.0,3,-2.0
decision,gas224,diagonal_transfer,260,307.80000000000075,7333.3,5.2,2,24,23.0,21.0,0,-2.0
decision,gas224,diagonal_transfer,266,307.80000000000075,7333.3,5.2,2,24,23.0,21.0,0,-2.0
decision,gas224,diagonal_transfer,532,307.80000000000075,7333.3,5.2,2,24,23.0,21.0,0,-2.0
decision,gas224,joint_transfer,0,0.0,7025.5,0.0,0,0,0.0,0.0,21,0.0
decision,gas224,joint_transfer,130,240.80000000000055,7266.3,3.6,1,17,21.0,21.0,3,-2.0
decision,gas224,joint_transfer,133,240.80000000000055,7266.3,3.6,1,17,21.0,21.0,3,-2.0
decision,gas224,joint_transfer,260,273.2000000000007,7298.7,4.2,1,20,21.0,21.0,0,-2.0
decision,gas224,joint_transfer,266,273.2000000000007,7298.7,4.2,1,20,21.0,21.0,0,-2.0
decision,gas224,joint_transfer,532,273.2000000000007,7298.7,4.2,1,20,21.0,21.0,0,-2.0
decision,gas224,full_transfer,0,0.0,7025.5,0.0,0,0,0.0,0.0,27,0.0
decision,gas224,full_transfer,130,263.6000000000007,7289.1,4.6,2,21,23.0,21.0,4,-2.0
decision,gas224,full_transfer,133,283.4000000000007,7308.9,4.8,2,22,23.0,21.0,3,-2.0
decision,gas224,full_transfer,260,315.8000000000009,7341.3,5.4,2,25,23.0,21.0,0,-2.0
decision,gas224,full_transfer,266,315.8000000000009,7341.3,5.4,2,25,23.0,21.0,0,-2.0
decision,gas224,full_transfer,532,315.8000000000009,7341.3,5.4,2,25,23.0,21.0,0,-2.0
decision,gas224,bound_only,0,0.0,7025.5,0.0,0,0,0.0,0.0,27,0.0
decision,gas224,bound_only,130,263.6000000000007,7289.1,4.6,2,21,23.0,21.0,4,-2.0
decision,gas224,bound_only,133,283.4000000000007,7308.9,4.8,2,22,23.0,21.0,3,-2.0
decision,gas224,bound_only,260,315.8000000000009,7341.3,5.4,2,25,23.0,21.0,0,-2.0
decision,gas224,bound_only,266,315.8000000000009,7341.3,5.4,2,25,23.0,21.0,0,-2.0
decision,gas224,bound_only,532,315.8000000000009,7341.3,5.4,2,25,23.0,21.0,0,-2.0
decision,gas224,point_transfer,0,0.0,7025.5,0.0,0,0,0.0,0.0,56,0.0
decision,gas224,point_transfer,130,108.60000000000055,7134.1,3.4,8,9,129.0,35.0,39,-2.0
decision,gas224,point_transfer,133,113.00000000000054,7138.5,3.8,9,10,145.0,42.0,37,-2.0
decision,gas224,point_transfer,260,446.0000000000009,7471.5,11.2,10,46,147.0,42.0,0,-2.0
decision,gas224,point_transfer,266,446.0000000000009,7471.5,11.2,10,46,147.0,42.0,0,-2.0
decision,gas224,point_transfer,532,446.0000000000009,7471.5,11.2,10,46,147.0,42.0,0,-2.0
decision,gas224,kish_adaptive,0,0.0,7025.5,0.0,0,0,0.0,0.0,26,0.0
decision,gas224,kish_adaptive,130,255.60000000000053,7281.1,4.4,2,20,23.0,21.0,4,-2.0
decision,gas224,kish_adaptive,133,275.40000000000055,7300.9,4.6,2,21,23.0,21.0,3,-2.0
decision,gas224,kish_adaptive,260,307.80000000000075,7333.3,5.2,2,24,23.0,21.0,0,-2.0
decision,gas224,kish_adaptive,266,307.80000000000075,7333.3,5.2,2,24,23.0,21.0,0,-2.0
decision,gas224,kish_adaptive,532,307.80000000000075,7333.3,5.2,2,24,23.0,21.0,0,-2.0
decision,gas224,pdf_point,0,0.0,7025.5,0.0,0,0,0.0,0.0,41,0.0
decision,gas224,pdf_point,130,303.0000000000009,7328.5,6.8,5,29,51.0,20.0,7,-2.0
decision,gas224,pdf_point,133,322.8000000000009,7348.3,7.0,5,30,51.0,20.0,6,-2.0
decision,gas224,pdf_point,260,403.0000000000009,7428.5,8.2,5,36,51.0,20.0,0,-2.0
decision,gas224,pdf_point,266,403.0000000000009,7428.5,8.2,5,36,51.0,20.0,0,-2.0
decision,gas224,pdf_point,532,403.0000000000009,7428.5,8.2,5,36,51.0,20.0,0,-2.0
decision,gas224,pdf_calibrated,0,0.0,7025.5,0.0,0,0,0.0,0.0,30,0.0
decision,gas224,pdf_calibrated,130,363.60000000000093,7389.1,6.0,1,29,16.0,16.0,0,-2.0
decision,gas224,pdf_calibrated,133,363.60000000000093,7389.1,6.0,1,29,16.0,16.0,0,-2.0
decision,gas224,pdf_calibrated,260,363.60000000000093,7389.1,6.0,1,29,16.0,16.0,0,-2.0
decision,gas224,pdf_calibrated,266,363.60000000000093,7389.1,6.0,1,29,16.0,16.0,0,-2.0
decision,gas224,pdf_calibrated,532,363.60000000000093,7389.1,6.0,1,29,16.0,16.0,0,-2.0
decision,gas224,qmf_point,0,0.0,7025.5,0.0,0,0,0.0,0.0,43,0.0
decision,gas224,qmf_point,130,300.4000000000009,7325.9,7.0,6,29,56.0,25.0,8,-2.0
decision,gas224,qmf_point,133,320.2000000000009,7345.7,7.2,6,30,56.0,25.0,7,-2.0
decision,gas224,qmf_point,260,402.60000000000093,7428.1,8.6,6,37,56.0,25.0,0,-2.0
decision,gas224,qmf_point,266,402.60000000000093,7428.1,8.6,6,37,56.0,25.0,0,-2.0
decision,gas224,qmf_point,532,402.60000000000093,7428.1,8.6,6,37,56.0,25.0,0,-2.0
decision,gas224,qmf_calibrated,0,0.0,7025.5,0.0,0,0,0.0,0.0,17,0.0
decision,gas224,qmf_calibrated,130,258.00000000000057,7283.5,3.4,0,17,0.0,0.0,0,-2.0
decision,gas224,qmf_calibrated,133,258.00000000000057,7283.5,3.4,0,17,0.0,0.0,0,-2.0
decision,gas224,qmf_calibrated,260,258.00000000000057,7283.5,3.4,0,17,0.0,0.0,0,-2.0
decision,gas224,qmf_calibrated,266,258.00000000000057,7283.5,3.4,0,17,0.0,0.0,0,-2.0
decision,gas224,qmf_calibrated,532,258.00000000000057,7283.5,3.4,0,17,0.0,0.0,0,-2.0
decision,dsads256,mean_transfer,0,0.0,2803.76,0.0,0,0,0.0,0.0,5,0.0
decision,dsads256,mean_transfer,130,4.0,2807.76,1.0,0,5,0.0,0.0,0,-3.0
decision,dsads256,mean_transfer,133,4.0,2807.76,1.0,0,5,0.0,0.0,0,-3.0
decision,dsads256,mean_transfer,260,4.0,2807.76,1.0,0,5,0.0,0.0,0,-3.0
decision,dsads256,mean_transfer,266,4.0,2807.76,1.0,0,5,0.0,0.0,0,-3.0
decision,dsads256,mean_transfer,532,4.0,2807.76,1.0,0,5,0.0,0.0,0,-3.0
decision,dsads256,diagonal_transfer,0,0.0,2803.76,0.0,0,0,0.0,0.0,5,0.0
decision,dsads256,diagonal_transfer,130,4.0,2807.76,1.0,0,5,0.0,0.0,0,-3.0
decision,dsads256,diagonal_transfer,133,4.0,2807.76,1.0,0,5,0.0,0.0,0,-3.0
decision,dsads256,diagonal_transfer,260,4.0,2807.76,1.0,0,5,0.0,0.0,0,-3.0
decision,dsads256,diagonal_transfer,266,4.0,2807.76,1.0,0,5,0.0,0.0,0,-3.0
decision,dsads256,diagonal_transfer,532,4.0,2807.76,1.0,0,5,0.0,0.0,0,-3.0
decision,dsads256,joint_transfer,0,0.0,2803.76,0.0,0,0,0.0,0.0,5,0.0
decision,dsads256,joint_transfer,130,4.0,2807.76,1.0,0,5,0.0,0.0,0,-3.0
decision,dsads256,joint_transfer,133,4.0,2807.76,1.0,0,5,0.0,0.0,0,-3.0
decision,dsads256,joint_transfer,260,4.0,2807.76,1.0,0,5,0.0,0.0,0,-3.0
decision,dsads256,joint_transfer,266,4.0,2807.76,1.0,0,5,0.0,0.0,0,-3.0
decision,dsads256,joint_transfer,532,4.0,2807.76,1.0,0,5,0.0,0.0,0,-3.0
decision,dsads256,full_transfer,0,0.0,2803.76,0.0,0,0,0.0,0.0,5,0.0
decision,dsads256,full_transfer,130,4.0,2807.76,1.0,0,5,0.0,0.0,0,-3.0
decision,dsads256,full_transfer,133,4.0,2807.76,1.0,0,5,0.0,0.0,0,-3.0
decision,dsads256,full_transfer,260,4.0,2807.76,1.0,0,5,0.0,0.0,0,-3.0
decision,dsads256,full_transfer,266,4.0,2807.76,1.0,0,5,0.0,0.0,0,-3.0
decision,dsads256,full_transfer,532,4.0,2807.76,1.0,0,5,0.0,0.0,0,-3.0
decision,dsads256,bound_only,0,0.0,2803.76,0.0,0,0,0.0,0.0,5,0.0
decision,dsads256,bound_only,130,4.0,2807.76,1.0,0,5,0.0,0.0,0,-3.0
decision,dsads256,bound_only,133,4.0,2807.76,1.0,0,5,0.0,0.0,0,-3.0
decision,dsads256,bound_only,260,4.0,2807.76,1.0,0,5,0.0,0.0,0,-3.0
decision,dsads256,bound_only,266,4.0,2807.76,1.0,0,5,0.0,0.0,0,-3.0
decision,dsads256,bound_only,532,4.0,2807.76,1.0,0,5,0.0,0.0,0,-3.0
decision,dsads256,point_transfer,0,0.0,2803.76,0.0,0,0,0.0,0.0,11,0.0
decision,dsads256,point_transfer,130,-6.2,2797.5600000000004,2.2,6,5,51.0,33.0,0,-33.0
decision,dsads256,point_transfer,133,-6.2,2797.5600000000004,2.2,6,5,51.0,33.0,0,-33.0
decision,dsads256,point_transfer,260,-6.2,2797.5600000000004,2.2,6,5,51.0,33.0,0,-33.0
decision,dsads256,point_transfer,266,-6.2,2797.5600000000004,2.2,6,5,51.0,33.0,0,-33.0
decision,dsads256,point_transfer,532,-6.2,2797.5600000000004,2.2,6,5,51.0,33.0,0,-33.0
decision,dsads256,kish_adaptive,0,0.0,2803.76,0.0,0,0,0.0,0.0,5,0.0
decision,dsads256,kish_adaptive,130,4.0,2807.76,1.0,0,5,0.0,0.0,0,-3.0
decision,dsads256,kish_adaptive,133,4.0,2807.76,1.0,0,5,0.0,0.0,0,-3.0
decision,dsads256,kish_adaptive,260,4.0,2807.76,1.0,0,5,0.0,0.0,0,-3.0
decision,dsads256,kish_adaptive,266,4.0,2807.76,1.0,0,5,0.0,0.0,0,-3.0
decision,dsads256,kish_adaptive,532,4.0,2807.76,1.0,0,5,0.0,0.0,0,-3.0
decision,dsads256,pdf_point,0,0.0,2803.76,0.0,0,0,0.0,0.0,12,0.0
decision,dsads256,pdf_point,130,-9.2,2794.5600000000004,2.2,7,4,64.0,33.0,1,-33.0
decision,dsads256,pdf_point,133,-8.8,2794.96,2.4,7,5,64.0,33.0,0,-33.0
decision,dsads256,pdf_point,260,-8.8,2794.96,2.4,7,5,64.0,33.0,0,-33.0
decision,dsads256,pdf_point,266,-8.8,2794.96,2.4,7,5,64.0,33.0,0,-33.0
decision,dsads256,pdf_point,532,-8.8,2794.96,2.4,7,5,64.0,33.0,0,-33.0
decision,dsads256,pdf_calibrated,0,0.0,2803.76,0.0,0,0,0.0,0.0,5,0.0
decision,dsads256,pdf_calibrated,130,4.0,2807.76,1.0,0,5,0.0,0.0,0,-3.0
decision,dsads256,pdf_calibrated,133,4.0,2807.76,1.0,0,5,0.0,0.0,0,-3.0
decision,dsads256,pdf_calibrated,260,4.0,2807.76,1.0,0,5,0.0,0.0,0,-3.0
decision,dsads256,pdf_calibrated,266,4.0,2807.76,1.0,0,5,0.0,0.0,0,-3.0
decision,dsads256,pdf_calibrated,532,4.0,2807.76,1.0,0,5,0.0,0.0,0,-3.0
decision,dsads256,qmf_point,0,0.0,2803.76,0.0,0,0,0.0,0.0,14,0.0
decision,dsads256,qmf_point,130,-12.2,2791.5600000000004,2.6,9,4,79.0,33.0,1,-33.0
decision,dsads256,qmf_point,133,-11.8,2791.96,2.8,9,5,79.0,33.0,0,-33.0
decision,dsads256,qmf_point,260,-11.8,2791.96,2.8,9,5,79.0,33.0,0,-33.0
decision,dsads256,qmf_point,266,-11.8,2791.96,2.8,9,5,79.0,33.0,0,-33.0
decision,dsads256,qmf_point,532,-11.8,2791.96,2.8,9,5,79.0,33.0,0,-33.0
decision,dsads256,qmf_calibrated,0,0.0,2803.76,0.0,0,0,0.0,0.0,9,0.0
decision,dsads256,qmf_calibrated,130,-4.6,2799.1600000000003,1.8,4,5,43.0,21.0,0,-21.0
decision,dsads256,qmf_calibrated,133,-4.6,2799.1600000000003,1.8,4,5,43.0,21.0,0,-21.0
decision,dsads256,qmf_calibrated,260,-4.6,2799.1600000000003,1.8,4,5,43.0,21.0,0,-21.0
decision,dsads256,qmf_calibrated,266,-4.6,2799.1600000000003,1.8,4,5,43.0,21.0,0,-21.0
decision,dsads256,qmf_calibrated,532,-4.6,2799.1600000000003,1.8,4,5,43.0,21.0,0,-21.0
fixed133,occupancy357,mean_transfer,0,0.0,7965.9,0.0,0,0,0.0,0.0,2,0.0
fixed133,occupancy357,mean_transfer,130,0.0,7965.9,0.0,0,0,0.0,0.0,2,0.0
fixed133,occupancy357,mean_transfer,133,-0.2,7965.7,0.4,1,1,2.0,2.0,0,-4.0
fixed133,occupancy357,mean_transfer,260,-0.2,7965.7,0.4,1,1,2.0,2.0,0,-4.0
fixed133,occupancy357,mean_transfer,266,-0.2,7965.7,0.4,1,1,2.0,2.0,0,-4.0
fixed133,occupancy357,mean_transfer,532,-0.2,7965.7,0.4,1,1,2.0,2.0,0,-4.0
fixed133,occupancy357,diagonal_transfer,0,0.0,7965.9,0.0,0,0,0.0,0.0,2,0.0
fixed133,occupancy357,diagonal_transfer,130,0.0,7965.9,0.0,0,0,0.0,0.0,2,0.0
fixed133,occupancy357,diagonal_transfer,133,-0.2,7965.7,0.4,1,1,2.0,2.0,0,-4.0
fixed133,occupancy357,diagonal_transfer,260,-0.2,7965.7,0.4,1,1,2.0,2.0,0,-4.0
fixed133,occupancy357,diagonal_transfer,266,-0.2,7965.7,0.4,1,1,2.0,2.0,0,-4.0
fixed133,occupancy357,diagonal_transfer,532,-0.2,7965.7,0.4,1,1,2.0,2.0,0,-4.0
fixed133,occupancy357,joint_transfer,0,0.0,7965.9,0.0,0,0,0.0,0.0,0,0.0
fixed133,occupancy357,joint_transfer,130,0.0,7965.9,0.0,0,0,0.0,0.0,0,0.0
fixed133,occupancy357,joint_transfer,133,0.0,7965.9,0.0,0,0,0.0,0.0,0,0.0
fixed133,occupancy357,joint_transfer,260,0.0,7965.9,0.0,0,0,0.0,0.0,0,0.0
fixed133,occupancy357,joint_transfer,266,0.0,7965.9,0.0,0,0,0.0,0.0,0,0.0
fixed133,occupancy357,joint_transfer,532,0.0,7965.9,0.0,0,0,0.0,0.0,0,0.0
fixed133,occupancy357,full_transfer,0,0.0,7965.9,0.0,0,0,0.0,0.0,1,0.0
fixed133,occupancy357,full_transfer,130,0.0,7965.9,0.0,0,0,0.0,0.0,1,0.0
fixed133,occupancy357,full_transfer,133,0.2,7966.1,0.2,0,1,0.0,0.0,0,-4.0
fixed133,occupancy357,full_transfer,260,0.2,7966.1,0.2,0,1,0.0,0.0,0,-4.0
fixed133,occupancy357,full_transfer,266,0.2,7966.1,0.2,0,1,0.0,0.0,0,-4.0
fixed133,occupancy357,full_transfer,532,0.2,7966.1,0.2,0,1,0.0,0.0,0,-4.0
fixed133,occupancy357,bound_only,0,0.0,7965.9,0.0,0,0,0.0,0.0,1,0.0
fixed133,occupancy357,bound_only,130,0.0,7965.9,0.0,0,0,0.0,0.0,1,0.0
fixed133,occupancy357,bound_only,133,0.2,7966.1,0.2,0,1,0.0,0.0,0,-4.0
fixed133,occupancy357,bound_only,260,0.2,7966.1,0.2,0,1,0.0,0.0,0,-4.0
fixed133,occupancy357,bound_only,266,0.2,7966.1,0.2,0,1,0.0,0.0,0,-4.0
fixed133,occupancy357,bound_only,532,0.2,7966.1,0.2,0,1,0.0,0.0,0,-4.0
fixed133,occupancy357,point_transfer,0,0.0,7965.9,0.0,0,0,0.0,0.0,2,0.0
fixed133,occupancy357,point_transfer,130,0.0,7965.9,0.0,0,0,0.0,0.0,2,0.0
fixed133,occupancy357,point_transfer,133,-0.2,7965.7,0.4,1,1,2.0,2.0,0,-4.0
fixed133,occupancy357,point_transfer,260,-0.2,7965.7,0.4,1,1,2.0,2.0,0,-4.0
fixed133,occupancy357,point_transfer,266,-0.2,7965.7,0.4,1,1,2.0,2.0,0,-4.0
fixed133,occupancy357,point_transfer,532,-0.2,7965.7,0.4,1,1,2.0,2.0,0,-4.0
fixed133,occupancy357,kish_adaptive,0,0.0,7965.9,0.0,0,0,0.0,0.0,1,0.0
fixed133,occupancy357,kish_adaptive,130,0.0,7965.9,0.0,0,0,0.0,0.0,1,0.0
fixed133,occupancy357,kish_adaptive,133,0.2,7966.1,0.2,0,1,0.0,0.0,0,-4.0
fixed133,occupancy357,kish_adaptive,260,0.2,7966.1,0.2,0,1,0.0,0.0,0,-4.0
fixed133,occupancy357,kish_adaptive,266,0.2,7966.1,0.2,0,1,0.0,0.0,0,-4.0
fixed133,occupancy357,kish_adaptive,532,0.2,7966.1,0.2,0,1,0.0,0.0,0,-4.0
fixed133,occupancy357,pdf_point,0,0.0,7965.9,0.0,0,0,0.0,0.0,0,0.0
fixed133,occupancy357,pdf_point,130,0.0,7965.9,0.0,0,0,0.0,0.0,0,0.0
fixed133,occupancy357,pdf_point,133,0.0,7965.9,0.0,0,0,0.0,0.0,0,0.0
fixed133,occupancy357,pdf_point,260,0.0,7965.9,0.0,0,0,0.0,0.0,0,0.0
fixed133,occupancy357,pdf_point,266,0.0,7965.9,0.0,0,0,0.0,0.0,0,0.0
fixed133,occupancy357,pdf_point,532,0.0,7965.9,0.0,0,0,0.0,0.0,0,0.0
fixed133,occupancy357,pdf_calibrated,0,0.0,7965.9,0.0,0,0,0.0,0.0,0,0.0
fixed133,occupancy357,pdf_calibrated,130,0.0,7965.9,0.0,0,0,0.0,0.0,0,0.0
fixed133,occupancy357,pdf_calibrated,133,0.0,7965.9,0.0,0,0,0.0,0.0,0,0.0
fixed133,occupancy357,pdf_calibrated,260,0.0,7965.9,0.0,0,0,0.0,0.0,0,0.0
fixed133,occupancy357,pdf_calibrated,266,0.0,7965.9,0.0,0,0,0.0,0.0,0,0.0
fixed133,occupancy357,pdf_calibrated,532,0.0,7965.9,0.0,0,0,0.0,0.0,0,0.0
fixed133,occupancy357,qmf_point,0,0.0,7965.9,0.0,0,0,0.0,0.0,0,0.0
fixed133,occupancy357,qmf_point,130,0.0,7965.9,0.0,0,0,0.0,0.0,0,0.0
fixed133,occupancy357,qmf_point,133,0.0,7965.9,0.0,0,0,0.0,0.0,0,0.0
fixed133,occupancy357,qmf_point,260,0.0,7965.9,0.0,0,0,0.0,0.0,0,0.0
fixed133,occupancy357,qmf_point,266,0.0,7965.9,0.0,0,0,0.0,0.0,0,0.0
fixed133,occupancy357,qmf_point,532,0.0,7965.9,0.0,0,0,0.0,0.0,0,0.0
fixed133,occupancy357,qmf_calibrated,0,0.0,7965.9,0.0,0,0,0.0,0.0,0,0.0
fixed133,occupancy357,qmf_calibrated,130,0.0,7965.9,0.0,0,0,0.0,0.0,0,0.0
fixed133,occupancy357,qmf_calibrated,133,0.0,7965.9,0.0,0,0,0.0,0.0,0,0.0
fixed133,occupancy357,qmf_calibrated,260,0.0,7965.9,0.0,0,0,0.0,0.0,0,0.0
fixed133,occupancy357,qmf_calibrated,266,0.0,7965.9,0.0,0,0,0.0,0.0,0,0.0
fixed133,occupancy357,qmf_calibrated,532,0.0,7965.9,0.0,0,0,0.0,0.0,0,0.0
fixed133,occupancy864,mean_transfer,0,0.0,3782.56,0.0,0,0,0.0,0.0,3,0.0
fixed133,occupancy864,mean_transfer,130,0.0,3782.56,0.0,0,0,0.0,0.0,3,0.0
fixed133,occupancy864,mean_transfer,133,-22.6,3759.96,0.6,3,0,113.0,38.0,0,-38.0
fixed133,occupancy864,mean_transfer,260,-22.6,3759.96,0.6,3,0,113.0,38.0,0,-38.0
fixed133,occupancy864,mean_transfer,266,-22.6,3759.96,0.6,3,0,113.0,38.0,0,-38.0
fixed133,occupancy864,mean_transfer,532,-22.6,3759.96,0.6,3,0,113.0,38.0,0,-38.0
fixed133,occupancy864,diagonal_transfer,0,0.0,3782.56,0.0,0,0,0.0,0.0,3,0.0
fixed133,occupancy864,diagonal_transfer,130,0.0,3782.56,0.0,0,0,0.0,0.0,3,0.0
fixed133,occupancy864,diagonal_transfer,133,-22.6,3759.96,0.6,3,0,113.0,38.0,0,-38.0
fixed133,occupancy864,diagonal_transfer,260,-22.6,3759.96,0.6,3,0,113.0,38.0,0,-38.0
fixed133,occupancy864,diagonal_transfer,266,-22.6,3759.96,0.6,3,0,113.0,38.0,0,-38.0
fixed133,occupancy864,diagonal_transfer,532,-22.6,3759.96,0.6,3,0,113.0,38.0,0,-38.0
fixed133,occupancy864,joint_transfer,0,0.0,3782.56,0.0,0,0,0.0,0.0,3,0.0
fixed133,occupancy864,joint_transfer,130,0.0,3782.56,0.0,0,0,0.0,0.0,3,0.0
fixed133,occupancy864,joint_transfer,133,-22.6,3759.96,0.6,3,0,113.0,38.0,0,-38.0
fixed133,occupancy864,joint_transfer,260,-22.6,3759.96,0.6,3,0,113.0,38.0,0,-38.0
fixed133,occupancy864,joint_transfer,266,-22.6,3759.96,0.6,3,0,113.0,38.0,0,-38.0
fixed133,occupancy864,joint_transfer,532,-22.6,3759.96,0.6,3,0,113.0,38.0,0,-38.0
fixed133,occupancy864,full_transfer,0,0.0,3782.56,0.0,0,0,0.0,0.0,2,0.0
fixed133,occupancy864,full_transfer,130,0.0,3782.56,0.0,0,0,0.0,0.0,2,0.0
fixed133,occupancy864,full_transfer,133,-15.0,3767.56,0.4,2,0,75.0,38.0,0,-38.0
fixed133,occupancy864,full_transfer,260,-15.0,3767.56,0.4,2,0,75.0,38.0,0,-38.0
fixed133,occupancy864,full_transfer,266,-15.0,3767.56,0.4,2,0,75.0,38.0,0,-38.0
fixed133,occupancy864,full_transfer,532,-15.0,3767.56,0.4,2,0,75.0,38.0,0,-38.0
fixed133,occupancy864,bound_only,0,0.0,3782.56,0.0,0,0,0.0,0.0,2,0.0
fixed133,occupancy864,bound_only,130,0.0,3782.56,0.0,0,0,0.0,0.0,2,0.0
fixed133,occupancy864,bound_only,133,-15.0,3767.56,0.4,2,0,75.0,38.0,0,-38.0
fixed133,occupancy864,bound_only,260,-15.0,3767.56,0.4,2,0,75.0,38.0,0,-38.0
fixed133,occupancy864,bound_only,266,-15.0,3767.56,0.4,2,0,75.0,38.0,0,-38.0
fixed133,occupancy864,bound_only,532,-15.0,3767.56,0.4,2,0,75.0,38.0,0,-38.0
fixed133,occupancy864,point_transfer,0,0.0,3782.56,0.0,0,0,0.0,0.0,4,0.0
fixed133,occupancy864,point_transfer,130,0.0,3782.56,0.0,0,0,0.0,0.0,4,0.0
fixed133,occupancy864,point_transfer,133,-25.8,3756.7599999999998,0.8,4,0,129.0,38.0,0,-38.0
fixed133,occupancy864,point_transfer,260,-25.8,3756.7599999999998,0.8,4,0,129.0,38.0,0,-38.0
fixed133,occupancy864,point_transfer,266,-25.8,3756.7599999999998,0.8,4,0,129.0,38.0,0,-38.0
fixed133,occupancy864,point_transfer,532,-25.8,3756.7599999999998,0.8,4,0,129.0,38.0,0,-38.0
fixed133,occupancy864,kish_adaptive,0,0.0,3782.56,0.0,0,0,0.0,0.0,3,0.0
fixed133,occupancy864,kish_adaptive,130,0.0,3782.56,0.0,0,0,0.0,0.0,3,0.0
fixed133,occupancy864,kish_adaptive,133,-22.6,3759.96,0.6,3,0,113.0,38.0,0,-38.0
fixed133,occupancy864,kish_adaptive,260,-22.6,3759.96,0.6,3,0,113.0,38.0,0,-38.0
fixed133,occupancy864,kish_adaptive,266,-22.6,3759.96,0.6,3,0,113.0,38.0,0,-38.0
fixed133,occupancy864,kish_adaptive,532,-22.6,3759.96,0.6,3,0,113.0,38.0,0,-38.0
fixed133,occupancy864,pdf_point,0,0.0,3782.56,0.0,0,0,0.0,0.0,0,0.0
fixed133,occupancy864,pdf_point,130,0.0,3782.56,0.0,0,0,0.0,0.0,0,0.0
fixed133,occupancy864,pdf_point,133,0.0,3782.56,0.0,0,0,0.0,0.0,0,0.0
fixed133,occupancy864,pdf_point,260,0.0,3782.56,0.0,0,0,0.0,0.0,0,0.0
fixed133,occupancy864,pdf_point,266,0.0,3782.56,0.0,0,0,0.0,0.0,0,0.0
fixed133,occupancy864,pdf_point,532,0.0,3782.56,0.0,0,0,0.0,0.0,0,0.0
fixed133,occupancy864,pdf_calibrated,0,0.0,3782.56,0.0,0,0,0.0,0.0,0,0.0
fixed133,occupancy864,pdf_calibrated,130,0.0,3782.56,0.0,0,0,0.0,0.0,0,0.0
fixed133,occupancy864,pdf_calibrated,133,0.0,3782.56,0.0,0,0,0.0,0.0,0,0.0
fixed133,occupancy864,pdf_calibrated,260,0.0,3782.56,0.0,0,0,0.0,0.0,0,0.0
fixed133,occupancy864,pdf_calibrated,266,0.0,3782.56,0.0,0,0,0.0,0.0,0,0.0
fixed133,occupancy864,pdf_calibrated,532,0.0,3782.56,0.0,0,0,0.0,0.0,0,0.0
fixed133,occupancy864,qmf_point,0,0.0,3782.56,0.0,0,0,0.0,0.0,0,0.0
fixed133,occupancy864,qmf_point,130,0.0,3782.56,0.0,0,0,0.0,0.0,0,0.0
fixed133,occupancy864,qmf_point,133,0.0,3782.56,0.0,0,0,0.0,0.0,0,0.0
fixed133,occupancy864,qmf_point,260,0.0,3782.56,0.0,0,0,0.0,0.0,0,0.0
fixed133,occupancy864,qmf_point,266,0.0,3782.56,0.0,0,0,0.0,0.0,0,0.0
fixed133,occupancy864,qmf_point,532,0.0,3782.56,0.0,0,0,0.0,0.0,0,0.0
fixed133,occupancy864,qmf_calibrated,0,0.0,3782.56,0.0,0,0,0.0,0.0,0,0.0
fixed133,occupancy864,qmf_calibrated,130,0.0,3782.56,0.0,0,0,0.0,0.0,0,0.0
fixed133,occupancy864,qmf_calibrated,133,0.0,3782.56,0.0,0,0,0.0,0.0,0,0.0
fixed133,occupancy864,qmf_calibrated,260,0.0,3782.56,0.0,0,0,0.0,0.0,0,0.0
fixed133,occupancy864,qmf_calibrated,266,0.0,3782.56,0.0,0,0,0.0,0.0,0,0.0
fixed133,occupancy864,qmf_calibrated,532,0.0,3782.56,0.0,0,0,0.0,0.0,0,0.0
fixed133,mhealth319,mean_transfer,0,0.0,1521.24,0.0,0,0,0.0,0.0,12,0.0
fixed133,mhealth319,mean_transfer,130,0.0,1521.24,0.0,0,0,0.0,0.0,12,0.0
fixed133,mhealth319,mean_transfer,133,-18.8,1502.44,1.0,5,0,94.0,22.0,7,-22.0
fixed133,mhealth319,mean_transfer,260,-30.0,1491.24,2.4,12,0,150.0,45.0,0,-45.0
fixed133,mhealth319,mean_transfer,266,-30.0,1491.24,2.4,12,0,150.0,45.0,0,-45.0
fixed133,mhealth319,mean_transfer,532,-30.0,1491.24,2.4,12,0,150.0,45.0,0,-45.0
fixed133,mhealth319,diagonal_transfer,0,0.0,1521.24,0.0,0,0,0.0,0.0,14,0.0
fixed133,mhealth319,diagonal_transfer,130,0.0,1521.24,0.0,0,0,0.0,0.0,14,0.0
fixed133,mhealth319,diagonal_transfer,133,-18.8,1502.44,1.0,5,0,94.0,22.0,9,-22.0
fixed133,mhealth319,diagonal_transfer,260,-33.8,1487.44,2.8,14,0,169.0,45.0,0,-45.0
fixed133,mhealth319,diagonal_transfer,266,-33.8,1487.44,2.8,14,0,169.0,45.0,0,-45.0
fixed133,mhealth319,diagonal_transfer,532,-33.8,1487.44,2.8,14,0,169.0,45.0,0,-45.0
fixed133,mhealth319,joint_transfer,0,0.0,1521.24,0.0,0,0,0.0,0.0,12,0.0
fixed133,mhealth319,joint_transfer,130,0.0,1521.24,0.0,0,0,0.0,0.0,12,0.0
fixed133,mhealth319,joint_transfer,133,-18.8,1502.44,1.0,5,0,94.0,22.0,7,-22.0
fixed133,mhealth319,joint_transfer,260,-30.0,1491.24,2.4,12,0,150.0,45.0,0,-45.0
fixed133,mhealth319,joint_transfer,266,-30.0,1491.24,2.4,12,0,150.0,45.0,0,-45.0
fixed133,mhealth319,joint_transfer,532,-30.0,1491.24,2.4,12,0,150.0,45.0,0,-45.0
fixed133,mhealth319,full_transfer,0,0.0,1521.24,0.0,0,0,0.0,0.0,6,0.0
fixed133,mhealth319,full_transfer,130,0.0,1521.24,0.0,0,0,0.0,0.0,6,0.0
fixed133,mhealth319,full_transfer,133,-19.6,1501.6399999999999,1.0,5,0,98.0,22.0,1,-22.0
fixed133,mhealth319,full_transfer,260,-21.2,1500.04,1.2,6,0,106.0,30.0,0,-31.0
fixed133,mhealth319,full_transfer,266,-21.2,1500.04,1.2,6,0,106.0,30.0,0,-31.0
fixed133,mhealth319,full_transfer,532,-21.2,1500.04,1.2,6,0,106.0,30.0,0,-31.0
fixed133,mhealth319,bound_only,0,0.0,1521.24,0.0,0,0,0.0,0.0,6,0.0
fixed133,mhealth319,bound_only,130,0.0,1521.24,0.0,0,0,0.0,0.0,6,0.0
fixed133,mhealth319,bound_only,133,-19.6,1501.6399999999999,1.0,5,0,98.0,22.0,1,-22.0
fixed133,mhealth319,bound_only,260,-21.2,1500.04,1.2,6,0,106.0,30.0,0,-31.0
fixed133,mhealth319,bound_only,266,-21.2,1500.04,1.2,6,0,106.0,30.0,0,-31.0
fixed133,mhealth319,bound_only,532,-21.2,1500.04,1.2,6,0,106.0,30.0,0,-31.0
fixed133,mhealth319,point_transfer,0,0.0,1521.24,0.0,0,0,0.0,0.0,22,0.0
fixed133,mhealth319,point_transfer,130,0.0,1521.24,0.0,0,0,0.0,0.0,22,0.0
fixed133,mhealth319,point_transfer,133,-18.8,1502.44,1.0,5,0,94.0,22.0,17,-22.0
fixed133,mhealth319,point_transfer,260,-44.8,1476.44,4.4,22,0,224.0,50.0,0,-50.0
fixed133,mhealth319,point_transfer,266,-44.8,1476.44,4.4,22,0,224.0,50.0,0,-50.0
fixed133,mhealth319,point_transfer,532,-44.8,1476.44,4.4,22,0,224.0,50.0,0,-50.0
fixed133,mhealth319,kish_adaptive,0,0.0,1521.24,0.0,0,0,0.0,0.0,7,0.0
fixed133,mhealth319,kish_adaptive,130,0.0,1521.24,0.0,0,0,0.0,0.0,7,0.0
fixed133,mhealth319,kish_adaptive,133,-19.6,1501.6399999999999,1.0,5,0,98.0,22.0,2,-22.0
fixed133,mhealth319,kish_adaptive,260,-24.8,1496.44,1.4,7,0,124.0,40.0,0,-40.0
fixed133,mhealth319,kish_adaptive,266,-24.8,1496.44,1.4,7,0,124.0,40.0,0,-40.0
fixed133,mhealth319,kish_adaptive,532,-24.8,1496.44,1.4,7,0,124.0,40.0,0,-40.0
fixed133,mhealth319,pdf_point,0,0.0,1521.24,0.0,0,0,0.0,0.0,22,0.0
fixed133,mhealth319,pdf_point,130,0.0,1521.24,0.0,0,0,0.0,0.0,22,0.0
fixed133,mhealth319,pdf_point,133,-18.8,1502.44,1.0,5,0,94.0,22.0,17,-22.0
fixed133,mhealth319,pdf_point,260,-44.8,1476.44,4.4,22,0,224.0,50.0,0,-50.0
fixed133,mhealth319,pdf_point,266,-44.8,1476.44,4.4,22,0,224.0,50.0,0,-50.0
fixed133,mhealth319,pdf_point,532,-44.8,1476.44,4.4,22,0,224.0,50.0,0,-50.0
fixed133,mhealth319,pdf_calibrated,0,0.0,1521.24,0.0,0,0,0.0,0.0,14,0.0
fixed133,mhealth319,pdf_calibrated,130,0.0,1521.24,0.0,0,0,0.0,0.0,14,0.0
fixed133,mhealth319,pdf_calibrated,133,-18.8,1502.44,1.0,5,0,94.0,22.0,9,-22.0
fixed133,mhealth319,pdf_calibrated,260,-33.8,1487.44,2.8,14,0,169.0,45.0,0,-45.0
fixed133,mhealth319,pdf_calibrated,266,-33.8,1487.44,2.8,14,0,169.0,45.0,0,-45.0
fixed133,mhealth319,pdf_calibrated,532,-33.8,1487.44,2.8,14,0,169.0,45.0,0,-45.0
fixed133,mhealth319,qmf_point,0,0.0,1521.24,0.0,0,0,0.0,0.0,22,0.0
fixed133,mhealth319,qmf_point,130,0.0,1521.24,0.0,0,0,0.0,0.0,22,0.0
fixed133,mhealth319,qmf_point,133,-18.8,1502.44,1.0,5,0,94.0,22.0,17,-22.0
fixed133,mhealth319,qmf_point,260,-44.8,1476.44,4.4,22,0,224.0,50.0,0,-50.0
fixed133,mhealth319,qmf_point,266,-44.8,1476.44,4.4,22,0,224.0,50.0,0,-50.0
fixed133,mhealth319,qmf_point,532,-44.8,1476.44,4.4,22,0,224.0,50.0,0,-50.0
fixed133,mhealth319,qmf_calibrated,0,0.0,1521.24,0.0,0,0,0.0,0.0,14,0.0
fixed133,mhealth319,qmf_calibrated,130,0.0,1521.24,0.0,0,0,0.0,0.0,14,0.0
fixed133,mhealth319,qmf_calibrated,133,-18.8,1502.44,1.0,5,0,94.0,22.0,9,-22.0
fixed133,mhealth319,qmf_calibrated,260,-33.8,1487.44,2.8,14,0,169.0,45.0,0,-45.0
fixed133,mhealth319,qmf_calibrated,266,-33.8,1487.44,2.8,14,0,169.0,45.0,0,-45.0
fixed133,mhealth319,qmf_calibrated,532,-33.8,1487.44,2.8,14,0,169.0,45.0,0,-45.0
fixed133,har240,mean_transfer,0,0.0,3284.0199999999995,0.0,0,0,0.0,0.0,2,0.0
fixed133,har240,mean_transfer,130,0.0,3284.0199999999995,0.0,0,0,0.0,0.0,2,0.0
fixed133,har240,mean_transfer,133,6.6,3290.62,0.4,0,2,0.0,0.0,0,-4.0
fixed133,har240,mean_transfer,260,6.6,3290.62,0.4,0,2,0.0,0.0,0,-4.0
fixed133,har240,mean_transfer,266,6.6,3290.62,0.4,0,2,0.0,0.0,0,-4.0
fixed133,har240,mean_transfer,532,6.6,3290.62,0.4,0,2,0.0,0.0,0,-4.0
fixed133,har240,diagonal_transfer,0,0.0,3284.0199999999995,0.0,0,0,0.0,0.0,3,0.0
fixed133,har240,diagonal_transfer,130,0.0,3284.0199999999995,0.0,0,0,0.0,0.0,3,0.0
fixed133,har240,diagonal_transfer,133,9.4,3293.4199999999996,0.6,0,3,0.0,0.0,0,-4.0
fixed133,har240,diagonal_transfer,260,9.4,3293.4199999999996,0.6,0,3,0.0,0.0,0,-4.0
fixed133,har240,diagonal_transfer,266,9.4,3293.4199999999996,0.6,0,3,0.0,0.0,0,-4.0
fixed133,har240,diagonal_transfer,532,9.4,3293.4199999999996,0.6,0,3,0.0,0.0,0,-4.0
fixed133,har240,joint_transfer,0,0.0,3284.0199999999995,0.0,0,0,0.0,0.0,2,0.0
fixed133,har240,joint_transfer,130,0.0,3284.0199999999995,0.0,0,0,0.0,0.0,2,0.0
fixed133,har240,joint_transfer,133,6.6,3290.62,0.4,0,2,0.0,0.0,0,-4.0
fixed133,har240,joint_transfer,260,6.6,3290.62,0.4,0,2,0.0,0.0,0,-4.0
fixed133,har240,joint_transfer,266,6.6,3290.62,0.4,0,2,0.0,0.0,0,-4.0
fixed133,har240,joint_transfer,532,6.6,3290.62,0.4,0,2,0.0,0.0,0,-4.0
fixed133,har240,full_transfer,0,0.0,3284.0199999999995,0.0,0,0,0.0,0.0,3,0.0
fixed133,har240,full_transfer,130,0.0,3284.0199999999995,0.0,0,0,0.0,0.0,3,0.0
fixed133,har240,full_transfer,133,9.4,3293.4199999999996,0.6,0,3,0.0,0.0,0,-4.0
fixed133,har240,full_transfer,260,9.4,3293.4199999999996,0.6,0,3,0.0,0.0,0,-4.0
fixed133,har240,full_transfer,266,9.4,3293.4199999999996,0.6,0,3,0.0,0.0,0,-4.0
fixed133,har240,full_transfer,532,9.4,3293.4199999999996,0.6,0,3,0.0,0.0,0,-4.0
fixed133,har240,bound_only,0,0.0,3284.0199999999995,0.0,0,0,0.0,0.0,3,0.0
fixed133,har240,bound_only,130,0.0,3284.0199999999995,0.0,0,0,0.0,0.0,3,0.0
fixed133,har240,bound_only,133,9.4,3293.4199999999996,0.6,0,3,0.0,0.0,0,-4.0
fixed133,har240,bound_only,260,9.4,3293.4199999999996,0.6,0,3,0.0,0.0,0,-4.0
fixed133,har240,bound_only,266,9.4,3293.4199999999996,0.6,0,3,0.0,0.0,0,-4.0
fixed133,har240,bound_only,532,9.4,3293.4199999999996,0.6,0,3,0.0,0.0,0,-4.0
fixed133,har240,point_transfer,0,0.0,3284.0199999999995,0.0,0,0,0.0,0.0,13,0.0
fixed133,har240,point_transfer,130,0.0,3284.0199999999995,0.0,0,0,0.0,0.0,13,0.0
fixed133,har240,point_transfer,133,-5.6,3278.4199999999996,1.0,5,0,28.0,6.0,8,-6.0
fixed133,har240,point_transfer,260,4.2,3288.22,2.6,8,5,43.0,20.0,0,-19.0
fixed133,har240,point_transfer,266,4.2,3288.22,2.6,8,5,43.0,20.0,0,-19.0
fixed133,har240,point_transfer,532,4.2,3288.22,2.6,8,5,43.0,20.0,0,-19.0
fixed133,har240,kish_adaptive,0,0.0,3284.0199999999995,0.0,0,0,0.0,0.0,3,0.0
fixed133,har240,kish_adaptive,130,0.0,3284.0199999999995,0.0,0,0,0.0,0.0,3,0.0
fixed133,har240,kish_adaptive,133,9.4,3293.4199999999996,0.6,0,3,0.0,0.0,0,-4.0
fixed133,har240,kish_adaptive,260,9.4,3293.4199999999996,0.6,0,3,0.0,0.0,0,-4.0
fixed133,har240,kish_adaptive,266,9.4,3293.4199999999996,0.6,0,3,0.0,0.0,0,-4.0
fixed133,har240,kish_adaptive,532,9.4,3293.4199999999996,0.6,0,3,0.0,0.0,0,-4.0
fixed133,har240,pdf_point,0,0.0,3284.0199999999995,0.0,0,0,0.0,0.0,13,0.0
fixed133,har240,pdf_point,130,0.0,3284.0199999999995,0.0,0,0,0.0,0.0,13,0.0
fixed133,har240,pdf_point,133,-5.6,3278.4199999999996,1.0,5,0,28.0,6.0,8,-6.0
fixed133,har240,pdf_point,260,4.2,3288.22,2.6,8,5,43.0,20.0,0,-19.0
fixed133,har240,pdf_point,266,4.2,3288.22,2.6,8,5,43.0,20.0,0,-19.0
fixed133,har240,pdf_point,532,4.2,3288.22,2.6,8,5,43.0,20.0,0,-19.0
fixed133,har240,pdf_calibrated,0,0.0,3284.0199999999995,0.0,0,0,0.0,0.0,3,0.0
fixed133,har240,pdf_calibrated,130,0.0,3284.0199999999995,0.0,0,0,0.0,0.0,3,0.0
fixed133,har240,pdf_calibrated,133,9.4,3293.4199999999996,0.6,0,3,0.0,0.0,0,-4.0
fixed133,har240,pdf_calibrated,260,9.4,3293.4199999999996,0.6,0,3,0.0,0.0,0,-4.0
fixed133,har240,pdf_calibrated,266,9.4,3293.4199999999996,0.6,0,3,0.0,0.0,0,-4.0
fixed133,har240,pdf_calibrated,532,9.4,3293.4199999999996,0.6,0,3,0.0,0.0,0,-4.0
fixed133,har240,qmf_point,0,0.0,3284.0199999999995,0.0,0,0,0.0,0.0,12,0.0
fixed133,har240,qmf_point,130,0.0,3284.0199999999995,0.0,0,0,0.0,0.0,12,0.0
fixed133,har240,qmf_point,133,-5.6,3278.4199999999996,1.0,5,0,28.0,6.0,7,-6.0
fixed133,har240,qmf_point,260,5.2,3289.22,2.4,7,5,38.0,15.0,0,-19.0
fixed133,har240,qmf_point,266,5.2,3289.22,2.4,7,5,38.0,15.0,0,-19.0
fixed133,har240,qmf_point,532,5.2,3289.22,2.4,7,5,38.0,15.0,0,-19.0
fixed133,har240,qmf_calibrated,0,0.0,3284.0199999999995,0.0,0,0,0.0,0.0,3,0.0
fixed133,har240,qmf_calibrated,130,0.0,3284.0199999999995,0.0,0,0,0.0,0.0,3,0.0
fixed133,har240,qmf_calibrated,133,9.4,3293.4199999999996,0.6,0,3,0.0,0.0,0,-4.0
fixed133,har240,qmf_calibrated,260,9.4,3293.4199999999996,0.6,0,3,0.0,0.0,0,-4.0
fixed133,har240,qmf_calibrated,266,9.4,3293.4199999999996,0.6,0,3,0.0,0.0,0,-4.0
fixed133,har240,qmf_calibrated,532,9.4,3293.4199999999996,0.6,0,3,0.0,0.0,0,-4.0
fixed133,gas224,mean_transfer,0,0.0,7025.5,0.0,0,0,0.0,0.0,21,0.0
fixed133,gas224,mean_transfer,130,0.0,7025.5,0.0,0,0,0.0,0.0,21,0.0
fixed133,gas224,mean_transfer,133,240.80000000000055,7266.3,3.6,1,17,21.0,21.0,3,-2.0
fixed133,gas224,mean_transfer,260,273.2000000000007,7298.7,4.2,1,20,21.0,21.0,0,-2.0
fixed133,gas224,mean_transfer,266,273.2000000000007,7298.7,4.2,1,20,21.0,21.0,0,-2.0
fixed133,gas224,mean_transfer,532,273.2000000000007,7298.7,4.2,1,20,21.0,21.0,0,-2.0
fixed133,gas224,diagonal_transfer,0,0.0,7025.5,0.0,0,0,0.0,0.0,26,0.0
fixed133,gas224,diagonal_transfer,130,0.0,7025.5,0.0,0,0,0.0,0.0,26,0.0
fixed133,gas224,diagonal_transfer,133,252.40000000000055,7277.9,4.2,2,19,23.0,21.0,5,-2.0
fixed133,gas224,diagonal_transfer,260,307.80000000000075,7333.3,5.2,2,24,23.0,21.0,0,-2.0
fixed133,gas224,diagonal_transfer,266,307.80000000000075,7333.3,5.2,2,24,23.0,21.0,0,-2.0
fixed133,gas224,diagonal_transfer,532,307.80000000000075,7333.3,5.2,2,24,23.0,21.0,0,-2.0
fixed133,gas224,joint_transfer,0,0.0,7025.5,0.0,0,0,0.0,0.0,21,0.0
fixed133,gas224,joint_transfer,130,0.0,7025.5,0.0,0,0,0.0,0.0,21,0.0
fixed133,gas224,joint_transfer,133,240.80000000000055,7266.3,3.6,1,17,21.0,21.0,3,-2.0
fixed133,gas224,joint_transfer,260,273.2000000000007,7298.7,4.2,1,20,21.0,21.0,0,-2.0
fixed133,gas224,joint_transfer,266,273.2000000000007,7298.7,4.2,1,20,21.0,21.0,0,-2.0
fixed133,gas224,joint_transfer,532,273.2000000000007,7298.7,4.2,1,20,21.0,21.0,0,-2.0
fixed133,gas224,full_transfer,0,0.0,7025.5,0.0,0,0,0.0,0.0,27,0.0
fixed133,gas224,full_transfer,130,0.0,7025.5,0.0,0,0,0.0,0.0,27,0.0
fixed133,gas224,full_transfer,133,260.4000000000007,7285.9,4.4,2,20,23.0,21.0,5,-2.0
fixed133,gas224,full_transfer,260,315.8000000000009,7341.3,5.4,2,25,23.0,21.0,0,-2.0
fixed133,gas224,full_transfer,266,315.8000000000009,7341.3,5.4,2,25,23.0,21.0,0,-2.0
fixed133,gas224,full_transfer,532,315.8000000000009,7341.3,5.4,2,25,23.0,21.0,0,-2.0
fixed133,gas224,bound_only,0,0.0,7025.5,0.0,0,0,0.0,0.0,27,0.0
fixed133,gas224,bound_only,130,0.0,7025.5,0.0,0,0,0.0,0.0,27,0.0
fixed133,gas224,bound_only,133,260.4000000000007,7285.9,4.4,2,20,23.0,21.0,5,-2.0
fixed133,gas224,bound_only,260,315.8000000000009,7341.3,5.4,2,25,23.0,21.0,0,-2.0
fixed133,gas224,bound_only,266,315.8000000000009,7341.3,5.4,2,25,23.0,21.0,0,-2.0
fixed133,gas224,bound_only,532,315.8000000000009,7341.3,5.4,2,25,23.0,21.0,0,-2.0
fixed133,gas224,point_transfer,0,0.0,7025.5,0.0,0,0,0.0,0.0,56,0.0
fixed133,gas224,point_transfer,130,0.0,7025.5,0.0,0,0,0.0,0.0,56,0.0
fixed133,gas224,point_transfer,133,98.0,7123.5,2.0,5,5,115.0,26.0,46,-2.0
fixed133,gas224,point_transfer,260,446.0000000000009,7471.5,11.2,10,46,147.0,42.0,0,-2.0
fixed133,gas224,point_transfer,266,446.0000000000009,7471.5,11.2,10,46,147.0,42.0,0,-2.0
fixed133,gas224,point_transfer,532,446.0000000000009,7471.5,11.2,10,46,147.0,42.0,0,-2.0
fixed133,gas224,kish_adaptive,0,0.0,7025.5,0.0,0,0,0.0,0.0,26,0.0
fixed133,gas224,kish_adaptive,130,0.0,7025.5,0.0,0,0,0.0,0.0,26,0.0
fixed133,gas224,kish_adaptive,133,252.40000000000055,7277.9,4.2,2,19,23.0,21.0,5,-2.0
fixed133,gas224,kish_adaptive,260,307.80000000000075,7333.3,5.2,2,24,23.0,21.0,0,-2.0
fixed133,gas224,kish_adaptive,266,307.80000000000075,7333.3,5.2,2,24,23.0,21.0,0,-2.0
fixed133,gas224,kish_adaptive,532,307.80000000000075,7333.3,5.2,2,24,23.0,21.0,0,-2.0
fixed133,gas224,pdf_point,0,0.0,7025.5,0.0,0,0,0.0,0.0,41,0.0
fixed133,gas224,pdf_point,130,0.0,7025.5,0.0,0,0,0.0,0.0,41,0.0
fixed133,gas224,pdf_point,133,264.60000000000053,7290.1,4.8,4,20,35.0,20.0,17,-2.0
fixed133,gas224,pdf_point,260,403.0000000000009,7428.5,8.2,5,36,51.0,20.0,0,-2.0
fixed133,gas224,pdf_point,266,403.0000000000009,7428.5,8.2,5,36,51.0,20.0,0,-2.0
fixed133,gas224,pdf_point,532,403.0000000000009,7428.5,8.2,5,36,51.0,20.0,0,-2.0
fixed133,gas224,pdf_calibrated,0,0.0,7025.5,0.0,0,0,0.0,0.0,30,0.0
fixed133,gas224,pdf_calibrated,130,0.0,7025.5,0.0,0,0,0.0,0.0,30,0.0
fixed133,gas224,pdf_calibrated,133,360.4000000000009,7385.9,5.8,1,28,16.0,16.0,1,-2.0
fixed133,gas224,pdf_calibrated,260,363.60000000000093,7389.1,6.0,1,29,16.0,16.0,0,-2.0
fixed133,gas224,pdf_calibrated,266,363.60000000000093,7389.1,6.0,1,29,16.0,16.0,0,-2.0
fixed133,gas224,pdf_calibrated,532,363.60000000000093,7389.1,6.0,1,29,16.0,16.0,0,-2.0
fixed133,gas224,qmf_point,0,0.0,7025.5,0.0,0,0,0.0,0.0,43,0.0
fixed133,gas224,qmf_point,130,0.0,7025.5,0.0,0,0,0.0,0.0,43,0.0
fixed133,gas224,qmf_point,133,264.60000000000053,7290.1,4.8,4,20,35.0,20.0,19,-2.0
fixed133,gas224,qmf_point,260,402.60000000000093,7428.1,8.6,6,37,56.0,25.0,0,-2.0
fixed133,gas224,qmf_point,266,402.60000000000093,7428.1,8.6,6,37,56.0,25.0,0,-2.0
fixed133,gas224,qmf_point,532,402.60000000000093,7428.1,8.6,6,37,56.0,25.0,0,-2.0
fixed133,gas224,qmf_calibrated,0,0.0,7025.5,0.0,0,0,0.0,0.0,17,0.0
fixed133,gas224,qmf_calibrated,130,0.0,7025.5,0.0,0,0,0.0,0.0,17,0.0
fixed133,gas224,qmf_calibrated,133,258.00000000000057,7283.5,3.4,0,17,0.0,0.0,0,-2.0
fixed133,gas224,qmf_calibrated,260,258.00000000000057,7283.5,3.4,0,17,0.0,0.0,0,-2.0
fixed133,gas224,qmf_calibrated,266,258.00000000000057,7283.5,3.4,0,17,0.0,0.0,0,-2.0
fixed133,gas224,qmf_calibrated,532,258.00000000000057,7283.5,3.4,0,17,0.0,0.0,0,-2.0
fixed133,dsads256,mean_transfer,0,0.0,2803.76,0.0,0,0,0.0,0.0,5,0.0
fixed133,dsads256,mean_transfer,130,0.0,2803.76,0.0,0,0,0.0,0.0,5,0.0
fixed133,dsads256,mean_transfer,133,4.0,2807.76,1.0,0,5,0.0,0.0,0,-3.0
fixed133,dsads256,mean_transfer,260,4.0,2807.76,1.0,0,5,0.0,0.0,0,-3.0
fixed133,dsads256,mean_transfer,266,4.0,2807.76,1.0,0,5,0.0,0.0,0,-3.0
fixed133,dsads256,mean_transfer,532,4.0,2807.76,1.0,0,5,0.0,0.0,0,-3.0
fixed133,dsads256,diagonal_transfer,0,0.0,2803.76,0.0,0,0,0.0,0.0,5,0.0
fixed133,dsads256,diagonal_transfer,130,0.0,2803.76,0.0,0,0,0.0,0.0,5,0.0
fixed133,dsads256,diagonal_transfer,133,4.0,2807.76,1.0,0,5,0.0,0.0,0,-3.0
fixed133,dsads256,diagonal_transfer,260,4.0,2807.76,1.0,0,5,0.0,0.0,0,-3.0
fixed133,dsads256,diagonal_transfer,266,4.0,2807.76,1.0,0,5,0.0,0.0,0,-3.0
fixed133,dsads256,diagonal_transfer,532,4.0,2807.76,1.0,0,5,0.0,0.0,0,-3.0
fixed133,dsads256,joint_transfer,0,0.0,2803.76,0.0,0,0,0.0,0.0,5,0.0
fixed133,dsads256,joint_transfer,130,0.0,2803.76,0.0,0,0,0.0,0.0,5,0.0
fixed133,dsads256,joint_transfer,133,4.0,2807.76,1.0,0,5,0.0,0.0,0,-3.0
fixed133,dsads256,joint_transfer,260,4.0,2807.76,1.0,0,5,0.0,0.0,0,-3.0
fixed133,dsads256,joint_transfer,266,4.0,2807.76,1.0,0,5,0.0,0.0,0,-3.0
fixed133,dsads256,joint_transfer,532,4.0,2807.76,1.0,0,5,0.0,0.0,0,-3.0
fixed133,dsads256,full_transfer,0,0.0,2803.76,0.0,0,0,0.0,0.0,5,0.0
fixed133,dsads256,full_transfer,130,0.0,2803.76,0.0,0,0,0.0,0.0,5,0.0
fixed133,dsads256,full_transfer,133,4.0,2807.76,1.0,0,5,0.0,0.0,0,-3.0
fixed133,dsads256,full_transfer,260,4.0,2807.76,1.0,0,5,0.0,0.0,0,-3.0
fixed133,dsads256,full_transfer,266,4.0,2807.76,1.0,0,5,0.0,0.0,0,-3.0
fixed133,dsads256,full_transfer,532,4.0,2807.76,1.0,0,5,0.0,0.0,0,-3.0
fixed133,dsads256,bound_only,0,0.0,2803.76,0.0,0,0,0.0,0.0,5,0.0
fixed133,dsads256,bound_only,130,0.0,2803.76,0.0,0,0,0.0,0.0,5,0.0
fixed133,dsads256,bound_only,133,4.0,2807.76,1.0,0,5,0.0,0.0,0,-3.0
fixed133,dsads256,bound_only,260,4.0,2807.76,1.0,0,5,0.0,0.0,0,-3.0
fixed133,dsads256,bound_only,266,4.0,2807.76,1.0,0,5,0.0,0.0,0,-3.0
fixed133,dsads256,bound_only,532,4.0,2807.76,1.0,0,5,0.0,0.0,0,-3.0
fixed133,dsads256,point_transfer,0,0.0,2803.76,0.0,0,0,0.0,0.0,11,0.0
fixed133,dsads256,point_transfer,130,0.0,2803.76,0.0,0,0,0.0,0.0,11,0.0
fixed133,dsads256,point_transfer,133,-2.4,2801.36,1.2,3,3,25.0,9.0,5,-9.0
fixed133,dsads256,point_transfer,260,-6.2,2797.5600000000004,2.2,6,5,51.0,33.0,0,-33.0
fixed133,dsads256,point_transfer,266,-6.2,2797.5600000000004,2.2,6,5,51.0,33.0,0,-33.0
fixed133,dsads256,point_transfer,532,-6.2,2797.5600000000004,2.2,6,5,51.0,33.0,0,-33.0
fixed133,dsads256,kish_adaptive,0,0.0,2803.76,0.0,0,0,0.0,0.0,5,0.0
fixed133,dsads256,kish_adaptive,130,0.0,2803.76,0.0,0,0,0.0,0.0,5,0.0
fixed133,dsads256,kish_adaptive,133,4.0,2807.76,1.0,0,5,0.0,0.0,0,-3.0
fixed133,dsads256,kish_adaptive,260,4.0,2807.76,1.0,0,5,0.0,0.0,0,-3.0
fixed133,dsads256,kish_adaptive,266,4.0,2807.76,1.0,0,5,0.0,0.0,0,-3.0
fixed133,dsads256,kish_adaptive,532,4.0,2807.76,1.0,0,5,0.0,0.0,0,-3.0
fixed133,dsads256,pdf_point,0,0.0,2803.76,0.0,0,0,0.0,0.0,12,0.0
fixed133,dsads256,pdf_point,130,0.0,2803.76,0.0,0,0,0.0,0.0,12,0.0
fixed133,dsads256,pdf_point,133,-2.2,2801.5600000000004,1.4,3,4,29.0,11.0,5,-7.0
fixed133,dsads256,pdf_point,260,-8.8,2794.96,2.4,7,5,64.0,33.0,0,-33.0
fixed133,dsads256,pdf_point,266,-8.8,2794.96,2.4,7,5,64.0,33.0,0,-33.0
fixed133,dsads256,pdf_point,532,-8.8,2794.96,2.4,7,5,64.0,33.0,0,-33.0
fixed133,dsads256,pdf_calibrated,0,0.0,2803.76,0.0,0,0,0.0,0.0,5,0.0
fixed133,dsads256,pdf_calibrated,130,0.0,2803.76,0.0,0,0,0.0,0.0,5,0.0
fixed133,dsads256,pdf_calibrated,133,4.0,2807.76,1.0,0,5,0.0,0.0,0,-3.0
fixed133,dsads256,pdf_calibrated,260,4.0,2807.76,1.0,0,5,0.0,0.0,0,-3.0
fixed133,dsads256,pdf_calibrated,266,4.0,2807.76,1.0,0,5,0.0,0.0,0,-3.0
fixed133,dsads256,pdf_calibrated,532,4.0,2807.76,1.0,0,5,0.0,0.0,0,-3.0
fixed133,dsads256,qmf_point,0,0.0,2803.76,0.0,0,0,0.0,0.0,14,0.0
fixed133,dsads256,qmf_point,130,0.0,2803.76,0.0,0,0,0.0,0.0,14,0.0
fixed133,dsads256,qmf_point,133,-5.0,2798.76,1.4,4,3,38.0,11.0,7,-9.0
fixed133,dsads256,qmf_point,260,-11.8,2791.96,2.8,9,5,79.0,33.0,0,-33.0
fixed133,dsads256,qmf_point,266,-11.8,2791.96,2.8,9,5,79.0,33.0,0,-33.0
fixed133,dsads256,qmf_point,532,-11.8,2791.96,2.8,9,5,79.0,33.0,0,-33.0
fixed133,dsads256,qmf_calibrated,0,0.0,2803.76,0.0,0,0,0.0,0.0,9,0.0
fixed133,dsads256,qmf_calibrated,130,0.0,2803.76,0.0,0,0,0.0,0.0,9,0.0
fixed133,dsads256,qmf_calibrated,133,-3.0,2800.76,1.4,3,4,33.0,11.0,2,-11.0
fixed133,dsads256,qmf_calibrated,260,-4.6,2799.1600000000003,1.8,4,5,43.0,21.0,0,-21.0
fixed133,dsads256,qmf_calibrated,266,-4.6,2799.1600000000003,1.8,4,5,43.0,21.0,0,-21.0
fixed133,dsads256,qmf_calibrated,532,-4.6,2799.1600000000003,1.8,4,5,43.0,21.0,0,-21.0
