arm,mean_paid_increment,mean_service_net,admissions,beneficial,harmful,zero,negative_loss,covered,coverage_n,coverage_percent,max_excess,mean_excess,total_excess,budget_refused,budget_binding_chains,maximum_chain_loss,minimum_chain_prefix,issued_covered,issued_n,ready_covered,ready_n
paired,-103.19999999999993,9575.48,25,12,13,0,1090.0,4,25,16.0,193.2457299306306,73.95062997311906,1848.7657493279762,0,0,130.0,-130.0,598,710,162,246
marginal,-103.19999999999993,9575.48,25,12,13,0,1090.0,4,25,16.0,193.2308129218872,75.162806531922,1879.0701632980501,0,0,130.0,-130.0,597,710,161,246
factorized,-103.19999999999993,9575.48,25,12,13,0,1090.0,4,25,16.0,193.27610396977678,75.25546303914253,1881.3865759785635,0,0,130.0,-130.0,597,710,161,246
zero_increment,-103.19999999999993,9575.48,25,12,13,0,1090.0,4,25,16.0,193.744371062945,74.37669711033972,1859.417427758493,0,0,130.0,-130.0,598,710,162,246
legacy_factorized,-103.19999999999993,9575.48,25,12,13,0,1090.0,4,25,16.0,193.7442062964069,74.43485953328218,1860.8714883320545,0,0,130.0,-130.0,598,710,162,246
legacy_sandwich,-65.39999999999993,9613.279999999999,23,12,11,0,901.0,4,23,17.391304347826086,194.5249846324167,71.11200390699025,1635.576089860776,0,0,130.0,-130.0,604,710,163,246
kde_aligned,-61.399999999999956,9617.279999999999,19,10,9,0,647.0,3,19,15.789473684210526,176.84453395986924,64.6604783165481,1228.549088014414,0,0,130.0,-130.0,617,710,173,246
pdf,198.80000000000004,9877.48,62,41,21,0,991.0,19,62,30.64516129032258,226.81550205595502,45.73156784713606,2835.3572065224357,5,5,130.0,-130.0,580,710,417,528
qmf,226.20000000000005,9904.88,62,41,21,0,1048.0,20,62,32.25806451612903,234.37604216310788,46.560079195530996,2886.7249101229218,3,3,130.0,-130.0,587,710,424,528
dbf,-15.8,9662.88,11,5,6,0,395.0,3,11,27.272727272727273,136.18579494699358,43.480537557346125,478.2859131308074,0,0,130.0,-130.0,595,710,440,528
