arm,budget,mean_paid_increment,admissions,beneficial,harmful,negative_loss,refused,binding_chains,maximum_chain_loss,minimum_chain_prefix
paired,0.0,0.0,0,0,0,0,25,23,0,0.0
paired,110.0,0.0,0,0,0,0,25,23,0,0.0
paired,130.0,-103.19999999999993,25,12,13,1090.0,0,0,130.0,-130.0
paired,260.0,-103.19999999999993,25,12,13,1090.0,0,0,130.0,-130.0
marginal,0.0,0.0,0,0,0,0,25,23,0,0.0
marginal,110.0,0.0,0,0,0,0,25,23,0,0.0
marginal,130.0,-103.19999999999993,25,12,13,1090.0,0,0,130.0,-130.0
marginal,260.0,-103.19999999999993,25,12,13,1090.0,0,0,130.0,-130.0
factorized,0.0,0.0,0,0,0,0,25,23,0,0.0
factorized,110.0,0.0,0,0,0,0,25,23,0,0.0
factorized,130.0,-103.19999999999993,25,12,13,1090.0,0,0,130.0,-130.0
factorized,260.0,-103.19999999999993,25,12,13,1090.0,0,0,130.0,-130.0
zero_increment,0.0,0.0,0,0,0,0,25,23,0,0.0
zero_increment,110.0,0.0,0,0,0,0,25,23,0,0.0
zero_increment,130.0,-103.19999999999993,25,12,13,1090.0,0,0,130.0,-130.0
zero_increment,260.0,-103.19999999999993,25,12,13,1090.0,0,0,130.0,-130.0
legacy_factorized,0.0,0.0,0,0,0,0,25,23,0,0.0
legacy_factorized,110.0,0.0,0,0,0,0,25,23,0,0.0
legacy_factorized,130.0,-103.19999999999993,25,12,13,1090.0,0,0,130.0,-130.0
legacy_factorized,260.0,-103.19999999999993,25,12,13,1090.0,0,0,130.0,-130.0
legacy_sandwich,0.0,0.0,0,0,0,0,23,22,0,0.0
legacy_sandwich,110.0,0.0,0,0,0,0,23,22,0,0.0
legacy_sandwich,130.0,-65.39999999999993,23,12,11,901.0,0,0,130.0,-130.0
legacy_sandwich,260.0,-65.39999999999993,23,12,11,901.0,0,0,130.0,-130.0
kde_aligned,0.0,0.0,0,0,0,0,19,19,0,0.0
kde_aligned,110.0,0.0,0,0,0,0,19,19,0,0.0
kde_aligned,130.0,-61.399999999999956,19,10,9,647.0,0,0,130.0,-130.0
kde_aligned,260.0,-61.399999999999956,19,10,9,647.0,0,0,130.0,-130.0
pdf,0.0,0.0,0,0,0,0,67,50,0,0.0
pdf,110.0,0.0,0,0,0,0,67,50,0,0.0
pdf,130.0,198.80000000000004,62,41,21,991.0,5,5,130.0,-130.0
pdf,260.0,137.2000000000001,67,41,26,1299.0,0,0,144.0,-144.0
qmf,0.0,0.0,0,0,0,0,65,49,0,0.0
qmf,110.0,0.0,0,0,0,0,65,49,0,0.0
qmf,130.0,226.20000000000005,62,41,21,1048.0,3,3,130.0,-130.0
qmf,260.0,177.00000000000009,65,41,24,1294.0,0,0,144.0,-144.0
dbf,0.0,0.0,0,0,0,0,11,11,0,0.0
dbf,110.0,0.0,0,0,0,0,11,11,0,0.0
dbf,130.0,-15.8,11,5,6,395.0,0,0,130.0,-130.0
dbf,260.0,-15.8,11,5,6,395.0,0,0,130.0,-130.0
