control,person,seed,k,paired_action,control_action,D,paired_score,control_score
legacy_sandwich,53,152003,36,True,False,-59.0,0.062277939848134345,-6.529676773084361
legacy_sandwich,61,152002,36,True,False,-130.0,8.196219375732989,-6.568843894740397
kde_aligned,53,152001,12,True,False,117.0,7.968093142742923,-26.882805013043072
kde_aligned,53,152003,36,True,False,-59.0,0.062277939848134345,-30.06577355313637
kde_aligned,60,152004,12,True,False,117.0,39.297787840385396,-2.4624780266455626
kde_aligned,61,152002,36,True,False,-130.0,8.196219375732989,-41.409998599112356
kde_aligned,61,152004,36,True,False,-130.0,15.89822341831627,-35.97456487235736
kde_aligned,63,152001,28,True,False,-124.0,10.17804612782131,-6.912177005749496
pdf,51,152005,36,False,True,51.0,-34.194994150366625,21.246048917153423
pdf,52,152001,20,False,True,28.0,-16.506343693777062,24.72784462422691
pdf,52,152003,20,False,True,15.0,-20.517925195582677,4.609423078479743
pdf,52,152004,20,False,True,28.0,-16.735530322284866,28.88579128242995
pdf,53,152001,28,False,True,12.0,-16.55281170339903,42.96212571867502
pdf,53,152002,28,False,True,-1.0,-16.35948762720332,7.000704778880337
pdf,53,152003,12,False,True,117.0,-10.451031254416499,62.368207295127846
pdf,53,152003,28,False,True,-2.0,-17.44720762141163,0.11884135926541362
pdf,53,152003,36,True,False,-59.0,0.062277939848134345,27.75290565994912
pdf,53,152004,12,False,True,116.0,-14.661666005214446,52.62527976337978
pdf,53,152005,28,False,True,13.0,-2.500274314486568,52.27843966274017
pdf,54,152005,36,False,True,122.0,-48.3938097298082,70.24605972131964
pdf,55,152002,28,False,True,-20.0,-21.276782837575006,32.35605413938127
pdf,55,152003,20,False,True,-41.0,-20.484122784285734,9.161906834023519
pdf,55,152004,28,False,True,-20.0,-21.371974911626584,33.251887537367594
pdf,55,152005,28,False,True,-16.0,-14.728518995284794,52.316753847714246
pdf,56,152001,20,False,True,1.0,-26.920584650102086,12.445733411147355
pdf,56,152001,36,False,True,23.0,-21.013997611825886,2.074353667928582
pdf,56,152002,36,False,True,-13.0,-9.689609804450967,8.247432143880808
pdf,56,152004,20,False,True,-3.0,-26.633966656789294,15.23178235859329
pdf,57,152001,12,False,True,92.0,-4.42879296433494,70.58914795347194
pdf,57,152002,12,False,True,92.0,-26.784335099899067,38.094761732069344
pdf,57,152003,12,False,True,92.0,-32.336757200568854,55.73816139658307
pdf,57,152004,12,False,True,92.0,-24.118457031460668,53.406725516720115
pdf,57,152005,12,False,True,92.0,-27.327574399988645,40.66680140044629
pdf,60,152001,12,False,True,117.0,-20.896703713356253,83.64825738499798
pdf,60,152001,20,False,True,6.0,-32.00295464315921,12.998933465895085
pdf,60,152001,36,False,True,33.0,-14.958903448503643,58.335604026048316
pdf,60,152002,36,False,True,15.0,-23.578897030795336,7.191543005959296
pdf,60,152004,20,False,True,6.0,-30.913011813042175,13.554380285383388
pdf,60,152004,36,False,True,17.0,-23.459159896141635,9.605102203698518
pdf,60,152005,36,False,True,27.0,-47.19135182564812,28.841099438099633
pdf,61,152001,28,False,True,31.0,-15.38860114261948,90.39036539627222
pdf,61,152005,36,False,True,122.0,-23.61604006589511,39.80327511556088
pdf,62,152002,28,False,True,13.0,-12.301174258149583,42.21543507048082
pdf,62,152003,28,False,True,12.0,-14.457838844836996,26.017810682204342
pdf,62,152004,28,False,True,9.0,-10.965259427868414,49.47262351176326
pdf,62,152005,28,False,True,17.0,-9.582159198257823,66.97768888965012
pdf,63,152001,20,False,True,-20.0,-17.533926403102427,2.1467439758683717
pdf,63,152001,28,True,False,-124.0,10.17804612782131,62.31138972453222
pdf,63,152004,20,False,True,-25.0,-15.561799594531998,9.431398492143789
pdf,63,152004,28,True,False,-101.0,26.11191672603577,60.21566323627505
pdf,63,152005,20,False,True,-24.0,-18.762948776766784,3.5256788156922525
qmf,51,152005,36,False,True,51.0,-34.194994150366625,20.221228671253307
qmf,52,152001,20,False,True,28.0,-16.506343693777062,23.001133870617483
qmf,52,152004,20,False,True,28.0,-16.735530322284866,26.112927566347047
qmf,53,152001,28,False,True,12.0,-16.55281170339903,39.62794796246358
qmf,53,152002,12,False,True,115.0,-36.11739329889602,20.95170513331105
qmf,53,152002,28,False,True,-1.0,-16.35948762720332,4.184542239856281
qmf,53,152003,12,False,True,117.0,-10.451031254416499,68.42507260289995
qmf,53,152004,12,False,True,116.0,-14.661666005214446,72.31452997915443
qmf,53,152005,12,False,True,117.0,-37.454544496715556,21.932419967755344
qmf,53,152005,28,False,True,13.0,-2.500274314486568,48.76306983963938
qmf,54,152005,36,False,True,122.0,-48.3938097298082,80.70623948978215
qmf,55,152002,28,False,True,-20.0,-21.276782837575006,32.12651596258336
qmf,55,152003,20,False,True,-41.0,-20.484122784285734,7.8501977227041415
qmf,55,152004,28,False,True,-20.0,-21.371974911626584,33.04745663001678
qmf,55,152005,28,False,True,-16.0,-14.728518995284794,48.08128277798632
qmf,56,152001,20,False,True,1.0,-26.920584650102086,13.765162915892944
qmf,56,152002,36,False,True,-13.0,-9.689609804450967,0.23687620632773942
qmf,56,152004,20,False,True,-3.0,-26.633966656789294,16.889264146962134
qmf,57,152001,12,False,True,92.0,-4.42879296433494,74.82119829288662
qmf,57,152002,12,False,True,92.0,-26.784335099899067,57.75363099919072
qmf,57,152003,12,False,True,92.0,-32.336757200568854,49.462743055251664
qmf,57,152004,12,False,True,92.0,-24.118457031460668,61.12234728112823
qmf,57,152005,12,False,True,92.0,-27.327574399988645,57.80217782725927
qmf,60,152001,12,False,True,117.0,-20.896703713356253,89.48948097395615
qmf,60,152001,20,False,True,6.0,-32.00295464315921,11.08379248129555
qmf,60,152001,36,False,True,33.0,-14.958903448503643,63.309112258347696
qmf,60,152002,36,False,True,15.0,-23.578897030795336,6.206147734126599
qmf,60,152004,20,False,True,6.0,-30.913011813042175,12.084064205760559
qmf,60,152004,36,False,True,17.0,-23.459159896141635,8.915201312531892
qmf,60,152005,36,False,True,27.0,-47.19135182564812,16.03489832576787
qmf,61,152001,28,False,True,31.0,-15.38860114261948,98.97409416490346
qmf,61,152005,36,False,True,122.0,-23.61604006589511,52.119523715451066
qmf,62,152002,28,False,True,13.0,-12.301174258149583,42.50234965566413
qmf,62,152003,28,False,True,12.0,-14.457838844836996,25.786583645597464
qmf,62,152004,28,False,True,9.0,-10.965259427868414,50.29083863270234
qmf,62,152005,28,False,True,17.0,-9.582159198257823,67.35859749460161
qmf,63,152001,20,False,True,-20.0,-17.533926403102427,1.220129770503867
qmf,63,152001,28,True,False,-124.0,10.17804612782131,62.67658484021766
qmf,63,152004,20,False,True,-25.0,-15.561799594531998,8.77006183757485
qmf,63,152004,28,True,False,-101.0,26.11191672603577,61.12517372431674
qmf,63,152005,20,False,True,-24.0,-18.762948776766784,3.43701360134542
dbf,53,152001,12,True,False,117.0,7.968093142742923,-35.399905003960335
dbf,53,152003,36,True,False,-59.0,0.062277939848134345,-20.060083002209375
dbf,54,152001,28,True,False,26.0,45.65195786460032,-4.392120150165514
dbf,54,152003,28,True,False,14.0,37.50972644363106,-2.3411474869379205
dbf,54,152004,28,True,False,12.0,26.029637537741007,-7.3342676389139605
dbf,58,152001,28,True,False,-52.0,43.00099330034996,-3.2299176433331525
dbf,60,152001,12,False,True,117.0,-20.896703713356253,2.522939955035312
dbf,60,152004,12,True,False,117.0,39.297787840385396,-3.6909338703581653
dbf,61,152002,28,True,False,31.0,31.230945044965573,-5.384362366695868
dbf,61,152002,36,True,False,-130.0,8.196219375732989,-30.438788713007888
dbf,61,152003,28,True,False,29.0,26.77352305744504,-4.743524684043557
dbf,61,152004,28,True,False,29.0,34.68705781836447,-1.7892888782295842
dbf,61,152004,36,True,False,-130.0,15.89822341831627,-26.922268457972905
dbf,63,152001,28,True,False,-124.0,10.17804612782131,-17.483900118940777
dbf,63,152002,28,True,False,-99.0,26.43321954314518,-9.658184513645617
dbf,63,152004,28,True,False,-101.0,26.11191672603577,-9.795960913569836
