category,name,slots,complete_windows,fallback_windows,infeasible_slots,resource_violations,future_information_violations,weight_or_mask_violations,training_recommendation_fraction,mean_disagreement,maximum_source_weight,next_degradation_pairs,weighted_next_prediction_mae,weighted_next_prediction_rmse,raw_gamma_next_degradation_mae,causal_policy_return_evaluated,calibration_prefix_sha256
ablation,full,1200,24,4,0,0,0,0,0.041666666666666664,0.017913290706856492,0.7,16,0.06304707034333604,0.15853629057952404,0.10547903580156451,False,84e02b9f17ee44ea7aac1eda1eb7b5b9fc851bfdffd519cf2bf412fabf1fe375
ablation,workload_only,1200,24,4,0,0,0,0,0.08333333333333333,0.0,1.0,16,0.08753619468490059,0.1931743066533792,0.08753619468490059,False,84e02b9f17ee44ea7aac1eda1eb7b5b9fc851bfdffd519cf2bf412fabf1fe375
ablation,operating_only,1200,24,4,0,0,0,0,0.7075,0.0,1.0,16,0.26321687156637286,0.38777053952331897,0.26321687156637286,False,84e02b9f17ee44ea7aac1eda1eb7b5b9fc851bfdffd519cf2bf412fabf1fe375
ablation,performance_only,1200,24,6,0,0,0,0,0.041666666666666664,0.0,1.0,16,0.030783815471780406,0.08049775768906679,0.030783815471780406,False,84e02b9f17ee44ea7aac1eda1eb7b5b9fc851bfdffd519cf2bf412fabf1fe375
ablation,equal_weights,1200,24,4,0,0,0,0,0.08333333333333333,0.016237144079296793,0.5,16,0.06626154206517099,0.1610568548349728,0.12639712890985988,False,84e02b9f17ee44ea7aac1eda1eb7b5b9fc851bfdffd519cf2bf412fabf1fe375
ablation,fixed_weights,1200,24,4,0,0,0,0,0.08333333333333333,0.014819486591850341,0.5714285714285715,16,0.06638260077365965,0.1623506988206808,0.12251103548736397,False,84e02b9f17ee44ea7aac1eda1eb7b5b9fc851bfdffd519cf2bf412fabf1fe375
ablation,uncapped_weights,1200,24,4,0,0,0,0,0.041666666666666664,0.0179038556931183,0.76826833476526,16,0.06304707034333604,0.15853629057952404,0.10547903580156451,False,84e02b9f17ee44ea7aac1eda1eb7b5b9fc851bfdffd519cf2bf412fabf1fe375
ablation,no_predictive_calibration,1200,24,4,0,0,0,0,0.041666666666666664,0.018240404768058327,0.7,16,0.11098393891648696,0.20634296513196046,0.11098393891648696,False,84e02b9f17ee44ea7aac1eda1eb7b5b9fc851bfdffd519cf2bf412fabf1fe375
ablation,no_support,1200,24,4,0,0,0,0,0.041666666666666664,0.017895370090875898,0.7,16,0.06284250427526088,0.15797809594432044,0.10483460495163487,False,84e02b9f17ee44ea7aac1eda1eb7b5b9fc851bfdffd519cf2bf412fabf1fe375
ablation,no_freshness,1200,24,4,0,0,0,0,0.041666666666666664,0.017913290706856492,0.7,16,0.06304707034333604,0.15853629057952404,0.10547903580156451,False,84e02b9f17ee44ea7aac1eda1eb7b5b9fc851bfdffd519cf2bf412fabf1fe375
ablation,no_noise_weighting,1200,24,4,0,0,0,0,0.08333333333333333,0.015933281249928207,0.5181235721510931,16,0.06613906503349821,0.16150730832234686,0.12080630355466512,False,84e02b9f17ee44ea7aac1eda1eb7b5b9fc851bfdffd519cf2bf412fabf1fe375
ablation,no_disagreement_penalty,1200,24,4,0,0,0,0,0.08333333333333333,0.017913290706856492,0.7,16,0.06304707034333604,0.15853629057952404,0.10547903580156451,False,84e02b9f17ee44ea7aac1eda1eb7b5b9fc851bfdffd519cf2bf412fabf1fe375
ablation,no_delayed_value,1200,24,4,0,0,0,0,0.0,0.017913290706856492,0.7,16,0.06304707034333604,0.15853629057952404,0.10547903580156451,False,84e02b9f17ee44ea7aac1eda1eb7b5b9fc851bfdffd519cf2bf412fabf1fe375
stress,performance_outage,1200,24,4,0,0,0,0,0.041666666666666664,0.01806892601851987,0.7,13,0.07639119802380553,0.17588642107227118,0.12367367103165054,False,84e02b9f17ee44ea7aac1eda1eb7b5b9fc851bfdffd519cf2bf412fabf1fe375
stress,all_sources_outage,1200,24,6,0,0,0,0,0.041666666666666664,0.017553060515158727,0.7,15,0.06372779596486168,0.16308874324579858,0.08185062223501192,False,84e02b9f17ee44ea7aac1eda1eb7b5b9fc851bfdffd519cf2bf412fabf1fe375
stress,operating_noise,1200,24,4,0,0,0,0,0.041666666666666664,0.019060153279752214,0.7,16,0.06207313466035157,0.158213790913715,0.10577040588463527,False,84e02b9f17ee44ea7aac1eda1eb7b5b9fc851bfdffd519cf2bf412fabf1fe375
stress,source_conflict,1200,24,4,0,0,0,0,0.08333333333333333,0.031284066650237405,0.7,16,0.10959721547874827,0.18941207990305173,0.2093751659613724,False,84e02b9f17ee44ea7aac1eda1eb7b5b9fc851bfdffd519cf2bf412fabf1fe375
