seed,family,tau,mode,k,utility,category,action,baseline_action,score,baseline_score
88001,product_to_joint,0.75,fixed_proposal,164,22.0,kept_gain,True,False,0.08194876745577595,-3.0971098346443857
88001,product_to_joint,0.75,guarded130,164,22.0,kept_gain,True,False,0.08194876745577595,-3.0971098346443857
88002,product_to_joint,0.75,fixed_proposal,164,38.0,kept_gain,True,False,0.20740423455153145,-5.428625827921805
88002,product_to_joint,0.75,guarded130,164,38.0,kept_gain,True,False,0.20740423455153145,-5.428625827921805
88004,product_to_joint,0.75,fixed_proposal,164,28.0,kept_gain,True,False,0.009252565205017937,-5.087483060494032
88004,product_to_joint,0.75,guarded130,164,28.0,kept_gain,True,False,0.009252565205017937,-5.087483060494032
88001,product_to_joint,1.0,fixed_proposal,84,6.0,kept_gain,True,False,0.0208118910092292,-0.26100823772097836
88001,product_to_joint,1.0,fixed_proposal,164,22.0,kept_gain,True,False,0.5550022294222536,-3.0971098346443857
88001,product_to_joint,1.0,guarded130,84,6.0,kept_gain,True,False,0.0208118910092292,-0.26100823772097836
88001,product_to_joint,1.0,guarded130,164,22.0,kept_gain,True,False,0.5550022294222536,-3.0971098346443857
88002,product_to_joint,1.0,fixed_proposal,164,38.0,kept_gain,True,False,0.6375681663827883,-5.428625827921805
88002,product_to_joint,1.0,guarded130,164,38.0,kept_gain,True,False,0.6375681663827883,-5.428625827921805
88004,product_to_joint,1.0,fixed_proposal,164,28.0,kept_gain,True,False,0.5372929714007872,-5.087483060494032
88004,product_to_joint,1.0,guarded130,164,28.0,kept_gain,True,False,0.5372929714007872,-5.087483060494032
88005,product_to_joint,1.0,fixed_proposal,164,19.0,kept_gain,True,False,0.4668706839553085,-3.2146977645335877
88001,product_to_joint_diagP,0.75,fixed_proposal,164,22.0,kept_gain,True,False,0.07592158340606137,-3.0971098346443857
88001,product_to_joint_diagP,0.75,guarded130,164,22.0,kept_gain,True,False,0.07592158340606137,-3.0971098346443857
88002,product_to_joint_diagP,0.75,fixed_proposal,164,38.0,kept_gain,True,False,0.4933893609675648,-5.428625827921805
88002,product_to_joint_diagP,0.75,guarded130,164,38.0,kept_gain,True,False,0.4933893609675648,-5.428625827921805
88001,product_to_joint_diagP,1.0,fixed_proposal,84,6.0,kept_gain,True,False,0.020017303680982756,-0.26100823772097836
88001,product_to_joint_diagP,1.0,fixed_proposal,164,22.0,kept_gain,True,False,0.5638767350813181,-3.0971098346443857
88001,product_to_joint_diagP,1.0,guarded130,84,6.0,kept_gain,True,False,0.020017303680982756,-0.26100823772097836
88001,product_to_joint_diagP,1.0,guarded130,164,22.0,kept_gain,True,False,0.5638767350813181,-3.0971098346443857
88002,product_to_joint_diagP,1.0,fixed_proposal,164,38.0,kept_gain,True,False,0.9591544547531035,-5.428625827921805
88002,product_to_joint_diagP,1.0,guarded130,164,38.0,kept_gain,True,False,0.9591544547531035,-5.428625827921805
88004,product_to_joint_diagP,1.0,fixed_proposal,164,28.0,kept_gain,True,False,0.5131801506194096,-5.087483060494032
88004,product_to_joint_diagP,1.0,guarded130,164,28.0,kept_gain,True,False,0.5131801506194096,-5.087483060494032
88005,product_to_joint_diagP,1.0,fixed_proposal,164,19.0,kept_gain,True,False,0.4559979465340973,-3.2146977645335877
88002,gaussian_to_joint,0.5,fixed_proposal,164,38.0,kept_gain,True,False,0.03393640844704837,-0.5568348327036787
88002,gaussian_to_joint,0.5,guarded130,164,38.0,kept_gain,True,False,0.03393640844704837,-0.5568348327036787
88001,gaussian_to_joint,0.75,fixed_proposal,164,22.0,kept_gain,True,False,0.10824900797250514,-1.255564686498143
88001,gaussian_to_joint,0.75,guarded130,164,22.0,kept_gain,True,False,0.10824900797250514,-1.255564686498143
88002,gaussian_to_joint,0.75,fixed_proposal,164,38.0,kept_gain,True,False,0.33411864594528584,-0.5568348327036787
88002,gaussian_to_joint,0.75,guarded130,164,38.0,kept_gain,True,False,0.33411864594528584,-0.5568348327036787
88001,gaussian_to_joint,1.0,fixed_proposal,84,6.0,kept_gain,True,False,0.0208118910092292,-0.4349653882629614
88001,gaussian_to_joint,1.0,fixed_proposal,164,22.0,kept_gain,True,False,0.5550022294222536,-1.255564686498143
88001,gaussian_to_joint,1.0,guarded130,84,6.0,kept_gain,True,False,0.0208118910092292,-0.4349653882629614
88001,gaussian_to_joint,1.0,guarded130,164,22.0,kept_gain,True,False,0.5550022294222536,-1.255564686498143
88002,gaussian_to_joint,1.0,fixed_proposal,164,38.0,kept_gain,True,False,0.6375681663827883,-0.5568348327036787
88002,gaussian_to_joint,1.0,guarded130,164,38.0,kept_gain,True,False,0.6375681663827883,-0.5568348327036787
88004,gaussian_to_joint,1.0,fixed_proposal,164,28.0,kept_gain,True,False,0.5372929714007872,-2.085566950956941
88004,gaussian_to_joint,1.0,guarded130,164,28.0,kept_gain,True,False,0.5372929714007872,-2.085566950956941
88005,gaussian_to_joint,1.0,fixed_proposal,164,19.0,kept_gain,True,False,0.4668706839553085,-1.48445183382773
