seed,family,tau,k,q,F,S,score,proposal,utility,truegross,mean,variance,effective_joint_mass,log_evidence,log_evidence_ratio
88001,product_to_joint,0.0,84,0.007798710127542605,4.822442845782009,10.700626403366917,-0.26100823772097836,False,6.0,9.0,0.03767533473267195,0.006888733241237377,0.0,1.9042009742483748,0.1059326470099653
88001,product_to_joint,0.25,84,0.007798710127542605,4.9005637579209065,10.95524526659767,-0.18487302428942165,False,6.0,9.0,0.03828565435875708,0.007225280691608315,0.2703831232776509,1.9317546108136199,0.1059326470099653
88001,product_to_joint,0.5,84,0.007798710127542605,4.974550757634738,11.190547579037126,-0.11272107910264673,False,6.0,9.0,0.03886367779402139,0.007543332221599955,0.5264584239474633,1.9585693580859664,0.1059326470099653
88001,product_to_joint,0.75,84,0.007798710127542605,5.044723517318268,11.40879291152907,-0.04425035150391032,False,6.0,9.0,0.039411902479048966,0.007844369854623775,0.7693323153647895,1.9846838120123738,0.1059326470099653
88001,product_to_joint,1.0,84,0.007798710127542605,5.1113695775687304,11.611880051763919,0.0208118910092292,True,6.0,9.0,0.03993257482475571,0.008129721578158743,1.0,2.01013362125834,0.1059326470099653
88001,product_to_joint_diagP,0.0,84,0.007798710127542605,4.822442845782009,10.700626403366917,-0.26100823772097836,False,6.0,9.0,0.03767533473267195,0.006888733241237377,0.0,1.9042009742483748,0.1009264197878541
88001,product_to_joint_diagP,0.25,84,0.007798710127542605,4.899967765307466,10.941167339517909,-0.18535922723037146,False,6.0,9.0,0.038280998166464575,0.007206466232381188,0.269396650370946,1.930403481663408,0.1009264197878541
88001,product_to_joint_diagP,0.5,84,0.007798710127542605,4.973583845982775,11.164285835556049,-0.11348318302975624,False,6.0,9.0,0.03885612379674043,0.007507499891235195,0.5252102090145496,1.9559369118817829,0.1009264197878541
88001,product_to_joint_diagP,0.75,84,0.007798710127542605,5.043579446166696,11.3719301917732,-0.04510694098959345,False,6.0,9.0,0.03940296442317731,0.007793115007724784,0.7684427121332382,1.980834585411137,0.1009264197878541
88001,product_to_joint_diagP,1.0,84,0.007798710127542605,5.110215241684886,11.565750813759875,0.020017303680982756,True,6.0,9.0,0.03992355657566317,0.008064464836791211,1.0,2.005127394036229,0.1009264197878541
88001,gaussian_to_joint,0.0,84,0.007798710127542605,4.654333397734238,11.450455849336421,-0.4349653882629614,False,6.0,9.0,0.03636197966979873,0.007902498727881024,0.0,1.9842462011787054,0.025887420079634627
88001,gaussian_to_joint,0.25,84,0.007798710127542605,4.7708251718243435,11.493541726586626,-0.3188096284401212,False,6.0,9.0,0.037272071654877684,0.007962835780077386,0.25488523497700183,1.990781154182789,0.025887420079634627
88001,gaussian_to_joint,0.5,84,0.007798710127542605,4.885809194370374,11.53475845941338,-0.20414704324581123,False,6.0,9.0,0.03817038433101855,0.008020767377747104,0.5064714936133976,1.9972736786942975,0.025887420079634627
88001,gaussian_to_joint,0.75,84,0.007798710127542605,4.999314549368894,11.574180894662843,-0.09094913239232305,False,6.0,9.0,0.03905714491694449,0.00807637105605337,0.7548224120015785,2.003724322099217,0.025887420079634627
88001,gaussian_to_joint,1.0,84,0.007798710127542605,5.1113695775687304,11.611880051763919,0.0208118910092292,True,6.0,9.0,0.03993257482475571,0.008129721578158743,1.0,2.01013362125834,0.025887420079634627
88001,product_to_joint,0.0,164,0.0049999999999999975,1.9684067100690226,13.103308942681684,-3.0971098346443857,False,22.0,27.0,0.015378177422414239,0.010379535232382922,0.0,1.0985675513990936,0.8096297994148665
88001,product_to_joint,0.25,164,0.0049999999999999975,3.551882121049004,17.672021125161734,-1.5364779845768046,False,22.0,27.0,0.027749079070695345,0.01896129947803727,0.42825298877442813,1.3699441524550506,0.8096297994148665
88001,product_to_joint,0.5,164,0.0049999999999999975,4.527206030075486,19.90999491840535,-0.5723439445165406,False,22.0,27.0,0.03536879710996473,0.024094817971858327,0.692030611191218,1.5831752587713979,0.8096297994148665
88001,product_to_joint,0.75,164,0.0049999999999999975,5.188289609027558,21.268168314356416,0.08194876745577595,True,22.0,27.0,0.0405335125705278,0.027508336392077285,0.870821526763888,1.7588335076143622,0.8096297994148665
88001,product_to_joint,1.0,164,0.0049999999999999975,5.665930025695057,22.185559254560683,0.5550022294222536,True,22.0,27.0,0.044265078325742634,0.02994144527817524,1.0,1.90819735081396,0.8096297994148665
88001,product_to_joint_diagP,0.0,164,0.0049999999999999975,1.9684067100690226,13.103308942681684,-3.0971098346443857,False,22.0,27.0,0.015378177422414239,0.010379535232382922,0.0,1.0985675513990936,0.7766332094676303
88001,product_to_joint_diagP,0.25,164,0.0049999999999999975,3.525427803098472,17.502235181057817,-1.5620833728068173,False,22.0,27.0,0.02754240471170681,0.018596791768375122,0.420193506948276,1.3559463427261873,0.7766332094676303
88001,product_to_joint_diagP,0.5,164,0.0049999999999999975,4.506494212218129,19.714675847717746,-0.5920791670204597,False,22.0,27.0,0.035206986032954135,0.023622439195592378,0.6849540402786635,1.5604571177613287,0.7766332094676303
88001,product_to_joint_diagP,0.75,164,0.0049999999999999975,5.1813003108439,21.075745487567755,0.07592158340606137,True,22.0,27.0,0.04047890867846797,0.027011025870161902,0.8670640594435002,1.7301611070213152,0.7766332094676303
88001,product_to_joint_diagP,1.0,164,0.0049999999999999975,5.673892557143553,22.00316441244699,0.5638767350813181,True,22.0,27.0,0.04432728560268401,0.02944951441413413,1.0,1.8752007608667238,0.7766332094676303
88001,gaussian_to_joint,0.0,164,0.0049999999999999975,3.8503865829953945,21.190253898707446,-1.255564686498143,False,22.0,27.0,0.03008114517965152,0.02730642457834999,0.0,1.890506103542386,0.017691247271574007
88001,gaussian_to_joint,0.25,164,0.0049999999999999975,4.310321394521314,21.46129623109687,-0.7969850866341703,False,22.0,27.0,0.03367438589469777,0.02801201391106523,0.2533317577033606,1.8949583436752788,0.017691247271574007
88001,gaussian_to_joint,0.5,164,0.0049999999999999975,4.766187901915147,21.716995011568386,-0.34239707314269463,False,22.0,27.0,0.03723584298371209,0.02868588087966835,0.5044226964671152,1.8993908491967462,0.017691247271574007
88001,gaussian_to_joint,0.75,164,0.0049999999999999975,5.218039846119966,21.95816762949221,0.10824900797250514,True,22.0,27.0,0.040765936297812236,0.029328779641411108,0.7533024167633844,1.9038037942828683,0.017691247271574007
88001,gaussian_to_joint,1.0,164,0.0049999999999999975,5.665930025695057,22.185559254560683,0.5550022294222536,True,22.0,27.0,0.044265078325742634,0.02994144527817524,1.0,1.90819735081396,0.017691247271574007
88002,product_to_joint,0.0,164,0.0049999999999999975,-0.3373595487836808,18.25325582762494,-5.428625827921805,False,38.0,43.0,-0.0026356214748725062,0.020235775653608637,0.0,-0.21505562640747033,1.479308220688869
88002,product_to_joint,0.25,164,0.0049999999999999975,3.3282581891796346,32.475635211224635,-1.8341199868764884,False,38.0,43.0,0.026002017102965895,0.06427175795730794,0.5940409423037941,0.39876526871895424,1.479308220688869
88002,product_to_joint,0.5,164,0.0049999999999999975,4.688436465181365,36.27048542222949,-0.49291596192978293,False,38.0,43.0,0.03662840988422941,0.08019468461695325,0.8144680687902999,0.7763254688795671,1.479308220688869
88002,product_to_joint,0.75,164,0.0049999999999999975,5.397807550319305,38.08066315355469,0.20740423455153145,True,38.0,43.0,0.04217037148686957,0.08840933265469347,0.9294269919464666,1.0497575422472556,1.479308220688869
88002,product_to_joint,1.0,164,0.0049999999999999975,5.833288763346813,39.144119392804875,0.6375681663827883,True,38.0,43.0,0.045572568463646976,0.09342185565418472,1.0,1.2642525942813987,1.479308220688869
88002,product_to_joint_diagP,0.0,164,0.0049999999999999975,-0.3373595487836808,18.25325582762494,-5.428625827921805,False,38.0,43.0,-0.0026356214748725062,0.020235775653608637,0.0,-0.21505562640747033,1.4490574510315133
88002,product_to_joint_diagP,0.25,164,0.0049999999999999975,3.4716076628539176,32.30974409164524,-1.6899410576043086,False,38.0,43.0,0.02712193486604623,0.06361579365647002,0.5867255254667362,0.38090562065455025,1.4490574510315133
88002,product_to_joint_diagP,0.5,164,0.0049999999999999975,4.920132507457966,36.14682505599791,-0.2606016178220232,False,38.0,43.0,0.03843853521451536,0.07964810556817127,0.8098533323969876,0.7517567628899338,1.4490574510315133
88002,product_to_joint_diagP,0.75,164,0.0049999999999999975,5.683343601187253,37.99084804393758,0.4933893609675648,True,38.0,43.0,0.04440112188427541,0.08799231781601294,0.927416809615222,1.0216719338327058,1.4490574510315133
88002,product_to_joint_diagP,1.0,164,0.0049999999999999975,6.154546881582699,39.078485365919164,0.9591544547531035,True,38.0,43.0,0.04808239751236484,0.09310849722255606,1.0,1.234001824624043,1.4490574510315133
88002,gaussian_to_joint,0.0,164,0.0049999999999999975,4.637707675033082,38.908501547352074,-0.5568348327036787,False,38.0,43.0,0.03623209121119595,0.09229938309694205,0.0,1.2857084234128697,-0.021455829131471038
88002,gaussian_to_joint,0.25,164,0.0049999999999999975,4.931819007070631,38.96999724802835,-0.26303097916951046,False,38.0,43.0,0.038529835992739306,0.09259169223091658,0.2459986486172728,1.2803874696520916,-0.021455829131471038
88002,gaussian_to_joint,0.5,164,0.0049999999999999975,5.22908541931457,39.029802173504365,0.03393640844704837,True,38.0,43.0,0.04085222983839508,0.09287640733049843,0.49463624848363513,1.2750380518188589,-0.021455829131471038
88002,gaussian_to_joint,0.75,164,0.0049999999999999975,5.529557954745485,39.08786176003986,0.33411864594528584,True,38.0,43.0,0.0431996715214491,0.09315323101635657,0.745955492630188,1.2696598637414387,-0.021455829131471038
88002,gaussian_to_joint,1.0,164,0.0049999999999999975,5.833288763346813,39.144119392804875,0.6375681663827883,True,38.0,43.0,0.045572568463646976,0.09342185565418472,1.0,1.2642525942813987,-0.021455829131471038
88004,product_to_joint,0.0,164,0.05500000000000001,0.6814178935556612,13.980017346358048,-5.087483060494032,False,28.0,33.0,0.005323577293403603,0.011828764953886227,0.0,0.7921065316243343,1.2121740795706772
88004,product_to_joint,0.25,164,0.05500000000000001,4.070458179994427,22.94811903439167,-2.1916883668971154,False,28.0,33.0,0.03180045453120646,0.03204210004984187,0.5283599760910114,1.2559637047529186,1.2121740795706772
88004,product_to_joint,0.5,164,0.05500000000000001,5.624784562668664,25.900203484975638,-0.7997266290049971,False,28.0,33.0,0.043943629395848935,0.040843636508980964,0.7706834013018571,1.5716110542367718,1.2121740795706772
88004,product_to_joint,0.75,164,0.05500000000000001,6.5168998051573475,27.411767999133264,0.009252565205017937,True,28.0,33.0,0.05091327972779178,0.04576212309804117,0.9097664302283314,1.811165921238631,1.2121740795706772
88004,product_to_joint,1.0,164,0.05500000000000001,7.095681728435906,28.33434103700216,0.5372929714007872,True,28.0,33.0,0.05543501350340552,0.048901152465890184,1.0,2.0042806111950116,1.2121740795706772
88004,product_to_joint_diagP,0.0,164,0.05500000000000001,0.6814178935556612,13.980017346358048,-5.087483060494032,False,28.0,33.0,0.005323577293403603,0.011828764953886227,0.0,0.7921065316243343,1.1646450849961072
88004,product_to_joint_diagP,0.25,164,0.05500000000000001,3.9758369461868783,22.65063883405906,-2.26994818968637,False,28.0,33.0,0.031061226142084987,0.031214174779723162,0.5165022032631228,1.231132980175805,1.1646450849961072
88004,product_to_joint_diagP,0.5,164,0.05500000000000001,5.542822584153939,25.622347419592046,-0.866406523923624,False,28.0,33.0,0.043303301438702646,0.03996986616761933,0.7621757261397089,1.5351825742108836,1.1646450849961072
88004,product_to_joint_diagP,0.75,164,0.05500000000000001,6.458828189822327,27.167776138145516,-0.035399497775676636,False,28.0,33.0,0.05045959523298693,0.04494932008620538,0.9057879703535167,1.7680195728040928,1.1646450849961072
88004,product_to_joint_diagP,1.0,164,0.05500000000000001,7.059743158807114,28.11932742159463,0.5131801506194096,True,28.0,33.0,0.05515424342818058,0.04816028897966575,1.0,1.9567516166204415,1.1646450849961072
88004,gaussian_to_joint,0.0,164,0.05500000000000001,4.393489301068634,26.891931855010448,-2.085566950956941,False,28.0,33.0,0.0343241351645987,0.044039160088777195,0.0,1.9787938433079257,0.025486767887085815
88004,gaussian_to_joint,0.25,164,0.05500000000000001,5.082032659555794,27.29212882807138,-1.4190344259881322,False,28.0,33.0,0.03970338015277964,0.04536266454883086,0.2548091510855146,1.9852266912258552,0.025486767887085815
88004,gaussian_to_joint,0.5,164,0.05500000000000001,5.761802120601116,27.664745424596468,-0.7597588777516897,False,28.0,33.0,0.04501407906719622,0.046612532922835154,0.5063713470863441,1.9916184219710837,0.025486767887085815
88004,gaussian_to_joint,0.75,164,0.05500000000000001,6.432964327102563,28.01160469706114,-0.10767393123579971,False,28.0,33.0,0.05025753380548877,0.047791235211451275,0.7547482575180549,1.997969557828657,0.025486767887085815
88004,gaussian_to_joint,1.0,164,0.05500000000000001,7.095681728435906,28.33434103700216,0.5372929714007872,True,28.0,33.0,0.05543501350340552,0.048901152465890184,1.0,2.0042806111950116,0.025486767887085815
88005,product_to_joint,0.0,164,0.0049999999999999975,1.8498229166849776,12.904136243713019,-3.2146977645335877,False,19.0,24.0,0.014451741536601387,0.010063374767841061,0.0,1.206734595659456,0.7586824121866833
88005,product_to_joint,0.25,164,0.0049999999999999975,3.397931822460265,16.948463746521302,-1.6868104962723414,False,19.0,24.0,0.02654634236297082,0.017432374473092465,0.4158265110061971,1.4566097932833308,0.7586824121866833
88005,product_to_joint,0.5,164,0.0049999999999999975,4.3854159910890225,19.019945752379634,-0.7096837376728757,False,19.0,24.0,0.03426106243038299,0.021979976588346196,0.6810676028847512,1.6563635350241,0.7586824121866833
88005,product_to_joint,0.75,164,0.0049999999999999975,5.070120893122831,20.304578627223545,-0.03140200001328708,False,19.0,24.0,0.03961031947752212,0.025063324782049756,0.8649813116809497,1.8227823126711291,0.7586824121866833
88005,product_to_joint,1.0,164,0.0049999999999999975,5.572791185421014,21.184100293141203,0.4668706839553085,True,19.0,24.0,0.04353743113610167,0.027290509352408763,1.0,1.9654170078461393,0.7586824121866833
88005,product_to_joint_diagP,0.0,164,0.0049999999999999975,1.8498229166849776,12.904136243713019,-3.2146977645335877,False,19.0,24.0,0.014451741536601387,0.010063374767841061,0.0,1.206734595659456,0.7277608322689311
88005,product_to_joint_diagP,0.25,164,0.0049999999999999975,3.3652361262066175,16.793001559773124,-1.7187288815922481,False,19.0,24.0,0.0262909072359892,0.01711221321939347,0.40833529571584476,1.443867705656742,0.7277608322689311
88005,product_to_joint_diagP,0.5,164,0.0049999999999999975,4.352334736938587,18.835086993951922,-0.7418406980311723,False,19.0,24.0,0.034002615132332714,0.021552862675154837,0.6743137104355977,1.6354080779744002,0.7277608322689311
88005,product_to_joint_diagP,0.75,164,0.0049999999999999975,5.046385893871027,20.118394360179813,-0.05420607792987209,False,19.0,24.0,0.0394248897958674,0.024603966774396663,0.861329095168448,1.7960919787065341,0.7277608322689311
88005,product_to_joint_diagP,1.0,164,0.0049999999999999975,5.561021104598167,21.00463161281392,0.4559979465340973,True,19.0,24.0,0.04344547737967318,0.026828378246461303,1.0,1.934495427928387,0.7277608322689311
88005,gaussian_to_joint,0.0,164,0.0049999999999999975,3.6155328069916512,19.996928163876223,-1.48445183382773,False,19.0,24.0,0.028246350054622275,0.02430656347602699,0.0,1.9417804598113637,0.02363654803477555
88005,gaussian_to_joint,0.25,164,0.0049999999999999975,4.113572836098555,20.32348577118703,-0.9880445927573795,False,19.0,24.0,0.03213728778201996,0.0251102095881129,0.2544579880692943,1.9477421796929573,0.02363654803477555
88005,gaussian_to_joint,0.5,164,0.0049999999999999975,4.605727165688987,20.629301493642362,-0.4974193417792252,False,19.0,24.0,0.03598224348194521,0.025874614264867857,0.5059088619111882,1.9536685680035073,0.02363654803477555
88005,gaussian_to_joint,0.75,164,0.0049999999999999975,5.0920995162499905,20.915760138629928,-0.012479284443158711,False,19.0,24.0,0.03978202747070305,0.026600990123089634,0.7544056142670533,1.9595600410554415,0.02363654803477555
88005,gaussian_to_joint,1.0,164,0.0049999999999999975,5.572791185421014,21.184100293141203,0.4668706839553085,True,19.0,24.0,0.04353743113610167,0.027290509352408763,1.0,1.9654170078461393,0.02363654803477555
