family,tau,unguarded_mean_increment,guarded_mean_increment,admissions,beneficial,harmful,negative_loss,covered,refused
product_to_joint,0.0,16.8,16.8,12,9,1,1.0,8,0
product_to_joint,0.25,16.8,16.8,12,9,1,1.0,8,0
product_to_joint,0.5,16.8,16.8,12,9,1,1.0,8,0
product_to_joint,0.75,34.4,34.4,15,12,1,1.0,11,0
product_to_joint,1.0,39.4,35.6,16,13,1,1.0,11,1
product_to_joint_diagP,0.0,16.8,16.8,12,9,1,1.0,8,0
product_to_joint_diagP,0.25,16.8,16.8,12,9,1,1.0,8,0
product_to_joint_diagP,0.5,16.8,16.8,12,9,1,1.0,8,0
product_to_joint_diagP,0.75,28.8,28.8,14,11,1,1.0,10,0
product_to_joint_diagP,1.0,39.4,35.6,16,13,1,1.0,11,1
gaussian_to_joint,0.0,16.8,16.8,12,9,1,1.0,5,0
gaussian_to_joint,0.25,16.8,16.8,12,9,1,1.0,5,0
gaussian_to_joint,0.5,24.4,24.4,13,10,1,1.0,8,0
gaussian_to_joint,0.75,28.8,28.8,14,11,1,1.0,9,0
gaussian_to_joint,1.0,39.4,35.6,16,13,1,1.0,11,1
