task,arm,bandwidth,zeta,mean_increment,admissions,beneficial,harmful,negative_loss,admitted_covered,admitted_count,admitted_max_excess,admitted_total_excess
rss,paired,0.25,0.0,44.8,14,13,0,0.0,8,14,3.4773914579999463,9.792190771142185
rss,paired,0.25,0.5,44.8,14,13,0,0.0,9,14,3.2436098704721363,8.888038474115707
rss,paired,0.25,1.0,44.8,14,13,0,0.0,9,14,3.106488168745079,8.424993554356146
rss,paired,0.5,0.0,44.8,14,13,0,0.0,8,14,3.4773914579999463,9.792190771142185
rss,paired,0.5,0.5,44.8,14,13,0,0.0,9,14,3.2269660455490285,8.856399374688824
rss,paired,0.5,1.0,44.8,14,13,0,0.0,9,14,3.0805985660179704,8.377165527492775
rss,paired,1.0,0.0,44.8,14,13,0,0.0,8,14,3.4773914579999463,9.792190771142185
rss,paired,1.0,0.5,44.8,14,13,0,0.0,9,14,3.193344188646014,8.834252046619918
rss,paired,1.0,1.0,44.8,14,13,0,0.0,9,14,3.0268797265665324,8.363278342836413
rss,marginal,0.25,0.0,44.8,14,13,0,0.0,8,14,3.4773914579999463,9.792190771142185
rss,marginal,0.25,0.5,44.8,14,13,0,0.0,9,14,3.2998275166179774,11.461413817181175
rss,marginal,0.25,1.0,37.2,14,12,0,0.0,8,14,3.248407705199755,13.387322801140598
rss,marginal,0.5,0.0,44.8,14,13,0,0.0,8,14,3.4773914579999463,9.792190771142185
rss,marginal,0.5,0.5,44.8,14,13,0,0.0,9,14,3.287166013535243,11.37665882503618
rss,marginal,0.5,1.0,37.2,14,12,0,0.0,8,14,3.2250446590237427,13.186231353014438
rss,marginal,1.0,0.0,44.8,14,13,0,0.0,8,14,3.4773914579999463,9.792190771142185
rss,marginal,1.0,0.5,44.8,14,13,0,0.0,9,14,3.261528620528047,11.07420268457986
rss,marginal,1.0,1.0,44.8,14,13,0,0.0,9,14,3.1728403919131285,12.37978795245185
rss,factorized,0.25,0.0,44.8,14,13,0,0.0,8,14,3.4773914579999463,9.792190771142185
rss,factorized,0.25,0.5,44.8,14,13,0,0.0,8,14,3.6157147231322924,12.068986951955823
rss,factorized,0.25,1.0,44.8,14,13,0,0.0,8,14,3.6948369377855563,13.620362316844709
rss,factorized,0.5,0.0,44.8,14,13,0,0.0,8,14,3.4773914579999463,9.792190771142185
rss,factorized,0.5,0.5,44.8,14,13,0,0.0,8,14,3.6063712849408915,11.973647513789317
rss,factorized,0.5,1.0,44.8,14,13,0,0.0,8,14,3.6849019113983523,13.508015709248086
rss,factorized,1.0,0.0,44.8,14,13,0,0.0,8,14,3.4773914579999463,9.792190771142185
rss,factorized,1.0,0.5,44.8,14,13,0,0.0,8,14,3.573948035527362,11.638713194873933
rss,factorized,1.0,1.0,44.8,14,13,0,0.0,8,14,3.6413082479447247,13.048451903740903
rss,zero_increment,0.25,0.0,44.8,14,13,0,0.0,8,14,3.4773914579999463,9.792190771142185
rss,zero_increment,0.25,0.5,44.8,14,13,0,0.0,8,14,3.4773914579999463,9.792190771142185
rss,zero_increment,0.25,1.0,44.8,14,13,0,0.0,8,14,3.4773914579999463,9.792190771142185
rss,zero_increment,0.5,0.0,44.8,14,13,0,0.0,8,14,3.4773914579999463,9.792190771142185
rss,zero_increment,0.5,0.5,44.8,14,13,0,0.0,8,14,3.4773914579999463,9.792190771142185
rss,zero_increment,0.5,1.0,44.8,14,13,0,0.0,8,14,3.4773914579999463,9.792190771142185
rss,zero_increment,1.0,0.0,44.8,14,13,0,0.0,8,14,3.4773914579999463,9.792190771142185
rss,zero_increment,1.0,0.5,44.8,14,13,0,0.0,8,14,3.4773914579999463,9.792190771142185
rss,zero_increment,1.0,1.0,44.8,14,13,0,0.0,8,14,3.4773914579999463,9.792190771142185
gas,paired,0.25,0.0,904.2,45,45,0,0.0,42,45,14.504199102664053,29.196874642909087
gas,paired,0.25,0.5,855.4,43,43,0,0.0,40,43,14.504918691208587,26.470908542082242
gas,paired,0.25,1.0,904.2,45,45,0,0.0,42,45,14.505638228391817,23.93665060321389
gas,paired,0.5,0.0,904.2,45,45,0,0.0,42,45,14.504199102664053,29.196874642909087
gas,paired,0.5,0.5,879.8,44,44,0,0.0,41,44,14.504756037823249,27.065639325854285
gas,paired,0.5,1.0,904.2,45,45,0,0.0,42,45,14.505312942034024,25.05203932717842
gas,paired,1.0,0.0,904.2,45,45,0,0.0,42,45,14.504199102664053,29.196874642909087
gas,paired,1.0,0.5,904.2,45,45,0,0.0,42,45,14.504450719823403,28.19369000166335
gas,paired,1.0,1.0,904.2,45,45,0,0.0,42,45,14.50470233060144,27.216136873658108
gas,marginal,0.25,0.0,904.2,45,45,0,0.0,42,45,14.504199102664053,29.196874642909087
gas,marginal,0.25,0.5,904.2,45,45,0,0.0,42,45,14.504929024203449,24.44446079621345
gas,marginal,0.25,1.0,904.2,45,45,0,0.0,42,45,14.505658894744165,20.266659746617613
gas,marginal,0.5,0.0,904.2,45,45,0,0.0,42,45,14.504199102664053,29.196874642909087
gas,marginal,0.5,0.5,879.8,44,44,0,0.0,41,44,14.50477348056787,25.440273058623667
gas,marginal,0.5,1.0,879.8,44,44,0,0.0,41,44,14.50534782701336,22.033609540133874
gas,marginal,1.0,0.0,904.2,45,45,0,0.0,42,45,14.504199102664053,29.196874642909087
gas,marginal,1.0,0.5,879.8,44,44,0,0.0,41,44,14.504468585939783,27.3837585393241
gas,marginal,1.0,1.0,855.4,43,43,0,0.0,40,43,14.504738062249913,25.65938112287698
gas,factorized,0.25,0.0,904.2,45,45,0,0.0,42,45,14.504199102664053,29.196874642909087
gas,factorized,0.25,0.5,904.2,45,45,0,0.0,42,45,14.504929024203449,24.448845740395342
gas,factorized,0.25,1.0,904.2,45,45,0,0.0,42,45,14.505658894744165,20.27492832211673
gas,factorized,0.5,0.0,904.2,45,45,0,0.0,42,45,14.504199102664053,29.196874642909087
gas,factorized,0.5,0.5,879.8,44,44,0,0.0,41,44,14.50477348056787,25.444123982650687
gas,factorized,0.5,1.0,879.8,44,44,0,0.0,41,44,14.50534782701336,22.040992266829882
gas,factorized,1.0,0.0,904.2,45,45,0,0.0,42,45,14.504199102664053,29.196874642909087
gas,factorized,1.0,0.5,879.8,44,44,0,0.0,41,44,14.504468585939783,27.38638388399422
gas,factorized,1.0,1.0,855.4,43,43,0,0.0,40,43,14.504738062249913,25.66450737685082
gas,zero_increment,0.25,0.0,904.2,45,45,0,0.0,42,45,14.504199102664053,29.196874642909087
gas,zero_increment,0.25,0.5,904.2,45,45,0,0.0,42,45,14.504199102664053,29.196874642909087
gas,zero_increment,0.25,1.0,904.2,45,45,0,0.0,42,45,14.504199102664053,29.196874642909087
gas,zero_increment,0.5,0.0,904.2,45,45,0,0.0,42,45,14.504199102664053,29.196874642909087
gas,zero_increment,0.5,0.5,904.2,45,45,0,0.0,42,45,14.504199102664053,29.196874642909087
gas,zero_increment,0.5,1.0,904.2,45,45,0,0.0,42,45,14.504199102664053,29.196874642909087
gas,zero_increment,1.0,0.0,904.2,45,45,0,0.0,42,45,14.504199102664053,29.196874642909087
gas,zero_increment,1.0,0.5,904.2,45,45,0,0.0,42,45,14.504199102664053,29.196874642909087
gas,zero_increment,1.0,1.0,904.2,45,45,0,0.0,42,45,14.504199102664053,29.196874642909087
